# Alias OBJ Model File
# Exported from SketchUp, (c) 2000-2012 Trimble Navigation Limited
# File units = meters

mtllib Studio-grame-sept2026.mtl

g Mesh1 Group1 Model

usemtl Lettres_Noires8
v -1.31642 2.29842 -3.64353
vt 0 0
vn 0 3.82857e-16 -1
v -1.31642 2.35332 -3.64353
vt 0 2.16132
v -1.30524 2.35332 -3.64353
vt -0.439994 2.16132
v -1.30524 2.30775 -3.64353
vt -0.439994 0.367157
v -1.27746 2.30775 -3.64353
vt -1.53403 0.367157
v -1.27746 2.29842 -3.64353
vt -1.53403 0
f 1/1/1 2/2/1 3/3/1 4/4/1 5/5/1 6/6/1 

vt -2.16132 0
vn -1 0 0
v -1.31642 2.29842 -3.64153
vt 0 0.0787402
v -1.31642 2.35332 -3.64153
vt -2.16132 0.0787402
f 2/7/2 1/1/2 7/8/2 8/9/2 

vn 0 -1 -3.82857e-16
vt 1.53403 0
v -1.27746 2.29842 -3.64153
vt 1.53403 0.0787402
f 1/1/3 6/10/3 9/11/3 7/8/3 

vn 1 0 -0
vt 0.367157 0
v -1.27746 2.30775 -3.64153
vt 0.367157 0.0787402
f 6/1/4 5/12/4 10/13/4 9/8/4 

vn 0 1 3.82857e-16
vt -0.439994 0
v -1.30524 2.30775 -3.64153
vt -0.439994 0.0787402
vt -1.53403 0.0787402
f 5/6/5 4/14/5 11/15/5 10/16/5 

vt 2.16132 0
v -1.30524 2.35332 -3.64153
vt 2.16132 0.0787402
f 4/12/4 3/17/4 12/18/4 11/13/4 

f 3/14/5 2/1/5 8/8/5 12/15/5 

vn 0 -3.82857e-16 1
vt 1.53403 0.367157
vt 0.439994 0.367157
vt 0.439994 2.16132
f 8/2/6 7/1/6 9/10/6 10/19/6 11/20/6 12/21/6 

g Mesh2 Group2 Model

v 1.26358 2.35378 -3.64353
vt 0 2.17916
v 1.27476 2.34441 -3.64353
vt -0.439994 1.81051
v 1.26358 2.29842 -3.64353
f 13/22/1 14/23/1 15/1/1

v 1.2871 2.35378 -3.64353
vt -0.926067 2.17916
f 14/23/1 13/22/1 16/24/1

vt -0.926067 0
vn 0.0243159 0.999704 3.82744e-16
v 1.26358 2.35378 -3.64153
v 1.2871 2.35378 -3.64153
vt -0.926067 0.0787402
f 16/25/7 13/1/5 17/8/5 18/26/7 

vt -2.17916 0
v 1.26358 2.29842 -3.64153
vt -2.17916 0.0787402
f 13/27/2 15/1/2 19/8/2 17/28/2 

v 1.27476 2.29842 -3.64353
vt 0.439994 0
v 1.27476 2.29842 -3.64153
vt 0.439994 0.0787402
f 15/1/3 20/29/3 21/30/3 19/8/3 

f 14/23/1 20/14/1 15/1/1

v 1.27476 2.33037 -3.64353
vt -0.439994 1.25755
f 20/14/1 14/23/1 22/31/1

vt 1.25755 0
vt 1.81051 0
v 1.27476 2.34441 -3.64153
vt 1.81051 0.0787402
v 1.27476 2.33037 -3.64153
vt 1.25755 0.0787402
f 22/32/4 14/33/4 23/34/4 24/35/4 

v 1.28348 2.34441 -3.64353
vt 0.783367 0
vn -0.0115717 -0.999933 -3.82831e-16
v 1.28348 2.34441 -3.64153
vt 0.783367 0.0787402
f 14/29/3 25/36/8 26/37/8 23/30/3 

vt -0.783367 1.81051
f 14/23/1 16/24/1 25/38/1

v 1.29163 2.34422 -3.64353
vt -1.10444 1.80308
f 25/38/1 16/24/1 27/39/1

v 1.29476 2.3534 -3.64353
vt -1.22763 2.16448
f 27/39/1 16/24/1 28/40/1

vt -1.12095 0
vn 0.129226 0.991615 3.79647e-16
vt -0.819027 0
vt -0.819027 0.0787402
v 1.29476 2.3534 -3.64153
vt -1.12095 0.0787402
f 28/41/9 16/42/7 18/43/7 29/44/9 

vt 0.926067 2.17916
v 1.29163 2.34422 -3.64153
vt 1.10444 1.80308
vt 1.22763 2.16448
f 18/45/6 30/46/6 29/47/6

vt 0.783367 1.81051
f 18/45/6 26/48/6 30/46/6

vt 0.439994 1.81051
f 18/45/6 23/49/6 26/48/6

f 17/22/6 23/49/6 18/45/6

f 17/22/6 21/29/6 23/49/6

f 21/29/6 17/22/6 19/1/6

v 1.27476 2.32153 -3.64153
vt 0.439994 0.909716
f 23/49/6 21/29/6 31/50/6

v 1.27476 2.32153 -3.64353
vt 0.909716 0
vt 0.909716 0.0787402
f 20/1/4 32/51/4 31/52/4 21/8/4 

vt -0.439994 0.909716
f 20/14/1 22/31/1 32/53/1

v 1.28302 2.33037 -3.64353
vt -0.765529 1.25755
f 33/54/1 32/53/1 22/31/1

v 1.27702 2.32153 -3.64353
vt -0.529181 0.909716
f 32/53/1 33/54/1 34/55/1

v 1.28265 2.32091 -3.64353
vt -0.750665 0.88519
f 34/55/1 33/54/1 35/56/1

v 1.28601 2.31861 -3.64353
vt -0.88296 0.794515
f 35/56/1 33/54/1 36/57/1

v 1.28956 2.33054 -3.64353
vt -1.02269 1.26424
f 36/57/1 33/54/1 37/58/1

vt -1.05522 0
vn -0.0849776 0.996383 3.81472e-16
vt -0.79797 0
vn -0.0130024 0.999915 3.82825e-16
v 1.28302 2.33037 -3.64153
vt -0.79797 0.0787402
v 1.28956 2.33054 -3.64153
vt -1.05522 0.0787402
f 37/59/10 33/60/11 38/61/11 39/62/10 

vt -0.765529 0
vt -0.765529 0.0787402
f 33/63/11 22/14/5 24/15/5 38/64/11 

vt 0.439994 1.25755
v 1.27702 2.32153 -3.64153
vt 0.529181 0.909716
vt 0.765529 1.25755
f 24/65/6 40/66/6 38/67/6

f 40/66/6 24/65/6 31/50/6

f 23/49/6 31/50/6 24/65/6

vt 0.529181 0
vn -0.0551165 -0.99848 -3.82275e-16
vt 0.529181 0.0787402
f 32/29/3 34/68/12 40/69/12 31/30/3 

vt 0.425838 0
vt 0.648675 0
vn -0.348127 -0.937447 -3.58908e-16
v 1.28265 2.32091 -3.64153
vt 0.648675 0.0787402
vt 0.425838 0.0787402
f 34/70/12 35/71/13 41/72/13 40/73/12 

vt 0.118747 0
vt 0.279134 0
vn -0.697952 -0.716145 -2.74181e-16
v 1.28601 2.31861 -3.64153
vt 0.279134 0.0787402
vt 0.118747 0.0787402
f 35/74/13 36/75/14 42/76/14 41/77/13 

vt -0.125833 0
v 1.2919 2.31047 -3.64353
vt 0.269623 0
vn -0.82037 -0.571833 -2.1893e-16
v 1.2919 2.31047 -3.64153
vt 0.269623 0.0787402
vt -0.125833 0.0787402
f 36/78/14 43/79/15 44/80/15 42/81/14 

vt -1.11485 0.474182
f 36/57/1 37/58/1 43/82/1

v 1.29307 2.33105 -3.64353
vt -1.16093 1.28431
f 43/82/1 37/58/1 45/83/1

vt -1.33339 0
vn -0.306252 0.95195 3.64461e-16
vt -1.1937 0
vt -1.1937 0.0787402
v 1.29307 2.33105 -3.64153
vt -1.33339 0.0787402
f 45/84/16 37/85/10 39/86/10 46/87/16 

vt 1.02269 1.26424
vt 1.11485 0.474182
vt 1.16093 1.28431
f 39/88/6 44/89/6 46/90/6

vt 0.88296 0.794515
f 39/88/6 42/91/6 44/89/6

f 38/67/6 42/91/6 39/88/6

vt 0.750665 0.88519
f 38/67/6 41/92/6 42/91/6

f 38/67/6 40/66/6 41/92/6

v 1.29424 2.32285 -3.64153
vt 1.20701 0.961743
f 46/90/6 44/89/6 47/93/6

v 1.29998 2.29842 -3.64153
vt 1.43295 0
f 47/93/6 44/89/6 48/94/6

vt 0.227301 0
v 1.29998 2.29842 -3.64353
vt 0.798299 0
vn -0.830445 -0.557101 -2.1329e-16
vt 0.798299 0.0787402
vt 0.227301 0.0787402
f 43/95/15 49/96/17 48/97/17 44/98/15 

v 1.29424 2.32285 -3.64353
vt -1.20701 0.961743
vt -1.43295 0
f 43/82/1 50/99/1 49/100/1

f 43/82/1 45/83/1 50/99/1

v 1.29485 2.33197 -3.64353
vt -1.23116 1.32072
f 51/101/1 50/99/1 45/83/1

v 1.30062 2.32466 -3.64353
vt -1.45822 1.03291
f 50/99/1 51/101/1 52/102/1

v 1.2962 2.33339 -3.64353
vt -1.28431 1.37647
f 52/102/1 51/101/1 53/103/1

vt -1.88247 0
vn -0.82867 0.559738 2.143e-16
vt -1.80546 0
vn -0.600254 0.79981 3.06213e-16
v 1.29485 2.33197 -3.64153
vt -1.80546 0.0787402
v 1.2962 2.33339 -3.64153
vt -1.88247 0.0787402
f 53/104/18 51/105/19 54/106/19 55/107/18 

vt -1.70092 0
vt -1.62181 0
vt -1.62181 0.0787402
vt -1.70092 0.0787402
f 51/108/19 45/109/16 46/110/16 54/111/19 

vt 1.23116 1.32072
f 47/93/6 54/112/6 46/90/6

v 1.30062 2.32466 -3.64153
vt 1.45822 1.03291
f 54/112/6 47/93/6 56/113/6

vt 1.42344 0
vn 0.272558 -0.962139 -3.68362e-16
vt 1.68454 0
vn 0.391586 -0.920141 -3.52282e-16
vt 1.68454 0.0787402
vt 1.42344 0.0787402
f 50/114/20 52/115/21 56/116/21 47/117/20 

vt 1.78013 0
v 1.30313 2.32613 -3.64353
vt 1.8946 0
vn 0.588637 -0.808397 -3.095e-16
v 1.30313 2.32613 -3.64153
vt 1.8946 0.0787402
vt 1.78013 0.0787402
f 52/118/21 57/119/22 58/120/22 56/121/21 

v 1.30362 2.35021 -3.64353
vt -1.57621 2.03887
vt -1.55707 1.09065
f 52/102/1 59/122/1 57/123/1

v 1.3 2.35228 -3.64353
vt -1.4337 2.12044
f 52/102/1 60/124/1 59/122/1

v 1.29733 2.33754 -3.64353
vt -1.3289 1.53998
f 52/102/1 61/125/1 60/124/1

v 1.29705 2.33526 -3.64353
vt -1.31775 1.45005
f 52/102/1 62/126/1 61/125/1

f 52/102/1 53/103/1 62/126/1

vt -1.86536 0
vn -0.96243 0.27153 1.03957e-16
vt -1.78454 0
vt -1.78454 0.0787402
v 1.29705 2.33526 -3.64153
vt -1.86536 0.0787402
f 62/127/23 53/128/18 55/129/18 63/130/23 

vt 1.28431 1.37647
vt 1.31775 1.45005
f 55/131/6 56/113/6 63/132/6

f 54/112/6 56/113/6 55/131/6

v 1.29733 2.33754 -3.64153
vt 1.3289 1.53998
f 63/132/6 56/113/6 64/133/6

v 1.3 2.35228 -3.64153
vt 1.4337 2.12044
f 64/133/6 56/113/6 65/134/6

v 1.30362 2.35021 -3.64153
vt 1.57621 2.03887
f 65/134/6 56/113/6 66/135/6

vt 1.55707 1.09065
f 66/135/6 56/113/6 58/136/6

v 1.30519 2.32797 -3.64153
vt 1.63808 1.16316
f 66/135/6 58/136/6 67/137/6

vt 1.88759 0
v 1.30519 2.32797 -3.64353
vt 1.99631 0
vn 0.739204 -0.673482 -2.57847e-16
vt 1.99631 0.0787402
vt 1.88759 0.0787402
f 57/138/22 68/139/24 67/140/24 58/141/22 

vt -1.63808 1.16316
f 57/123/1 59/122/1 68/142/1

v 1.30643 2.34698 -3.64353
vt -1.68714 1.91159
f 68/142/1 59/122/1 69/143/1

vt 0.332608 0
vn 0.843454 0.537201 2.05671e-16
vt 0.501442 0
vn 0.634136 0.773222 2.96033e-16
vt 0.501442 0.0787402
v 1.30643 2.34698 -3.64153
vt 0.332608 0.0787402
f 69/144/25 59/145/26 66/146/26 70/147/25 

vt -0.355181 0
vt -0.190973 0
vn 0.35713 0.934055 3.57609e-16
vt -0.190973 0.0787402
vt -0.355181 0.0787402
f 59/148/26 60/149/27 65/150/27 66/151/26 

vt -0.958891 0
vt -0.748177 0
vt -0.748177 0.0787402
vt -0.958891 0.0787402
f 60/152/27 28/153/9 29/154/9 65/155/27 

v 1.29584 2.34205 -3.64353
vt -1.27018 1.71761
f 71/156/1 28/40/1 60/124/1

v 1.29404 2.34345 -3.64353
vt -1.19939 1.77279
f 72/157/1 28/40/1 71/156/1

f 27/39/1 28/40/1 72/157/1

vt 0.504261 0
vn -0.165201 -0.98626 -3.77596e-16
vt 0.603922 0
vn -0.466612 -0.884462 -3.38622e-16
v 1.29404 2.34345 -3.64153
vt 0.603922 0.0787402
vt 0.504261 0.0787402
f 27/158/28 72/159/29 73/160/29 30/161/28 

vt -0.143977 0
vt -0.0542163 0
vn -0.757908 -0.652361 -2.49761e-16
v 1.29584 2.34205 -3.64153
vt -0.0542163 0.0787402
vt -0.143977 0.0787402
f 72/162/29 71/163/30 74/164/30 73/165/29 

vt -0.873643 0
v 1.29696 2.34006 -3.64353
vt -0.783875 0
vn -0.946151 -0.323727 -1.23941e-16
v 1.29696 2.34006 -3.64153
vt -0.783875 0.0787402
vt -0.873643 0.0787402
f 71/166/30 75/167/31 76/168/31 74/169/30 

vt -1.31422 1.63938
f 71/156/1 60/124/1 75/170/1

f 75/170/1 60/124/1 61/125/1

vt -1.42982 0
vt -1.32933 0
vn -0.999932 -0.0116329 -4.45373e-18
vt -1.32933 0.0787402
vt -1.42982 0.0787402
f 75/171/31 61/172/32 64/173/32 76/174/31 

vt -1.69177 0
vt -1.60115 0
vt -1.60115 0.0787402
vt -1.69177 0.0787402
f 61/175/32 62/176/23 63/177/23 64/178/32 

vt 1.31422 1.63938
f 65/134/6 76/179/6 64/133/6

vt 1.27018 1.71761
f 65/134/6 74/180/6 76/179/6

f 29/47/6 74/180/6 65/134/6

vt 1.19939 1.77279
f 29/47/6 73/181/6 74/180/6

f 29/47/6 30/46/6 73/181/6

vt 0.741258 0
vt 1.06242 0
vt 1.06242 0.0787402
vt 0.741258 0.0787402
f 25/182/8 27/183/28 30/184/28 26/185/8 

vt 1.68714 1.91159
f 66/135/6 67/137/6 70/186/6

v 1.30679 2.33013 -3.64153
vt 1.70117 1.2484
f 70/186/6 67/137/6 77/187/6

vt 1.90942 0
v 1.30679 2.33013 -3.64353
vt 2.01546 0
vn 0.858671 -0.512527 -1.96224e-16
vt 2.01546 0.0787402
vt 1.90942 0.0787402
f 68/188/24 78/189/33 77/190/33 67/191/24 

vt -1.70117 1.2484
f 68/142/1 69/143/1 78/192/1

v 1.30825 2.34289 -3.64353
vt -1.75849 1.75068
f 78/192/1 69/143/1 79/193/1

vt 0.887591 0
vn 0.962834 0.270095 1.03408e-16
vt 1.06361 0
vt 1.06361 0.0787402
v 1.30825 2.34289 -3.64153
vt 0.887591 0.0787402
f 79/194/34 69/195/25 70/196/25 80/197/34 

vt 1.75849 1.75068
f 70/186/6 77/187/6 80/198/6

v 1.30793 2.33257 -3.64153
vt 1.74622 1.34432
f 80/198/6 77/187/6 81/199/6

vt 1.85322 0
v 1.30793 2.33257 -3.64353
vt 1.9592 0
vn 0.955518 -0.294932 -1.12917e-16
vt 1.9592 0.0787402
vt 1.85322 0.0787402
f 78/200/33 82/201/35 81/202/35 77/203/33 

vt -1.74622 1.34432
f 78/192/1 79/193/1 82/204/1

v 1.30885 2.33826 -3.64353
vt -1.78227 1.56822
f 82/204/1 79/193/1 83/205/1

vt 1.3247 0
vn 0.999887 -0.0150047 -5.74464e-18
vt 1.50871 0
vt 1.50871 0.0787402
v 1.30885 2.33826 -3.64153
vt 1.3247 0.0787402
f 83/206/36 79/207/34 80/208/34 84/209/36 

vt 1.78227 1.56822
f 80/198/6 81/199/6 84/210/6

vt 1.60479 0
vt 1.83157 0
vt 1.83157 0.0787402
vt 1.60479 0.0787402
f 82/211/35 83/212/36 84/213/36 81/214/35 

v 1.29755 2.32063 -3.64353
vt -0.623767 0
vn 0.615894 0.787829 3.01626e-16
vt -0.466949 0
vn 0.556885 0.830589 3.17997e-16
vt -0.466949 0.0787402
v 1.29755 2.32063 -3.64153
vt -0.623767 0.0787402
f 85/215/37 50/216/38 47/217/38 86/218/37 

vt -1.33726 0.874413
f 49/100/1 50/99/1 85/219/1

v 1.30022 2.31821 -3.64353
vt -1.44261 0.778907
f 49/100/1 85/219/1 87/220/1

vt -0.545672 0
vn 0.74835 0.663304 2.53951e-16
vt -0.403473 0
vt -0.403473 0.0787402
v 1.30022 2.31821 -3.64153
vt -0.545672 0.0787402
f 87/221/39 85/222/37 86/223/37 88/224/39 

vt 1.33726 0.874413
vt 1.44261 0.778907
f 86/225/6 48/94/6 88/226/6

f 47/93/6 48/94/6 86/225/6

v 1.31334 2.29842 -3.64153
vt 1.95916 0
f 88/226/6 48/94/6 89/227/6

v 1.31334 2.29842 -3.64353
vt 1.95916 0.0787402
vt 1.43295 0.0787402
f 49/94/3 90/227/3 89/228/3 48/229/3 

vt -1.95916 0
f 49/100/1 87/220/1 90/230/1

v 1.30658 2.30922 -3.64353
vt -1.69308 0.425129
f 90/230/1 87/220/1 91/231/1

vt -0.631336 0
vn 0.832248 0.554403 2.12257e-16
vt -0.197869 0
vt -0.197869 0.0787402
v 1.30658 2.30922 -3.64153
vt -0.631336 0.0787402
f 91/232/40 87/233/39 88/234/39 92/235/40 

vt 1.69308 0.425129
f 88/226/6 89/227/6 92/236/6

vt -1.0394 0
vn 0.847665 0.530532 2.03118e-16
vt -0.537867 0
vt -0.537867 0.0787402
vt -1.0394 0.0787402
f 90/237/41 91/238/40 92/239/40 89/240/41 

g Mesh3 Group3 Model

v -2.57262 2.35373 -3.39353
vt -1.4716 0.801204
v -2.56179 2.3503 -3.39353
vt -1.89822 0.665936
v -2.56324 2.34606 -3.39353
vt -1.84103 0.499034
v -2.5651 2.3424 -3.39353
vt -1.76759 0.355079
v -2.56738 2.33933 -3.39353
vt -1.67789 0.234072
v -2.57007 2.33684 -3.39353
vt -1.57194 0.136012
v -2.57317 2.33491 -3.39353
vt -1.45019 0.060248
v -2.57665 2.33354 -3.39353
vt -1.31311 0.00613145
v -2.58052 2.33271 -3.39353
vt -1.1607 -0.0263384
v -2.58478 2.33244 -3.39353
vt -0.992958 -0.0371616
v -2.59005 2.33291 -3.39353
vt -0.785596 -0.0186274
v -2.59482 2.33432 -3.39353
vt -0.597559 0.0369754
v -2.59911 2.33667 -3.39353
vt -0.428845 0.129647
v -2.6029 2.33997 -3.39353
vt -0.279455 0.259388
v -2.60601 2.34408 -3.39353
vt -0.157193 0.421274
v -2.60823 2.34889 -3.39353
vt -0.0698635 0.610379
v -2.60956 2.35438 -3.39353
vt -0.0174658 0.826706
v -2.61 2.36057 -3.39353
vt 0 1.07025
v -2.60955 2.36709 -3.39353
vt -0.0175587 1.32709
v -2.60822 2.37284 -3.39353
vt -0.0702351 1.55354
v -2.60599 2.37782 -3.39353
vt -0.158029 1.74962
v -2.60286 2.38203 -3.39353
vt -0.280942 1.91531
v -2.59902 2.38538 -3.39353
vt -0.432468 2.047
v -2.5946 2.38776 -3.39353
vt -0.606106 2.14107
v -2.58963 2.3892 -3.39353
vt -0.801854 2.19751
v -2.5841 2.38968 -3.39353
vt -1.01971 2.21632
v -2.57926 2.3893 -3.39353
vt -1.21026 2.20155
v -2.5749 2.38818 -3.39353
vt -1.38204 2.15723
v -2.57101 2.3863 -3.39353
vt -1.53505 2.08337
v -2.5676 2.38367 -3.39353
vt -1.6693 1.97997
v -2.5643 2.37935 -3.39353
vt -1.79937 1.80977
v -2.56194 2.37348 -3.39353
vt -1.89227 1.57863
v -2.573 2.37084 -3.39353
vt -1.45674 1.47457
v -2.57451 2.37469 -3.39353
vt -1.39709 1.62619
v -2.5771 2.37763 -3.39353
vt -1.29545 1.74214
v -2.58055 2.3795 -3.39353
vt -1.15963 1.81572
v -2.58467 2.38012 -3.39353
vt -0.997418 1.84024
v -2.5876 2.37985 -3.39353
vt -0.881984 1.82937
v -2.59024 2.37902 -3.39353
vt -0.777978 1.79676
v -2.59259 2.37764 -3.39353
vt -0.6854 1.74242
v -2.59465 2.37571 -3.39353
vt -0.604248 1.66633
v -2.59633 2.37316 -3.39353
vt -0.538239 1.5659
v -2.59753 2.36992 -3.39353
vt -0.491091 1.43853
v -2.59824 2.366 -3.39353
vt -0.462801 1.28421
v -2.59848 2.3614 -3.39353
vt -0.453372 1.10296
v -2.59825 2.35653 -3.39353
vt -0.462662 0.911202
v -2.59754 2.35241 -3.39353
vt -0.490533 0.749178
v -2.59636 2.34905 -3.39353
vt -0.536985 0.616883
v -2.59471 2.34645 -3.39353
vt -0.602018 0.514317
v -2.59268 2.3445 -3.39353
vt -0.681916 0.437578
v -2.59037 2.3431 -3.39353
vt -0.772962 0.382764
v -2.58777 2.34227 -3.39353
vt -0.875156 0.349877
v -2.58489 2.34199 -3.39353
vt -0.988499 0.338914
v -2.58075 2.3427 -3.39353
vt -1.15164 0.366785
v -2.57723 2.34482 -3.39353
vt -1.29025 0.450399
v -2.57447 2.34847 -3.39353
vt -1.39876 0.593842
f 93/241/1 94/242/1 95/243/1 96/244/1 97/245/1 98/246/1 99/247/1 100/248/1 101/249/1 102/250/1 103/251/1 104/252/1 105/253/1 106/254/1 107/255/1 108/256/1 109/257/1 110/258/1 111/259/1 112/260/1 113/261/1 114/262/1 115/263/1 116/264/1 117/265/1 118/266/1 119/267/1 120/268/1 121/269/1 122/270/1 123/271/1 124/272/1 125/273/1 126/274/1 127/275/1 128/276/1 129/277/1 130/278/1 131/279/1 132/280/1 133/281/1 134/282/1 135/283/1 136/284/1 137/285/1 138/286/1 139/287/1 140/288/1 141/289/1 142/290/1 143/291/1 144/292/1 145/293/1 146/294/1 147/295/1 148/296/1 

vt -1.60816 0
vn 0.302244 0.953231 3.64951e-16
vt -1.16062 0
v -2.57262 2.35373 -3.39153
vt -1.16062 0.0787402
v -2.56179 2.3503 -3.39153
vt -1.60816 0.0787402
f 94/297/42 93/298/42 149/299/42 150/300/42 

vt -1.24362 0
vn -0.943489 0.331404 1.2688e-16
vt -1.02384 0
vn -0.881053 0.473018 1.81098e-16
v -2.57447 2.34847 -3.39153
vt -1.02384 0.0787402
vt -1.24362 0.0787402
f 93/301/43 148/302/44 151/303/44 149/304/43 

vt -1.31747 0
vt -1.13761 0
vn -0.669082 0.743189 2.84535e-16
v -2.57723 2.34482 -3.39153
vt -1.13761 0.0787402
vt -1.31747 0.0787402
f 148/305/44 147/306/45 152/307/45 151/308/44 

vt -1.33745 0
vt -1.17557 0
vn -0.348524 0.9373 3.58852e-16
v -2.58075 2.3427 -3.39153
vt -1.17557 0.0787402
vt -1.33745 0.0787402
f 147/309/45 146/310/46 153/311/46 152/312/45 

vt -1.19696 0
vt -1.03146 0
vn -0.0363859 0.999338 3.82603e-16
v -2.58489 2.34199 -3.39153
vt -1.03146 0.0787402
vt -1.19696 0.0787402
f 146/313/46 145/314/47 154/315/47 153/316/46 

vt -0.95128 0
vt -0.837408 0
vn 0.202476 0.979287 3.74927e-16
v -2.58777 2.34227 -3.39153
vt -0.837408 0.0787402
vt -0.95128 0.0787402
f 145/317/47 144/318/48 155/319/48 154/320/47 

vt -0.725896 0
vt -0.61854 0
vn 0.41381 0.910363 3.48539e-16
v -2.59037 2.3431 -3.39153
vt -0.61854 0.0787402
vt -0.725896 0.0787402
f 144/321/48 143/322/49 156/323/49 155/324/48 

vt -0.464789 0
vt -0.358517 0
vn 0.608031 0.793914 3.03955e-16
v -2.59268 2.3445 -3.39153
vt -0.358517 0.0787402
vt -0.464789 0.0787402
f 143/325/49 142/326/50 157/327/50 156/328/49 

vt -0.188697 0
vt -0.0779161 0
vn 0.774214 0.632924 2.42319e-16
v -2.59471 2.34645 -3.39153
vt -0.0779161 0.0787402
vt -0.188697 0.0787402
f 142/329/50 141/330/51 158/331/51 157/332/50 

vt 0.111987 0
vt 0.233433 0
vn 0.899845 0.436209 1.67006e-16
v -2.59636 2.34905 -3.39153
vt 0.233433 0.0787402
vt 0.111987 0.0787402
f 141/333/51 140/334/52 159/335/52 158/336/51 

vt 0.404145 0
vt 0.544358 0
vn 0.967912 0.251291 9.62083e-17
v -2.59754 2.35241 -3.39153
vt 0.544358 0.0787402
vt 0.404145 0.0787402
f 140/337/52 139/338/53 160/339/53 159/340/52 

vt 0.655175 0
vt 0.819579 0
vn 0.994024 0.109163 4.17938e-17
v -2.59825 2.35653 -3.39153
vt 0.819579 0.0787402
vt 0.655175 0.0787402
f 139/341/53 138/342/54 161/343/54 160/344/53 

vt 0.887745 0
vt 1.07972 0
vn 0.999998 -0.00178298 -6.82624e-19
v -2.59848 2.3614 -3.39153
vt 1.07972 0.0787402
vt 0.887745 0.0787402
f 138/345/54 137/346/55 162/347/55 161/348/54 

vt 1.12502 0
vt 1.30652 0
vn 0.993205 -0.116379 -4.45565e-17
v -2.59824 2.366 -3.39153
vt 1.30652 0.0787402
vt 1.12502 0.0787402
f 137/349/55 136/350/56 163/351/56 162/352/55 

vt 1.34661 0
vt 1.5035 0
vn 0.964324 -0.264725 -1.01352e-16
v -2.59753 2.36992 -3.39153
vt 1.5035 0.0787402
vt 1.34661 0.0787402
f 136/353/56 135/354/57 164/355/57 163/356/56 

vt 1.51955 0
vt 1.65536 0
vn 0.892474 -0.451099 -1.72706e-16
v -2.59633 2.37316 -3.39153
vt 1.65536 0.0787402
vt 1.51955 0.0787402
f 135/357/57 134/358/58 165/359/58 164/360/57 

vt 1.60418 0
vt 1.72436 0
vn 0.765148 -0.643855 -2.46504e-16
v -2.59465 2.37571 -3.39153
vt 1.72436 0.0787402
vt 1.60418 0.0787402
f 134/361/58 133/362/59 166/363/59 165/364/58 

vt 1.58054 0
vt 1.69178 0
vn 0.598821 -0.800883 -3.06623e-16
v -2.59259 2.37764 -3.39153
vt 1.69178 0.0787402
vt 1.58054 0.0787402
f 133/365/59 132/366/60 167/367/60 166/368/59 

vt 1.4732 0
vt 1.58055 0
vn 0.405327 -0.914172 -3.49997e-16
v -2.59024 2.37902 -3.39153
vt 1.58055 0.0787402
vt 1.4732 0.0787402
f 132/369/60 131/370/61 168/371/61 167/372/60 

vt 1.27989 0
vt 1.38889 0
vn 0.197548 -0.980293 -3.75312e-16
v -2.5876 2.37985 -3.39153
vt 1.38889 0.0787402
vt 1.27989 0.0787402
f 131/373/61 130/374/62 169/375/62 168/376/61 

vt 1.0496 0
vt 1.16555 0
vn -0.0280853 -0.999606 -3.82706e-16
v -2.58467 2.38012 -3.39153
vt 1.16555 0.0787402
vt 1.0496 0.0787402
f 130/377/62 129/378/63 170/379/63 169/380/62 

vt 0.711087 0
vt 0.875141 0
vn -0.317666 -0.948203 -3.63026e-16
v -2.58055 2.3795 -3.39153
vt 0.875141 0.0787402
vt 0.711087 0.0787402
f 129/381/63 128/382/64 171/383/64 170/384/63 

vt 0.15476 0
vt 0.309235 0
vn -0.623931 -0.781479 -2.99195e-16
v -2.5771 2.37763 -3.39153
vt 0.309235 0.0787402
vt 0.15476 0.0787402
f 128/385/64 127/386/65 172/387/65 171/388/64 

vt -0.456102 0
vt -0.301917 0
vn -0.853952 -0.520352 -1.9922e-16
v -2.57451 2.37469 -3.39153
vt -0.301917 0.0787402
vt -0.456102 0.0787402
f 127/389/65 126/390/66 173/391/66 172/392/65 

vt -1.00187 0
vt -0.838942 0
vn -0.930585 -0.366075 -1.40154e-16
v -2.573 2.37084 -3.39153
vt -0.838942 0.0787402
vt -1.00187 0.0787402
f 126/393/66 125/394/67 174/395/67 173/396/66 

vt 1.75951 0
vn 0.232368 -0.972628 -3.72377e-16
vt 2.2073 0
v -2.56194 2.37348 -3.39153
vt 2.2073 0.0787402
vt 1.75951 0.0787402
f 125/397/68 124/398/68 175/399/68 174/400/68 

vt 0.759051 0
vn 0.927858 0.372933 1.4278e-16
vt 1.00817 0
vn 0.869135 0.494575 1.89351e-16
v -2.5643 2.37935 -3.39153
vt 1.00817 0.0787402
vt 0.759051 0.0787402
f 124/401/69 123/402/70 176/403/70 175/404/69 

vt 0.345399 0
vt 0.559607 0
vn 0.708452 0.705759 2.70205e-16
v -2.5676 2.38367 -3.39153
vt 0.559607 0.0787402
vt 0.345399 0.0787402
f 123/405/70 122/406/71 177/407/71 176/408/70 

vt -0.114272 0
vt 0.0551809 0
vn 0.52526 0.850942 3.25789e-16
v -2.57101 2.3863 -3.39153
vt 0.0551809 0.0787402
vt -0.114272 0.0787402
f 122/409/71 121/410/72 178/411/72 177/412/71 

vt -0.476778 0
vt -0.306872 0
vn 0.343922 0.938998 3.59502e-16
v -2.5749 2.38818 -3.39153
vt -0.306872 0.0787402
vt -0.476778 0.0787402
f 121/413/72 120/414/73 179/415/73 178/416/72 

vt -0.799354 0
vt -0.621951 0
vn 0.164173 0.986432 3.77662e-16
v -2.57926 2.3893 -3.39153
vt -0.621951 0.0787402
vt -0.799354 0.0787402
f 120/417/73 119/418/74 180/419/74 179/420/73 

vt -1.03648 0
vt -0.845364 0
vn -0.00438586 0.99999 3.82853e-16
v -2.5841 2.38968 -3.39153
vt -0.845364 0.0787402
vt -1.03648 0.0787402
f 119/421/74 118/422/75 181/423/75 180/424/74 

vt -1.20661 0
vt -0.987939 0
vn -0.182398 0.983225 3.76434e-16
v -2.58963 2.3892 -3.39153
vt -0.987939 0.0787402
vt -1.20661 0.0787402
f 118/425/75 117/426/76 182/427/76 181/428/75 

vt -1.37926 0
vt -1.17554 0
vn -0.378887 0.925443 3.54312e-16
v -2.5946 2.38776 -3.39153
vt -1.17554 0.0787402
vt -1.37926 0.0787402
f 117/429/76 116/430/77 183/431/77 182/432/76 

vt -1.55278 0
vt -1.3553 0
vn -0.569565 0.821946 3.14688e-16
v -2.59902 2.38538 -3.39153
vt -1.3553 0.0787402
vt -1.55278 0.0787402
f 116/433/77 115/434/78 184/435/78 183/436/77 

vt -1.66921 0
vt -1.46845 0
vn -0.733883 0.679276 2.60065e-16
v -2.60286 2.38203 -3.39153
vt -1.46845 0.0787402
vt -1.66921 0.0787402
f 115/437/78 114/438/79 185/439/79 184/440/78 

vt -1.70566 0
vt -1.49935 0
vn -0.863003 0.505199 1.93419e-16
v -2.60599 2.37782 -3.39153
vt -1.49935 0.0787402
vt -1.70566 0.0787402
f 114/441/79 113/442/80 186/443/80 185/444/79 

vt -1.66143 0
vt -1.4466 0
vn -0.947724 0.319092 1.22166e-16
v -2.60822 2.37284 -3.39153
vt -1.4466 0.0787402
vt -1.66143 0.0787402
f 113/445/80 112/446/81 187/447/81 186/448/80 

vt -1.52906 0
vt -1.29656 0
vn -0.989008 0.147861 5.66096e-17
v -2.60955 2.36709 -3.39153
vt -1.29656 0.0787402
vt -1.52906 0.0787402
f 112/449/81 111/450/82 188/451/82 187/452/81 

vt -1.3252 0
vt -1.06776 0
vn -0.999999 -0.00166575 -6.37743e-19
v -2.61 2.36057 -3.39153
vt -1.06776 0.0787402
vt -1.3252 0.0787402
f 111/453/82 110/454/83 189/455/83 188/456/82 

vt -1.06751 0
vt -0.823339 0
vn -0.988071 -0.154 -5.89598e-17
v -2.60956 2.35438 -3.39153
vt -0.823339 0.0787402
vt -1.06751 0.0787402
f 110/457/83 109/458/84 190/459/84 189/460/83 

vt -0.799361 0
vt -0.576779 0
vn -0.944367 -0.328894 -1.25919e-16
v -2.60823 2.34889 -3.39153
vt -0.576779 0.0787402
vt -0.799361 0.0787402
f 109/461/84 108/462/85 191/463/85 190/464/84 

vt -0.524853 0
vt -0.316556 0
vn -0.857844 -0.513909 -1.96754e-16
v -2.60601 2.34408 -3.39153
vt -0.316556 0.0787402
vt -0.524853 0.0787402
f 108/465/85 107/466/86 192/467/86 191/468/85 

vt -0.241436 0
vt -0.038569 0
vn -0.730829 -0.68256 -2.61323e-16
v -2.6029 2.33997 -3.39153
vt -0.038569 0.0787402
vt -0.241436 0.0787402
f 107/469/86 106/470/87 193/471/87 192/472/86 

vt 0.0409098 0
vt 0.238773 0
vn -0.571808 -0.820388 -3.14091e-16
v -2.59911 2.33667 -3.39153
vt 0.238773 0.0787402
vt 0.0409098 0.0787402
f 106/473/87 105/474/88 194/475/88 193/476/87 

vt 0.313457 0
vt 0.505947 0
vn -0.384717 -0.923035 -3.5339e-16
v -2.59482 2.33432 -3.39153
vt 0.505947 0.0787402
vt 0.313457 0.0787402
f 105/477/88 104/478/89 195/479/89 194/480/88 

vt 0.562546 0
vt 0.758632 0
vn -0.187215 -0.982319 -3.76088e-16
v -2.59005 2.33291 -3.39153
vt 0.758632 0.0787402
vt 0.562546 0.0787402
f 104/481/89 103/482/90 196/483/90 195/484/89 

vt 0.784135 0
vt 0.992324 0
vn -0.0123541 -0.999924 -3.82828e-16
v -2.58478 2.33244 -3.39153
vt 0.992324 0.0787402
vt 0.784135 0.0787402
f 103/485/90 102/486/91 197/487/91 196/488/90 

vt 0.988505 0
vt 1.15659 0
vn 0.136741 -0.990607 -3.79261e-16
v -2.58052 2.33271 -3.39153
vt 1.15659 0.0787402
vt 0.988505 0.0787402
f 102/489/91 101/490/92 198/491/92 197/492/91 

vt 1.12973 0
vt 1.28556 0
vn 0.288781 -0.957395 -3.66545e-16
v -2.57665 2.33354 -3.39153
vt 1.28556 0.0787402
vt 1.12973 0.0787402
f 101/493/92 100/494/93 199/495/93 198/496/92 

vt 1.22362 0
vt 1.371 0
vn 0.449604 -0.893228 -3.41979e-16
v -2.57317 2.33491 -3.39153
vt 1.371 0.0787402
vt 1.22362 0.0787402
f 100/497/93 99/498/94 200/499/94 199/500/93 

vt 1.26309 0
vt 1.40649 0
vn 0.60652 -0.795068 -3.04397e-16
v -2.57007 2.33684 -3.39153
vt 1.40649 0.0787402
vt 1.26309 0.0787402
f 99/501/94 98/502/95 201/503/95 200/504/94 

vt 1.24607 0
vt 1.39044 0
vn 0.744515 -0.667605 -2.55597e-16
v -2.56738 2.33933 -3.39153
vt 1.39044 0.0787402
vt 1.24607 0.0787402
f 98/505/95 97/506/96 202/507/96 201/508/95 

vt 1.18723 0
vt 1.33786 0
vn 0.849997 -0.526788 -2.01684e-16
v -2.5651 2.3424 -3.39153
vt 1.33786 0.0787402
vt 1.18723 0.0787402
f 97/509/96 96/510/97 203/511/97 202/512/96 

vt 1.11956 0
vt 1.28117 0
vn 0.920706 -0.390257 -1.49413e-16
v -2.56324 2.34606 -3.39153
vt 1.28117 0.0787402
vt 1.11956 0.0787402
f 96/513/97 95/514/98 204/515/98 203/516/97 

vt 1.0688 0
vt 1.24523 0
vn 0.946018 -0.324115 -1.2409e-16
vt 1.24523 0.0787402
vt 1.0688 0.0787402
f 95/517/98 94/518/99 150/519/99 204/520/98 

vt 1.89822 0.665936
vt 1.4716 0.801204
vt 1.39876 0.593842
vt 1.29025 0.450399
vt 1.15164 0.366785
vt 0.988499 0.338914
vt 0.875156 0.349877
vt 0.772962 0.382764
vt 0.681916 0.437578
vt 0.602018 0.514317
vt 0.536985 0.616883
vt 0.490533 0.749178
vt 0.462662 0.911202
vt 0.453372 1.10296
vt 0.462801 1.28421
vt 0.491091 1.43853
vt 0.538239 1.5659
vt 0.604248 1.66633
vt 0.6854 1.74242
vt 0.777978 1.79676
vt 0.881984 1.82937
vt 0.997418 1.84024
vt 1.15963 1.81572
vt 1.29545 1.74214
vt 1.39709 1.62619
vt 1.45674 1.47457
vt 1.89227 1.57863
vt 1.79937 1.80977
vt 1.6693 1.97997
vt 1.53505 2.08337
vt 1.38204 2.15723
vt 1.21026 2.20155
vt 1.01971 2.21632
vt 0.801854 2.19751
vt 0.606106 2.14107
vt 0.432468 2.047
vt 0.280942 1.91531
vt 0.158029 1.74962
vt 0.0702351 1.55354
vt 0.0175587 1.32709
vt 0.0174658 0.826706
vt 0.0698635 0.610379
vt 0.157193 0.421274
vt 0.279455 0.259388
vt 0.428845 0.129647
vt 0.597559 0.0369754
vt 0.785596 -0.0186274
vt 0.992958 -0.0371616
vt 1.1607 -0.0263384
vt 1.31311 0.00613145
vt 1.45019 0.060248
vt 1.57194 0.136012
vt 1.67789 0.234072
vt 1.76759 0.355079
vt 1.84103 0.499034
f 150/521/6 149/522/6 151/523/6 152/524/6 153/525/6 154/526/6 155/527/6 156/528/6 157/529/6 158/530/6 159/531/6 160/532/6 161/533/6 162/534/6 163/535/6 164/536/6 165/537/6 166/538/6 167/539/6 168/540/6 169/541/6 170/542/6 171/543/6 172/544/6 173/545/6 174/546/6 175/547/6 176/548/6 177/549/6 178/550/6 179/551/6 180/552/6 181/553/6 182/554/6 183/555/6 184/556/6 185/557/6 186/558/6 187/559/6 188/560/6 189/258/6 190/561/6 191/562/6 192/563/6 193/564/6 194/565/6 195/566/6 196/567/6 197/568/6 198/569/6 199/570/6 200/571/6 201/572/6 202/573/6 203/574/6 204/575/6 

g Mesh4 Group3 Model

v -2.52739 2.33338 -3.39353
vt -3.25238 0
v -2.538 2.33338 -3.39353
vt -2.83469 0
v -2.538 2.37337 -3.39353
vt -2.83469 1.57417
v -2.54433 2.36864 -3.39353
vt -2.58533 1.38799
v -2.5517 2.36532 -3.39353
vt -2.2951 1.25755
v -2.5517 2.37495 -3.39353
vt -2.2951 1.6366
v -2.54737 2.37692 -3.39353
vt -2.46567 1.71408
v -2.54268 2.3801 -3.39353
vt -2.65037 1.8395
v -2.53857 2.38422 -3.39353
vt -2.81202 2.00134
v -2.536 2.38896 -3.39353
vt -2.91347 2.18808
v -2.52739 2.38896 -3.39353
vt -3.25238 2.18808
f 205/576/1 206/577/1 207/578/1 208/579/1 209/580/1 210/581/1 211/582/1 212/583/1 213/584/1 214/585/1 215/586/1 

vt 2.83469 0
vt 3.25238 0
v -2.52739 2.33338 -3.39153
vt 3.25238 0.0787402
v -2.538 2.33338 -3.39153
vt 2.83469 0.0787402
f 206/587/3 205/588/3 216/589/3 217/590/3 

vt 2.18808 0
v -2.52739 2.38896 -3.39153
vt 2.18808 0.0787402
f 205/1/4 215/591/4 218/592/4 216/8/4 

vt -2.91347 0
v -2.536 2.38896 -3.39153
vt -2.91347 0.0787402
vt -3.25238 0.0787402
f 215/576/5 214/593/5 219/594/5 218/595/5 

vt -3.31349 0
vn -0.878697 0.477381 1.82768e-16
vt -3.10097 0
vn -0.80135 0.598196 2.29023e-16
v -2.53857 2.38422 -3.39153
vt -3.10097 0.0787402
vt -3.31349 0.0787402
f 214/596/100 213/597/101 220/598/101 219/599/100 

vt -3.40323 0
vt -3.17449 0
vn -0.637507 0.770445 2.9497e-16
v -2.54268 2.3801 -3.39153
vt -3.17449 0.0787402
vt -3.40323 0.0787402
f 213/600/101 212/601/102 221/602/102 220/603/101 

vt -3.22601 0
vt -3.00275 0
vn -0.489453 0.87203 3.33863e-16
v -2.54737 2.37692 -3.39153
vt -3.00275 0.0787402
vt -3.22601 0.0787402
f 212/604/102 211/605/103 222/606/103 221/607/102 

vt -2.95382 0
vt -2.76648 0
vn -0.413578 0.910469 3.48579e-16
v -2.5517 2.37495 -3.39153
vt -2.76648 0.0787402
vt -2.95382 0.0787402
f 211/608/103 210/609/104 223/610/104 222/611/103 

vt -1.6366 0
vt -1.25755 0
v -2.5517 2.36532 -3.39153
vt -1.25755 0.0787402
vt -1.6366 0.0787402
f 210/612/2 209/613/2 224/614/2 223/615/2 

vt 2.60891 0
vn 0.409927 -0.912118 -3.49211e-16
vt 2.9271 0
vn 0.50714 -0.861864 -3.2997e-16
v -2.54433 2.36864 -3.39153
vt 2.9271 0.0787402
vt 2.60891 0.0787402
f 209/616/105 208/617/106 225/618/106 224/619/105 

vt 2.902 0
vt 3.21319 0
vn 0.598279 -0.801288 -3.06778e-16
v -2.538 2.37337 -3.39153
vt 3.21319 0.0787402
vt 2.902 0.0787402
f 208/620/106 207/621/107 226/622/107 225/623/106 

vt -1.57417 0
vt -1.57417 0.0787402
f 207/624/2 206/1/2 217/8/2 226/625/2 

vt 3.25238 2.18808
vt 2.91347 2.18808
vt 2.81202 2.00134
vt 2.65037 1.8395
vt 2.46567 1.71408
vt 2.2951 1.6366
vt 2.2951 1.25755
vt 2.58533 1.38799
vt 2.83469 1.57417
f 217/587/6 216/588/6 218/626/6 219/627/6 220/628/6 221/629/6 222/630/6 223/631/6 224/632/6 225/633/6 226/634/6 

g Mesh5 Group4 Model

v 2.52738 2.35373 -3.39353
v 2.53821 2.3503 -3.39353
v 2.53676 2.34606 -3.39353
v 2.5349 2.3424 -3.39353
v 2.53262 2.33933 -3.39353
v 2.52993 2.33684 -3.39353
v 2.52683 2.33491 -3.39353
v 2.52335 2.33354 -3.39353
v 2.51948 2.33271 -3.39353
v 2.51522 2.33244 -3.39353
v 2.50995 2.33291 -3.39353
v 2.50518 2.33432 -3.39353
v 2.50089 2.33667 -3.39353
v 2.4971 2.33997 -3.39353
v 2.49399 2.34408 -3.39353
v 2.49177 2.34889 -3.39353
v 2.49044 2.35438 -3.39353
v 2.49 2.36057 -3.39353
v 2.49045 2.36709 -3.39353
v 2.49178 2.37284 -3.39353
v 2.49401 2.37782 -3.39353
v 2.49714 2.38203 -3.39353
v 2.50098 2.38538 -3.39353
v 2.5054 2.38776 -3.39353
v 2.51037 2.3892 -3.39353
v 2.5159 2.38968 -3.39353
v 2.52074 2.3893 -3.39353
v 2.5251 2.38818 -3.39353
v 2.52899 2.3863 -3.39353
v 2.5324 2.38367 -3.39353
v 2.5357 2.37935 -3.39353
v 2.53806 2.37348 -3.39353
v 2.527 2.37084 -3.39353
v 2.52549 2.37469 -3.39353
v 2.5229 2.37763 -3.39353
v 2.51945 2.3795 -3.39353
v 2.51533 2.38012 -3.39353
v 2.5124 2.37985 -3.39353
v 2.50976 2.37902 -3.39353
v 2.50741 2.37764 -3.39353
v 2.50535 2.37571 -3.39353
v 2.50367 2.37316 -3.39353
v 2.50247 2.36992 -3.39353
v 2.50176 2.366 -3.39353
v 2.50152 2.3614 -3.39353
v 2.50175 2.35653 -3.39353
v 2.50246 2.35241 -3.39353
v 2.50364 2.34905 -3.39353
v 2.50529 2.34645 -3.39353
v 2.50732 2.3445 -3.39353
v 2.50963 2.3431 -3.39353
v 2.51223 2.34227 -3.39353
v 2.51511 2.34199 -3.39353
v 2.51925 2.3427 -3.39353
v 2.52277 2.34482 -3.39353
v 2.52553 2.34847 -3.39353
f 227/241/1 228/242/1 229/243/1 230/244/1 231/245/1 232/246/1 233/247/1 234/248/1 235/249/1 236/250/1 237/251/1 238/252/1 239/253/1 240/254/1 241/255/1 242/256/1 243/257/1 244/258/1 245/259/1 246/260/1 247/261/1 248/262/1 249/263/1 250/264/1 251/265/1 252/266/1 253/267/1 254/268/1 255/269/1 256/270/1 257/271/1 258/272/1 259/273/1 260/274/1 261/275/1 262/276/1 263/277/1 264/278/1 265/279/1 266/280/1 267/281/1 268/282/1 269/283/1 270/284/1 271/285/1 272/286/1 273/287/1 274/288/1 275/289/1 276/290/1 277/291/1 278/292/1 279/293/1 280/294/1 281/295/1 282/296/1 

v 2.52738 2.35373 -3.39153
v 2.53821 2.3503 -3.39153
f 228/297/42 227/298/42 283/299/42 284/300/42 

v 2.52553 2.34847 -3.39153
f 227/301/43 282/302/44 285/303/44 283/304/43 

v 2.52277 2.34482 -3.39153
f 282/305/44 281/306/45 286/307/45 285/308/44 

v 2.51925 2.3427 -3.39153
f 281/309/45 280/310/46 287/311/46 286/312/45 

v 2.51511 2.34199 -3.39153
f 280/313/46 279/314/47 288/315/47 287/316/46 

v 2.51223 2.34227 -3.39153
f 279/317/47 278/318/48 289/319/48 288/320/47 

v 2.50963 2.3431 -3.39153
f 278/321/48 277/322/49 290/323/49 289/324/48 

v 2.50732 2.3445 -3.39153
f 277/325/49 276/326/50 291/327/50 290/328/49 

v 2.50529 2.34645 -3.39153
f 276/329/50 275/330/51 292/331/51 291/332/50 

v 2.50364 2.34905 -3.39153
f 275/333/51 274/334/52 293/335/52 292/336/51 

v 2.50246 2.35241 -3.39153
f 274/337/52 273/338/53 294/339/53 293/340/52 

v 2.50175 2.35653 -3.39153
f 273/341/53 272/342/54 295/343/54 294/344/53 

v 2.50152 2.3614 -3.39153
f 272/345/54 271/346/55 296/347/55 295/348/54 

v 2.50176 2.366 -3.39153
f 271/349/55 270/350/56 297/351/56 296/352/55 

v 2.50247 2.36992 -3.39153
f 270/353/56 269/354/57 298/355/57 297/356/56 

v 2.50367 2.37316 -3.39153
f 269/357/57 268/358/58 299/359/58 298/360/57 

v 2.50535 2.37571 -3.39153
f 268/361/58 267/362/59 300/363/59 299/364/58 

v 2.50741 2.37764 -3.39153
f 267/365/59 266/366/60 301/367/60 300/368/59 

v 2.50976 2.37902 -3.39153
f 266/369/60 265/370/61 302/371/61 301/372/60 

v 2.5124 2.37985 -3.39153
f 265/373/61 264/374/62 303/375/62 302/376/61 

v 2.51533 2.38012 -3.39153
f 264/377/62 263/378/63 304/379/63 303/380/62 

v 2.51945 2.3795 -3.39153
f 263/381/63 262/382/64 305/383/64 304/384/63 

v 2.5229 2.37763 -3.39153
f 262/385/64 261/386/65 306/387/65 305/388/64 

v 2.52549 2.37469 -3.39153
f 261/389/65 260/390/66 307/391/66 306/392/65 

v 2.527 2.37084 -3.39153
f 260/393/66 259/394/67 308/395/67 307/396/66 

v 2.53806 2.37348 -3.39153
f 259/397/68 258/398/68 309/399/68 308/400/68 

v 2.5357 2.37935 -3.39153
f 258/401/69 257/402/70 310/403/70 309/404/69 

v 2.5324 2.38367 -3.39153
f 257/405/70 256/406/71 311/407/71 310/408/70 

v 2.52899 2.3863 -3.39153
f 256/409/71 255/410/72 312/411/72 311/412/71 

v 2.5251 2.38818 -3.39153
f 255/413/72 254/414/73 313/415/73 312/416/72 

v 2.52074 2.3893 -3.39153
f 254/417/73 253/418/74 314/419/74 313/420/73 

v 2.5159 2.38968 -3.39153
f 253/421/74 252/422/75 315/423/75 314/424/74 

v 2.51037 2.3892 -3.39153
f 252/425/75 251/426/76 316/427/76 315/428/75 

v 2.5054 2.38776 -3.39153
f 251/429/76 250/430/77 317/431/77 316/432/76 

v 2.50098 2.38538 -3.39153
f 250/433/77 249/434/78 318/435/78 317/436/77 

v 2.49714 2.38203 -3.39153
f 249/437/78 248/438/79 319/439/79 318/440/78 

v 2.49401 2.37782 -3.39153
f 248/441/79 247/442/80 320/443/80 319/444/79 

v 2.49178 2.37284 -3.39153
f 247/445/80 246/446/81 321/447/81 320/448/80 

v 2.49045 2.36709 -3.39153
f 246/449/81 245/450/82 322/451/82 321/452/81 

v 2.49 2.36057 -3.39153
f 245/453/82 244/454/83 323/455/83 322/456/82 

v 2.49044 2.35438 -3.39153
f 244/457/83 243/458/84 324/459/84 323/460/83 

v 2.49177 2.34889 -3.39153
f 243/461/84 242/462/85 325/463/85 324/464/84 

v 2.49399 2.34408 -3.39153
f 242/465/85 241/466/86 326/467/86 325/468/85 

v 2.4971 2.33997 -3.39153
f 241/469/86 240/470/87 327/471/87 326/472/86 

v 2.50089 2.33667 -3.39153
f 240/473/87 239/474/88 328/475/88 327/476/87 

v 2.50518 2.33432 -3.39153
f 239/477/88 238/478/89 329/479/89 328/480/88 

v 2.50995 2.33291 -3.39153
f 238/481/89 237/482/90 330/483/90 329/484/89 

v 2.51522 2.33244 -3.39153
f 237/485/90 236/486/91 331/487/91 330/488/90 

v 2.51948 2.33271 -3.39153
f 236/489/91 235/490/92 332/491/92 331/492/91 

v 2.52335 2.33354 -3.39153
f 235/493/92 234/494/93 333/495/93 332/496/92 

v 2.52683 2.33491 -3.39153
f 234/497/93 233/498/94 334/499/94 333/500/93 

v 2.52993 2.33684 -3.39153
f 233/501/94 232/502/95 335/503/95 334/504/94 

v 2.53262 2.33933 -3.39153
f 232/505/95 231/506/96 336/507/96 335/508/95 

v 2.5349 2.3424 -3.39153
f 231/509/96 230/510/97 337/511/97 336/512/96 

v 2.53676 2.34606 -3.39153
f 230/513/97 229/514/98 338/515/98 337/516/97 

f 229/517/98 228/518/99 284/519/99 338/520/98 

f 284/521/6 283/522/6 285/523/6 286/524/6 287/525/6 288/526/6 289/527/6 290/528/6 291/529/6 292/530/6 293/531/6 294/532/6 295/533/6 296/534/6 297/535/6 298/536/6 299/537/6 300/538/6 301/539/6 302/540/6 303/541/6 304/542/6 305/543/6 306/544/6 307/545/6 308/546/6 309/547/6 310/548/6 311/549/6 312/550/6 313/551/6 314/552/6 315/553/6 316/554/6 317/555/6 318/556/6 319/557/6 320/558/6 321/559/6 322/560/6 323/258/6 324/561/6 325/562/6 326/563/6 327/564/6 328/565/6 329/566/6 330/567/6 331/568/6 332/569/6 333/570/6 334/571/6 335/572/6 336/573/6 337/574/6 338/575/6 

g Mesh6 Group4 Model

v 2.58129 2.34324 -3.39353
vt -3.59427 0.387967
v 2.58129 2.33338 -3.39353
vt -3.59427 0
v 2.5441 2.33338 -3.39353
vt -2.1301 0
v 2.54531 2.33882 -3.39353
vt -2.17767 0.214237
v 2.54773 2.34397 -3.39353
vt -2.2728 0.416953
v 2.55222 2.34979 -3.39353
vt -2.44969 0.646055
v 2.55966 2.35724 -3.39353
vt -2.74253 0.939446
v 2.56846 2.3663 -3.39353
vt -3.08887 1.2962
v 2.5701 2.36957 -3.39353
vt -3.15353 1.42478
v 2.57065 2.3728 -3.39353
vt -3.17509 1.55187
v 2.57017 2.37594 -3.39353
vt -3.15632 1.67543
v 2.56874 2.37825 -3.39353
vt -3.10002 1.76666
v 2.56647 2.37968 -3.39353
vt -3.01065 1.82296
v 2.56347 2.38016 -3.39353
vt -2.89266 1.84173
v 2.56049 2.37966 -3.39353
vt -2.77523 1.82203
v 2.55819 2.37816 -3.39353
vt -2.68456 1.76295
v 2.55664 2.3755 -3.39353
vt -2.62361 1.65815
v 2.55592 2.37152 -3.39353
vt -2.59537 1.50133
v 2.54535 2.37257 -3.39353
vt -2.17916 1.54295
v 2.54608 2.37664 -3.39353
vt -2.20768 1.70321
v 2.5473 2.3801 -3.39353
vt -2.25608 1.83913
v 2.54904 2.38293 -3.39353
vt -2.32437 1.95071
v 2.55128 2.38515 -3.39353
vt -2.41253 2.03794
v 2.55393 2.38681 -3.39353
vt -2.51677 2.10363
v 2.55689 2.38801 -3.39353
vt -2.63327 2.15054
v 2.56374 2.38896 -3.39353
vt -2.90307 2.18808
v 2.56761 2.38868 -3.39353
vt -3.05571 2.17721
v 2.57105 2.38785 -3.39353
vt -3.19107 2.1446
v 2.57405 2.38647 -3.39353
vt -3.30915 2.09025
v 2.57661 2.38454 -3.39353
vt -3.40995 2.01416
v 2.57866 2.3822 -3.39353
vt -3.49059 1.92191
v 2.58012 2.37959 -3.39353
vt -3.54819 1.81906
v 2.581 2.3767 -3.39353
vt -3.58275 1.70563
v 2.58129 2.37355 -3.39353
vt -3.59427 1.5816
v 2.58096 2.36991 -3.39353
vt -3.58108 1.43797
v 2.57995 2.36644 -3.39353
vt -3.5415 1.3014
v 2.57822 2.36298 -3.39353
vt -3.47331 1.1652
v 2.57571 2.35936 -3.39353
vt -3.37427 1.02269
v 2.56876 2.3523 -3.39353
vt -3.10077 0.744719
v 2.5624 2.34618 -3.39353
vt -2.8503 0.503912
v 2.56023 2.34324 -3.39353
vt -2.76482 0.387967
f 339/635/1 340/636/1 341/637/1 342/638/1 343/639/1 344/640/1 345/641/1 346/642/1 347/643/1 348/644/1 349/645/1 350/646/1 351/647/1 352/648/1 353/649/1 354/650/1 355/651/1 356/652/1 357/653/1 358/654/1 359/655/1 360/656/1 361/657/1 362/658/1 363/659/1 364/660/1 365/661/1 366/662/1 367/663/1 368/664/1 369/665/1 370/666/1 371/667/1 372/668/1 373/669/1 374/670/1 375/671/1 376/672/1 377/673/1 378/674/1 379/675/1 

vt 0.387967 0
v 2.58129 2.34324 -3.39153
vt 0.387967 0.0787402
v 2.58129 2.33338 -3.39153
f 340/1/4 339/676/4 380/677/4 381/8/4 

vt -2.76482 0
v 2.56023 2.34324 -3.39153
vt -2.76482 0.0787402
vt -3.59427 0.0787402
f 339/636/5 379/678/5 382/679/5 380/680/5 

vt 1.95286 0
vn 0.804926 -0.593375 -2.27178e-16
vt 2.09691 0
vn 0.751704 -0.659501 -2.52494e-16
v 2.5624 2.34618 -3.39153
vt 2.09691 0.0787402
vt 1.95286 0.0787402
f 379/681/108 378/682/109 383/683/109 382/684/108 

vt 2.40395 0
vt 2.7514 0
vn 0.703001 -0.711189 -2.72283e-16
v 2.56876 2.3523 -3.39153
vt 2.7514 0.0787402
vt 2.40395 0.0787402
f 378/685/109 377/686/110 384/687/110 383/688/109 

vt 2.70561 0
vt 3.09557 0
vn 0.769774 -0.638316 -2.44384e-16
v 2.57571 2.35936 -3.39153
vt 3.09557 0.0787402
vt 2.70561 0.0787402
f 377/689/110 376/690/111 385/691/111 384/692/110 

vt 2.76537 0
vt 2.93892 0
vn 0.859886 -0.510485 -1.95443e-16
v 2.57822 2.36298 -3.39153
vt 2.93892 0.0787402
vt 2.76537 0.0787402
f 376/693/111 375/694/112 386/695/112 385/696/111 

vt 2.59691 0
vt 2.74922 0
vn 0.93119 -0.364533 -1.39564e-16
v 2.57995 2.36644 -3.39153
vt 2.74922 0.0787402
vt 2.59691 0.0787402
f 375/697/112 374/698/113 387/699/113 386/700/112 

vt 2.23573 0
vt 2.37791 0
vn 0.982598 -0.185746 -7.11141e-17
v 2.58096 2.36991 -3.39153
vt 2.37791 0.0787402
vt 2.23573 0.0787402
f 374/701/113 373/702/114 388/703/114 387/704/113 

vt 1.75948 0
vt 1.90372 0
vn 1 0.00051239 1.96172e-19
v 2.58129 2.37355 -3.39153
vt 1.90372 0.0787402
vt 1.75948 0.0787402
f 373/705/114 372/706/115 389/707/115 388/708/114 

vt 1.2424 0
vt 1.36697 0
vn 0.981207 0.192957 7.38751e-17
v 2.581 2.3767 -3.39153
vt 1.36697 0.0787402
vt 1.2424 0.0787402
f 372/709/115 371/710/116 390/711/116 389/712/115 

vt 0.58742 0
vt 0.706003 0
vn 0.919834 0.392307 1.50198e-16
v 2.58012 2.37959 -3.39153
vt 0.706003 0.0787402
vt 0.58742 0.0787402
f 371/713/116 370/714/117 391/715/117 390/716/116 

vt -0.146739 0
vt -0.0288623 0
vn 0.817098 0.576499 2.20717e-16
v 2.57866 2.3822 -3.39153
vt -0.0288623 0.0787402
vt -0.146739 0.0787402
f 370/717/117 369/718/118 392/719/118 391/720/117 

vt -0.850249 0
vt -0.727718 0
vn 0.681293 0.73201 2.80255e-16
v 2.57661 2.38454 -3.39153
vt -0.727718 0.0787402
vt -0.850249 0.0787402
f 369/721/118 368/722/119 393/723/119 392/724/118 

vt -1.50815 0
vt -1.38186 0
vn 0.513257 0.858235 3.28581e-16
v 2.57405 2.38647 -3.39153
vt -1.38186 0.0787402
vt -1.50815 0.0787402
f 368/725/119 367/726/120 394/727/120 393/728/119 

vt -2.13208 0
vt -2.00209 0
vn 0.327712 0.944778 3.61715e-16
v 2.57105 2.38785 -3.39153
vt -2.00209 0.0787402
vt -2.13208 0.0787402
f 367/729/120 366/730/121 395/731/121 394/732/120 

vt -2.60004 0
vt -2.46081 0
vn 0.153141 0.988204 3.78341e-16
v 2.56761 2.38868 -3.39153
vt -2.46081 0.0787402
vt -2.60004 0.0787402
f 366/733/121 365/734/122 396/735/122 395/736/121 

vt -2.89334 0
vt -2.74031 0
vn -0.0335637 0.999437 3.82641e-16
v 2.56374 2.38896 -3.39153
vt -2.74031 0.0787402
vt -2.89334 0.0787402
f 365/737/122 364/738/123 397/739/123 396/740/122 

vt -3.17687 0
vt -2.90448 0
vn -0.257599 0.966252 3.69936e-16
v 2.55689 2.38801 -3.39153
vt -2.90448 0.0787402
vt -3.17687 0.0787402
f 364/741/123 363/742/124 398/743/124 397/744/123 

vt -3.24599 0
vt -3.1204 0
vn -0.455167 0.890406 3.40898e-16
v 2.55393 2.38681 -3.39153
vt -3.1204 0.0787402
vt -3.24599 0.0787402
f 363/745/124 362/746/125 399/747/125 398/748/124 

vt -3.25077 0
vt -3.12756 0
vn -0.621917 0.783083 2.99809e-16
v 2.55128 2.38515 -3.39153
vt -3.12756 0.0787402
vt -3.25077 0.0787402
f 362/749/125 361/750/126 400/751/126 399/752/125 

vt -3.14832 0
vt -3.02429 0
vn -0.783857 0.620941 2.37732e-16
v 2.54904 2.38293 -3.39153
vt -3.02429 0.0787402
vt -3.14832 0.0787402
f 361/753/126 360/754/127 401/755/127 400/756/126 

vt -2.87716 0
vt -2.74635 0
vn -0.90233 0.431046 1.65029e-16
v 2.5473 2.3801 -3.39153
vt -2.74635 0.0787402
vt -2.87716 0.0787402
f 360/757/127 359/758/128 402/759/128 401/760/127 

vt -2.48941 0
vt -2.34514 0
vn -0.966616 0.25623 9.80994e-17
v 2.54608 2.37664 -3.39153
vt -2.34514 0.0787402
vt -2.48941 0.0787402
f 359/761/128 358/762/129 403/763/129 402/764/128 

vt -2.06368 0
vt -1.90091 0
vn -0.98453 0.175217 6.70831e-17
v 2.54535 2.37257 -3.39153
vt -1.90091 0.0787402
vt -2.06368 0.0787402
f 358/765/129 357/766/130 404/767/130 403/768/129 

vt 2.01481 0
vn -0.0995037 -0.995037 -3.80957e-16
vt 2.4331 0
v 2.55592 2.37152 -3.39153
vt 2.4331 0.0787402
vt 2.01481 0.0787402
f 357/769/131 356/770/131 405/771/131 404/772/131 

vt 1.93757 0
vn 0.984167 -0.177243 -6.78586e-17
vn 0.938524 -0.345215 -1.32168e-16
v 2.55664 2.3755 -3.39153
vt 1.93757 0.0787402
f 356/773/132 355/682/133 406/683/133 405/774/132 

vt 2.75234 0
vt 2.87357 0
vn 0.724829 -0.688929 -2.63761e-16
v 2.55819 2.37816 -3.39153
vt 2.87357 0.0787402
vt 2.75234 0.0787402
f 355/775/133 354/776/134 407/777/134 406/778/133 

vt 3.21165 0
vt 3.31988 0
vn 0.36334 -0.931656 -3.56691e-16
v 2.56049 2.37966 -3.39153
vt 3.31988 0.0787402
vt 3.21165 0.0787402
f 354/779/134 353/780/135 408/781/135 407/782/134 

vt 3.03838 0
vt 3.15745 0
vn 0.00422048 -0.999991 -3.82853e-16
v 2.56347 2.38016 -3.39153
vt 3.15745 0.0787402
vt 3.03838 0.0787402
f 353/783/135 352/784/136 409/785/136 408/786/135 

vt 2.56745 0
vt 2.68692 0
vn -0.352216 -0.935919 -3.58323e-16
v 2.56647 2.37968 -3.39153
vt 2.68692 0.0787402
vt 2.56745 0.0787402
f 352/787/136 351/788/137 410/789/137 409/790/136 

vt 1.57571 0
vt 1.68134 0
vn -0.710365 -0.703833 -2.69467e-16
v 2.56874 2.37825 -3.39153
vt 1.68134 0.0787402
vt 1.57571 0.0787402
f 351/791/137 350/792/138 411/793/138 410/794/137 

vt 0.124578 0
vt 0.231783 0
vn -0.938748 -0.344603 -1.31934e-16
v 2.57017 2.37594 -3.39153
vt 0.231783 0.0787402
vt 0.124578 0.0787402
f 350/795/138 349/796/139 412/797/139 411/798/138 

vt -1.18249 0
vt -1.05751 0
vn -0.999963 0.00863215 3.30488e-18
v 2.57065 2.3728 -3.39153
vt -1.05751 0.0787402
vt -1.18249 0.0787402
f 349/799/139 348/800/140 413/801/140 412/802/139 

vt -2.06091 0
vt -1.932 0
vn -0.950183 0.311693 1.19334e-16
v 2.5701 2.36957 -3.39153
vt -1.932 0.0787402
vt -2.06091 0.0787402
f 348/803/140 347/804/141 414/805/141 413/806/140 

vt -2.6897 0
vt -2.54578 0
vn -0.814877 0.579634 2.21917e-16
v 2.56846 2.3663 -3.39153
vt -2.54578 0.0787402
vt -2.6897 0.0787402
f 347/807/141 346/808/142 415/809/142 414/810/141 

vt -3.08162 0
vt -2.5844 0
vn -0.712653 0.701517 2.68581e-16
v 2.55966 2.35724 -3.39153
vt -2.5844 0.0787402
vt -3.08162 0.0787402
f 346/811/142 345/812/143 416/813/143 415/814/142 

vt -2.60233 0
vt -2.18781 0
vn -0.751165 0.660115 2.52729e-16
v 2.55222 2.34979 -3.39153
vt -2.18781 0.0787402
vt -2.60233 0.0787402
f 345/815/143 344/816/144 417/817/144 416/818/143 

vt -2.00847 0
vt -1.71902 0
vn -0.853496 0.5211 1.99507e-16
v 2.54773 2.34397 -3.39153
vt -1.71902 0.0787402
vt -2.00847 0.0787402
f 344/819/144 343/820/145 418/821/145 417/822/144 

vt -1.34303 0
vt -1.1191 0
vn -0.946484 0.32275 1.23567e-16
v 2.54531 2.33882 -3.39153
vt -1.1191 0.0787402
vt -1.34303 0.0787402
f 343/823/145 342/824/146 419/825/146 418/826/145 

vt -0.681155 0
vt -0.461701 0
vn -0.976227 0.216751 8.29845e-17
v 2.5441 2.33338 -3.39153
vt -0.461701 0.0787402
vt -0.681155 0.0787402
f 342/827/146 341/828/147 420/829/147 419/830/146 

vt 2.1301 0
vt 3.59427 0
vt 3.59427 0.0787402
vt 2.1301 0.0787402
f 341/831/3 340/832/3 381/833/3 420/834/3 

vt 3.59427 0.387967
vt 2.76482 0.387967
vt 2.8503 0.503912
vt 3.10077 0.744719
vt 3.37427 1.02269
vt 3.47331 1.1652
vt 3.5415 1.3014
vt 3.58108 1.43797
vt 3.59427 1.5816
vt 3.58275 1.70563
vt 3.54819 1.81906
vt 3.49059 1.92191
vt 3.40995 2.01416
vt 3.30915 2.09025
vt 3.19107 2.1446
vt 3.05571 2.17721
vt 2.90307 2.18808
vt 2.63327 2.15054
vt 2.51677 2.10363
vt 2.41253 2.03794
vt 2.32437 1.95071
vt 2.25608 1.83913
vt 2.20768 1.70321
vt 2.17916 1.54295
vt 2.59537 1.50133
vt 2.62361 1.65815
vt 2.68456 1.76295
vt 2.77523 1.82203
vt 2.89266 1.84173
vt 3.01065 1.82296
vt 3.10002 1.76666
vt 3.15632 1.67543
vt 3.17509 1.55187
vt 3.15353 1.42478
vt 3.08887 1.2962
vt 2.74253 0.939446
vt 2.44969 0.646055
vt 2.2728 0.416953
vt 2.17767 0.214237
f 381/832/6 380/835/6 382/836/6 383/837/6 384/838/6 385/839/6 386/840/6 387/841/6 388/842/6 389/843/6 390/844/6 391/845/6 392/846/6 393/847/6 394/848/6 395/849/6 396/850/6 397/851/6 398/852/6 399/853/6 400/854/6 401/855/6 402/856/6 403/857/6 404/858/6 405/859/6 406/860/6 407/861/6 408/862/6 409/863/6 410/864/6 411/865/6 412/866/6 413/867/6 414/868/6 415/869/6 416/870/6 417/871/6 418/872/6 419/873/6 420/831/6 

g Mesh7 Group5 Model

v -2.47262 2.35373 0.0064671
v -2.46179 2.3503 0.0064671
v -2.46324 2.34606 0.0064671
v -2.4651 2.3424 0.0064671
v -2.46738 2.33933 0.0064671
v -2.47007 2.33684 0.0064671
v -2.47317 2.33491 0.0064671
v -2.47665 2.33354 0.0064671
v -2.48052 2.33271 0.0064671
v -2.48478 2.33244 0.0064671
v -2.49005 2.33291 0.0064671
v -2.49482 2.33432 0.0064671
v -2.49911 2.33667 0.0064671
v -2.5029 2.33997 0.0064671
v -2.50601 2.34408 0.0064671
v -2.50823 2.34889 0.0064671
v -2.50956 2.35438 0.0064671
v -2.51 2.36057 0.0064671
v -2.50955 2.36709 0.0064671
v -2.50822 2.37284 0.0064671
v -2.50599 2.37782 0.0064671
v -2.50286 2.38203 0.0064671
v -2.49902 2.38538 0.0064671
v -2.4946 2.38776 0.0064671
v -2.48963 2.3892 0.0064671
v -2.4841 2.38968 0.0064671
v -2.47926 2.3893 0.0064671
v -2.4749 2.38818 0.0064671
v -2.47101 2.3863 0.0064671
v -2.4676 2.38367 0.0064671
v -2.4643 2.37935 0.0064671
v -2.46194 2.37348 0.0064671
v -2.473 2.37084 0.0064671
v -2.47451 2.37469 0.0064671
v -2.4771 2.37763 0.0064671
v -2.48055 2.3795 0.0064671
v -2.48467 2.38012 0.0064671
v -2.4876 2.37985 0.0064671
v -2.49024 2.37902 0.0064671
v -2.49259 2.37764 0.0064671
v -2.49465 2.37571 0.0064671
v -2.49633 2.37316 0.0064671
v -2.49753 2.36992 0.0064671
v -2.49824 2.366 0.0064671
v -2.49848 2.3614 0.0064671
v -2.49825 2.35653 0.0064671
v -2.49754 2.35241 0.0064671
v -2.49636 2.34905 0.0064671
v -2.49471 2.34645 0.0064671
v -2.49268 2.3445 0.0064671
v -2.49037 2.3431 0.0064671
v -2.48777 2.34227 0.0064671
v -2.48489 2.34199 0.0064671
v -2.48075 2.3427 0.0064671
v -2.47723 2.34482 0.0064671
v -2.47447 2.34847 0.0064671
f 421/241/1 422/242/1 423/243/1 424/244/1 425/245/1 426/246/1 427/247/1 428/248/1 429/249/1 430/250/1 431/251/1 432/252/1 433/253/1 434/254/1 435/255/1 436/256/1 437/257/1 438/258/1 439/259/1 440/260/1 441/261/1 442/262/1 443/263/1 444/264/1 445/265/1 446/266/1 447/267/1 448/268/1 449/269/1 450/270/1 451/271/1 452/272/1 453/273/1 454/274/1 455/275/1 456/276/1 457/277/1 458/278/1 459/279/1 460/280/1 461/281/1 462/282/1 463/283/1 464/284/1 465/285/1 466/286/1 467/287/1 468/288/1 469/289/1 470/290/1 471/291/1 472/292/1 473/293/1 474/294/1 475/295/1 476/296/1 

v -2.47262 2.35373 0.0084671
v -2.46179 2.3503 0.0084671
f 422/297/42 421/298/42 477/299/42 478/300/42 

v -2.47447 2.34847 0.0084671
f 421/301/43 476/302/44 479/303/44 477/304/43 

v -2.47723 2.34482 0.0084671
f 476/305/44 475/306/45 480/307/45 479/308/44 

v -2.48075 2.3427 0.0084671
f 475/309/45 474/310/46 481/311/46 480/312/45 

v -2.48489 2.34199 0.0084671
f 474/313/46 473/314/47 482/315/47 481/316/46 

v -2.48777 2.34227 0.0084671
f 473/317/47 472/318/48 483/319/48 482/320/47 

v -2.49037 2.3431 0.0084671
f 472/321/48 471/322/49 484/323/49 483/324/48 

v -2.49268 2.3445 0.0084671
f 471/325/49 470/326/50 485/327/50 484/328/49 

v -2.49471 2.34645 0.0084671
f 470/329/50 469/330/51 486/331/51 485/332/50 

v -2.49636 2.34905 0.0084671
f 469/333/51 468/334/52 487/335/52 486/336/51 

v -2.49754 2.35241 0.0084671
f 468/337/52 467/338/53 488/339/53 487/340/52 

v -2.49825 2.35653 0.0084671
f 467/341/53 466/342/54 489/343/54 488/344/53 

v -2.49848 2.3614 0.0084671
f 466/345/54 465/346/55 490/347/55 489/348/54 

v -2.49824 2.366 0.0084671
f 465/349/55 464/350/56 491/351/56 490/352/55 

v -2.49753 2.36992 0.0084671
f 464/353/56 463/354/57 492/355/57 491/356/56 

v -2.49633 2.37316 0.0084671
f 463/357/57 462/358/58 493/359/58 492/360/57 

v -2.49465 2.37571 0.0084671
f 462/361/58 461/362/59 494/363/59 493/364/58 

v -2.49259 2.37764 0.0084671
f 461/365/59 460/366/60 495/367/60 494/368/59 

v -2.49024 2.37902 0.0084671
f 460/369/60 459/370/61 496/371/61 495/372/60 

v -2.4876 2.37985 0.0084671
f 459/373/61 458/374/62 497/375/62 496/376/61 

v -2.48467 2.38012 0.0084671
f 458/377/62 457/378/63 498/379/63 497/380/62 

v -2.48055 2.3795 0.0084671
f 457/381/63 456/382/64 499/383/64 498/384/63 

v -2.4771 2.37763 0.0084671
f 456/385/64 455/386/65 500/387/65 499/388/64 

v -2.47451 2.37469 0.0084671
f 455/389/65 454/390/66 501/391/66 500/392/65 

v -2.473 2.37084 0.0084671
f 454/393/66 453/394/67 502/395/67 501/396/66 

v -2.46194 2.37348 0.0084671
f 453/397/68 452/398/68 503/399/68 502/400/68 

v -2.4643 2.37935 0.0084671
f 452/401/69 451/402/70 504/403/70 503/404/69 

v -2.4676 2.38367 0.0084671
f 451/405/70 450/406/71 505/407/71 504/408/70 

v -2.47101 2.3863 0.0084671
f 450/409/71 449/410/72 506/411/72 505/412/71 

v -2.4749 2.38818 0.0084671
f 449/413/72 448/414/73 507/415/73 506/416/72 

v -2.47926 2.3893 0.0084671
f 448/417/73 447/418/74 508/419/74 507/420/73 

v -2.4841 2.38968 0.0084671
f 447/421/74 446/422/75 509/423/75 508/424/74 

v -2.48963 2.3892 0.0084671
f 446/425/75 445/426/76 510/427/76 509/428/75 

v -2.4946 2.38776 0.0084671
f 445/429/76 444/430/77 511/431/77 510/432/76 

v -2.49902 2.38538 0.0084671
f 444/433/77 443/434/78 512/435/78 511/436/77 

v -2.50286 2.38203 0.0084671
f 443/437/78 442/438/79 513/439/79 512/440/78 

v -2.50599 2.37782 0.0084671
f 442/441/79 441/442/80 514/443/80 513/444/79 

v -2.50822 2.37284 0.0084671
f 441/445/80 440/446/81 515/447/81 514/448/80 

v -2.50955 2.36709 0.0084671
f 440/449/81 439/450/82 516/451/82 515/452/81 

v -2.51 2.36057 0.0084671
f 439/453/82 438/454/83 517/455/83 516/456/82 

v -2.50956 2.35438 0.0084671
f 438/457/83 437/458/84 518/459/84 517/460/83 

v -2.50823 2.34889 0.0084671
f 437/461/84 436/462/85 519/463/85 518/464/84 

v -2.50601 2.34408 0.0084671
f 436/465/85 435/466/86 520/467/86 519/468/85 

v -2.5029 2.33997 0.0084671
f 435/469/86 434/470/87 521/471/87 520/472/86 

v -2.49911 2.33667 0.0084671
f 434/473/87 433/474/88 522/475/88 521/476/87 

v -2.49482 2.33432 0.0084671
f 433/477/88 432/478/89 523/479/89 522/480/88 

v -2.49005 2.33291 0.0084671
f 432/481/89 431/482/90 524/483/90 523/484/89 

v -2.48478 2.33244 0.0084671
f 431/485/90 430/486/91 525/487/91 524/488/90 

v -2.48052 2.33271 0.0084671
f 430/489/91 429/490/92 526/491/92 525/492/91 

v -2.47665 2.33354 0.0084671
f 429/493/92 428/494/93 527/495/93 526/496/92 

v -2.47317 2.33491 0.0084671
f 428/497/93 427/498/94 528/499/94 527/500/93 

v -2.47007 2.33684 0.0084671
f 427/501/94 426/502/95 529/503/95 528/504/94 

v -2.46738 2.33933 0.0084671
f 426/505/95 425/506/96 530/507/96 529/508/95 

v -2.4651 2.3424 0.0084671
f 425/509/96 424/510/97 531/511/97 530/512/96 

v -2.46324 2.34606 0.0084671
f 424/513/97 423/514/98 532/515/98 531/516/97 

f 423/517/98 422/518/99 478/519/99 532/520/98 

f 478/521/6 477/522/6 479/523/6 480/524/6 481/525/6 482/526/6 483/527/6 484/528/6 485/529/6 486/530/6 487/531/6 488/532/6 489/533/6 490/534/6 491/535/6 492/536/6 493/537/6 494/538/6 495/539/6 496/540/6 497/541/6 498/542/6 499/543/6 500/544/6 501/545/6 502/546/6 503/547/6 504/548/6 505/549/6 506/550/6 507/551/6 508/552/6 509/553/6 510/554/6 511/555/6 512/556/6 513/557/6 514/558/6 515/559/6 516/560/6 517/258/6 518/561/6 519/562/6 520/563/6 521/564/6 522/565/6 523/566/6 524/567/6 525/568/6 526/569/6 527/570/6 528/571/6 529/572/6 530/573/6 531/574/6 532/575/6 

g Mesh8 Group5 Model

v -2.45491 2.34807 0.0064671
vt -2.16875 0.578235
v -2.44464 2.34931 0.0064671
vt -2.57307 0.627288
v -2.44374 2.34585 0.0064671
vt -2.60875 0.490905
v -2.442 2.34331 0.0064671
vt -2.67712 0.39094
v -2.43962 2.34175 0.0064671
vt -2.77077 0.329623
v -2.43679 2.34123 0.0064671
vt -2.88226 0.309185
v -2.43377 2.34186 0.0064671
vt -3.00136 0.333711
v -2.43126 2.34373 0.0064671
vt -3.10002 0.407291
v -2.42957 2.34665 0.0064671
vt -3.16636 0.522492
v -2.42901 2.35045 0.0064671
vt -3.18847 0.671882
v -2.42955 2.35403 0.0064671
vt -3.16728 0.813096
v -2.43117 2.35679 0.0064671
vt -3.10374 0.921608
v -2.43355 2.35855 0.0064671
vt -3.00972 0.990729
v -2.43641 2.35913 0.0064671
vt -2.89712 1.01377
v -2.44128 2.35834 0.0064671
vt -2.70537 0.982553
v -2.44011 2.36698 0.0064671
vt -2.75145 1.32295
v -2.43632 2.3674 0.0064671
vt -2.90084 1.33912
v -2.43354 2.36885 0.0064671
vt -3.01009 1.39653
v -2.43184 2.37116 0.0064671
vt -3.07698 1.48739
v -2.43128 2.37412 0.0064671
vt -3.09928 1.6039
v -2.43169 2.37663 0.0064671
vt -3.08293 1.70275
v -2.43294 2.37858 0.0064671
vt -3.03387 1.7793
v -2.43487 2.37982 0.0064671
vt -2.95769 1.82835
v -2.43736 2.38024 0.0064671
vt -2.85996 1.8447
v -2.43988 2.37976 0.0064671
vt -2.76074 1.82612
v -2.442 2.37835 0.0064671
vt -2.67712 1.77038
v -2.44355 2.37603 0.0064671
vt -2.61618 1.67896
v -2.44434 2.37284 0.0064671
vt -2.58496 1.55336
v -2.45412 2.3745 0.0064671
vt -2.19997 1.61876
v -2.45284 2.37901 0.0064671
vt -2.25032 1.79658
v -2.45104 2.38252 0.0064671
vt -2.32111 1.93463
v -2.44858 2.3852 0.0064671
vt -2.41811 2.04017
v -2.4453 2.38724 0.0064671
vt -2.54706 2.12044
v -2.4414 2.38853 0.0064671
vt -2.70072 2.17117
v -2.43706 2.38896 0.0064671
vt -2.87185 2.18808
v -2.43334 2.38865 0.0064671
vt -3.01808 2.17581
v -2.43001 2.38771 0.0064671
vt -3.14908 2.13902
v -2.42707 2.38616 0.0064671
vt -3.26483 2.07771
v -2.42452 2.38397 0.0064671
vt -3.36536 1.99186
v -2.4216 2.37963 0.0064671
vt -3.48019 1.82092
v -2.42063 2.37476 0.0064671
vt -3.51846 1.62917
v -2.42113 2.3713 0.0064671
vt -3.49886 1.49297
v -2.42262 2.36821 0.0064671
vt -3.44005 1.37126
v -2.42511 2.36549 0.0064671
vt -3.34204 1.26405
v -2.4286 2.36313 0.0064671
vt -3.20482 1.17133
v -2.42432 2.36148 0.0064671
vt -3.37335 1.1063
v -2.42099 2.35856 0.0064671
vt -3.50434 0.991472
v -2.41885 2.35465 0.0064671
vt -3.58851 0.837251
v -2.41814 2.34999 0.0064671
vt -3.61657 0.654044
v -2.41847 2.34649 0.0064671
vt -3.60347 0.515896
v -2.41947 2.34325 0.0064671
vt -3.56417 0.388339
v -2.42113 2.34027 0.0064671
vt -3.49867 0.271373
v -2.42346 2.33757 0.0064671
vt -3.40698 0.164998
v -2.42629 2.33533 0.0064671
vt -3.29577 0.0765526
v -2.42944 2.33372 0.0064671
vt -3.17174 0.0133779
v -2.43291 2.33276 0.0064671
vt -3.0349 -0.0245268
v -2.43672 2.33244 0.0064671
vt -2.88523 -0.0371616
v -2.44031 2.33271 0.0064671
vt -2.74364 -0.0265242
v -2.44359 2.33352 0.0064671
vt -2.61469 0.00538822
v -2.44654 2.33487 0.0064671
vt -2.49838 0.0585758
v -2.44917 2.33676 0.0064671
vt -2.39469 0.133039
v -2.45139 2.33909 0.0064671
vt -2.30755 0.224689
v -2.45308 2.34175 0.0064671
vt -2.24085 0.329438
v -2.45426 2.34474 0.0064671
vt -2.19458 0.447286
f 533/874/1 534/875/1 535/876/1 536/877/1 537/878/1 538/879/1 539/880/1 540/881/1 541/882/1 542/883/1 543/884/1 544/885/1 545/886/1 546/887/1 547/888/1 548/889/1 549/890/1 550/891/1 551/892/1 552/893/1 553/894/1 554/895/1 555/896/1 556/897/1 557/898/1 558/899/1 559/900/1 560/901/1 561/902/1 562/903/1 563/904/1 564/905/1 565/906/1 566/907/1 567/908/1 568/909/1 569/910/1 570/911/1 571/912/1 572/913/1 573/914/1 574/915/1 575/916/1 576/917/1 577/918/1 578/919/1 579/920/1 580/921/1 581/922/1 582/923/1 583/924/1 584/925/1 585/926/1 586/927/1 587/928/1 588/929/1 589/930/1 590/931/1 591/932/1 592/933/1 593/934/1 594/935/1 595/936/1 596/937/1 

vt -2.62989 0
vn -0.12044 0.992721 3.8007e-16
vt -2.22261 0
v -2.45491 2.34807 0.0084671
vt -2.22261 0.0787402
v -2.44464 2.34931 0.0084671
vt -2.62989 0.0787402
f 534/938/148 533/939/148 597/940/148 598/941/148 

vt -0.147643 0
vn -0.981099 -0.193504 -7.40845e-17
vt -0.0141714 0
vn -0.959825 -0.280598 -1.07429e-16
v -2.45426 2.34474 0.0084671
vt -0.0141714 0.0787402
vt -0.147643 0.0787402
f 533/942/149 596/943/150 599/944/150 597/945/149 

vt 0.385628 0
vt 0.512233 0
vn -0.891308 -0.453397 -1.73586e-16
v -2.45308 2.34175 0.0084671
vt 0.512233 0.0787402
vt 0.385628 0.0787402
f 596/946/150 595/947/151 600/948/151 599/949/150 

vt 0.925775 0
vt 1.04996 0
vn -0.787765 -0.615976 -2.35831e-16
v -2.45139 2.33909 0.0084671
vt 1.04996 0.0787402
vt 0.925775 0.0787402
f 595/950/151 594/951/152 601/952/152 600/953/151 

vt 1.42723 0
vt 1.5537 0
vn -0.656909 -0.75397 -2.88662e-16
v -2.44917 2.33676 0.0084671
vt 1.5537 0.0787402
vt 1.42723 0.0787402
f 594/954/152 593/955/153 602/956/153 601/957/152 

vt 1.86744 0
vt 1.99509 0
vn -0.501954 -0.864894 -3.31131e-16
v -2.44654 2.33487 0.0084671
vt 1.99509 0.0787402
vt 1.86744 0.0787402
f 593/958/153 592/959/154 603/960/154 602/961/153 

vt 2.24774 0
vt 2.37564 0
vn -0.329471 -0.944166 -3.6148e-16
v -2.44359 2.33352 0.0084671
vt 2.37564 0.0787402
vt 2.24774 0.0787402
f 592/962/154 591/963/155 604/964/155 603/965/154 

vt 2.53683 0
vt 2.66967 0
vn -0.15813 -0.987418 -3.7804e-16
v -2.44031 2.33271 0.0084671
vt 2.66967 0.0787402
vt 2.53683 0.0787402
f 591/966/155 590/967/156 605/968/156 604/969/155 

vt 2.73792 0
vt 2.8799 0
vn 0.00461473 -0.999989 -3.82853e-16
v -2.43672 2.33244 0.0084671
vt 2.8799 0.0787402
vt 2.73792 0.0787402
f 590/970/156 589/971/157 606/972/157 605/973/156 

vt 2.87188 0
vt 3.02208 0
vn 0.176289 -0.984338 -3.76861e-16
v -2.43291 2.33276 0.0084671
vt 3.02208 0.0787402
vt 2.87188 0.0787402
f 589/974/157 588/975/158 607/976/158 606/977/157 

vt 2.91823 0
vt 3.06023 0
vn 0.362231 -0.932088 -3.56856e-16
v -2.42944 2.33372 0.0084671
vt 3.06023 0.0787402
vt 2.91823 0.0787402
f 588/978/158 587/979/159 608/980/159 607/981/158 

vt 2.8323 0
vt 2.97149 0
vn 0.540892 -0.841092 -3.22018e-16
v -2.42629 2.33533 0.0084671
vt 2.97149 0.0787402
vt 2.8323 0.0787402
f 587/982/159 586/983/160 609/984/160 608/985/159 

vt 2.62709 0
vt 2.76918 0
vn 0.692989 -0.720948 -2.7602e-16
v -2.42346 2.33757 0.0084671
vt 2.76918 0.0787402
vt 2.62709 0.0787402
f 586/986/160 585/987/161 610/988/161 609/989/160 

vt 2.34944 0
vt 2.48988 0
vn 0.819106 -0.573642 -2.19623e-16
v -2.42113 2.34027 0.0084671
vt 2.48988 0.0787402
vt 2.34944 0.0787402
f 585/990/161 584/991/162 611/992/162 610/993/161 

vt 1.94617 0
vt 2.08023 0
vn 0.919236 -0.393707 -1.50733e-16
v -2.41947 2.34325 0.0084671
vt 2.08023 0.0787402
vt 1.94617 0.0787402
f 584/994/162 583/995/163 612/996/163 611/997/162 

vt 1.42052 0
vt 1.55399 0
vn 0.980717 -0.195431 -7.48223e-17
v -2.41847 2.34649 0.0084671
vt 1.55399 0.0787402
vt 1.42052 0.0787402
f 583/998/163 582/999/164 613/1000/164 612/1001/163 

vt 0.85375 0
vt 0.992519 0
vn 0.999588 0.0287082 1.09911e-17
v -2.41814 2.34999 0.0084671
vt 0.992519 0.0787402
vt 0.85375 0.0787402
f 582/1002/164 581/1003/165 614/1004/165 613/1005/164 

vt 0.099037 0
vt 0.28438 0
vn 0.947401 0.320049 1.22533e-16
v -2.41885 2.35465 0.0084671
vt 0.28438 0.0787402
vt 0.099037 0.0787402
f 581/1006/165 580/1007/166 615/1008/166 614/1009/165 

vt -0.98425 0
vt -0.808554 0
vn 0.7805 0.625156 2.39345e-16
v -2.42099 2.35856 0.0084671
vt -0.808554 0.0787402
vt -0.98425 0.0787402
f 580/1010/166 579/1011/167 616/1012/167 615/1013/166 

vt -1.98163 0
vt -1.80744 0
vn 0.517569 0.855641 3.27588e-16
v -2.42432 2.36148 0.0084671
vt -1.80744 0.0787402
vt -1.98163 0.0787402
f 579/1014/167 578/1015/168 617/1016/168 616/1017/167 

vt -2.74887 0
vt -2.56823 0
vn 0.360012 0.932948 3.57185e-16
v -2.4286 2.36313 0.0084671
vt -2.56823 0.0787402
vt -2.74887 0.0787402
f 578/1018/168 577/1019/169 618/1020/169 617/1021/168 

vt 3.31125 0
vn 0.559867 -0.828582 -3.17228e-16
vt 3.47686 0
vn 0.653504 -0.756923 -2.89793e-16
v -2.42511 2.36549 0.0084671
vt 3.47686 0.0787402
vt 3.31125 0.0787402
f 577/1022/170 576/1023/171 619/1024/171 618/1025/170 

vt 3.18795 0
vt 3.33321 0
vn 0.827943 -0.560813 -2.14711e-16
v -2.42262 2.36821 0.0084671
vt 3.33321 0.0787402
vt 3.18795 0.0787402
f 576/1026/171 575/1027/172 620/1028/172 619/1029/171 

vt 2.73136 0
vt 2.86653 0
vn 0.956355 -0.292207 -1.11873e-16
v -2.42113 2.3713 0.0084671
vt 2.86653 0.0787402
vt 2.73136 0.0787402
f 575/1030/172 574/1031/173 621/1032/173 620/1033/172 

vt 1.97619 0
vt 2.11379 0
vn 0.999634 0.0270346 1.03504e-17
v -2.42063 2.37476 0.0084671
vt 2.11379 0.0787402
vt 1.97619 0.0787402
f 574/1034/173 573/1035/174 622/1036/174 621/1037/173 

vt 0.90891 0
vt 1.10445 0
vn 0.923279 0.384129 1.47066e-16
v -2.4216 2.37963 0.0084671
vt 1.10445 0.0787402
vt 0.90891 0.0787402
f 573/1038/174 572/1039/175 623/1040/175 622/1041/174 

vt -0.429048 0
vt -0.223117 0
vn 0.746671 0.665193 2.54674e-16
v -2.42452 2.38397 0.0084671
vt -0.223117 0.0787402
vt -0.429048 0.0787402
f 572/1042/175 571/1043/176 624/1044/176 623/1045/175 

vt -1.26565 0
vt -1.13346 0
vn 0.56213 0.827049 3.16641e-16
v -2.42707 2.38616 0.0084671
vt -1.13346 0.0787402
vt -1.26565 0.0787402
f 571/1046/176 570/1047/177 625/1048/177 624/1049/176 

vt -1.91254 0
vt -1.78155 0
vn 0.371347 0.928494 3.5548e-16
v -2.43001 2.38771 0.0084671
vt -1.78155 0.0787402
vt -1.91254 0.0787402
f 570/1050/177 569/1051/178 626/1052/178 625/1053/177 

vt -2.45341 0
vt -2.31735 0
vn 0.177782 0.98407 3.76758e-16
v -2.43334 2.38865 0.0084671
vt -2.31735 0.0787402
vt -2.45341 0.0787402
f 569/1054/178 568/1055/179 627/1056/179 626/1057/178 

vt -2.82569 0
vt -2.67895 0
vn -0.00740958 0.999973 3.82846e-16
v -2.43706 2.38896 0.0084671
vt -2.67895 0.0787402
vt -2.82569 0.0787402
f 568/1058/179 567/1059/180 628/1060/180 627/1061/179 

vt -3.07308 0
vt -2.90112 0
vn -0.207155 0.978308 3.74552e-16
v -2.4414 2.38853 0.0084671
vt -2.90112 0.0787402
vt -3.07308 0.0787402
f 567/1062/180 566/1063/181 629/1064/181 628/1065/180 

vt -3.2452 0
vt -3.08338 0
vn -0.423961 0.90568 3.46746e-16
v -2.4453 2.38724 0.0084671
vt -3.08338 0.0787402
vt -3.2452 0.0787402
f 566/1066/181 565/1067/182 630/1068/182 629/1069/181 

vt -3.28291 0
vt -3.13102 0
vn -0.638217 0.769857 2.94745e-16
v -2.44858 2.3852 0.0084671
vt -3.13102 0.0787402
vt -3.28291 0.0787402
f 565/1070/182 564/1071/183 631/1072/183 630/1073/182 

vt -3.13841 0
vt -2.99507 0
vn -0.820493 0.571656 2.18862e-16
v -2.45104 2.38252 0.0084671
vt -2.99507 0.0787402
vt -3.13841 0.0787402
f 564/1074/183 563/1075/184 632/1076/184 631/1077/183 

vt -2.7806 0
vt -2.62545 0
vn -0.930549 0.366168 1.4019e-16
v -2.45284 2.37901 0.0084671
vt -2.62545 0.0787402
vt -2.7806 0.0787402
f 563/1078/184 562/1079/185 633/1080/185 632/1081/184 

vt -2.34174 0
vt -2.15693 0
vn -0.962166 0.272463 1.04314e-16
v -2.45412 2.3745 0.0084671
vt -2.15693 0.0787402
vt -2.34174 0.0787402
f 562/1082/185 561/1083/186 634/1084/186 633/1085/185 

vt 1.89778 0
vn -0.167485 -0.985875 -3.77449e-16
vt 2.28829 0
v -2.44434 2.37284 0.0084671
vt 2.28829 0.0787402
vt 1.89778 0.0787402
f 561/1086/187 560/1087/187 635/1088/187 634/1089/187 

vt 2.13095 0
vn 0.97048 -0.241184 -9.23388e-17
vt 2.26038 0
vn 0.914796 -0.403917 -1.54642e-16
v -2.44355 2.37603 0.0084671
vt 2.26038 0.0787402
vt 2.13095 0.0787402
f 560/1090/188 559/1091/189 636/1092/189 635/1093/188 

vt 2.84818 0
vt 2.95805 0
vn 0.707107 -0.707107 -2.70721e-16
v -2.442 2.37835 0.0084671
vt 2.95805 0.0787402
vt 2.84818 0.0787402
f 559/1094/189 558/1095/190 637/1096/190 636/1097/189 

vt 3.20953 0
vt 3.31002 0
vn 0.377007 -0.926211 -3.54606e-16
v -2.43988 2.37976 0.0084671
vt 3.31002 0.0787402
vt 3.20953 0.0787402
f 558/1098/190 557/1099/191 638/1100/191 637/1101/190 

vt 3.04969 0
vt 3.15064 0
vn 0.00967812 -0.999953 -3.82839e-16
v -2.43736 2.38024 0.0084671
vt 3.15064 0.0787402
vt 3.04969 0.0787402
f 557/1102/191 556/1103/192 639/1104/192 638/1105/191 

vt 2.51637 0
vt 2.61546 0
vn -0.360609 -0.932717 -3.57097e-16
v -2.43487 2.37982 0.0084671
vt 2.61546 0.0787402
vt 2.51637 0.0787402
f 556/1106/192 555/1107/193 640/1108/193 639/1109/192 

vt 1.49693 0
vt 1.58754 0
vn -0.707889 -0.706324 -2.70421e-16
v -2.43294 2.37858 0.0084671
vt 1.58754 0.0787402
vt 1.49693 0.0787402
f 555/1110/193 554/1111/194 641/1112/194 640/1113/193 

vt 0.138709 0
vt 0.22963 0
vn -0.933445 -0.35872 -1.37339e-16
v -2.43169 2.37663 0.0084671
vt 0.22963 0.0787402
vt 0.138709 0.0787402
f 554/1114/194 553/1115/195 642/1116/195 641/1117/194 

vt -1.1768 0
vt -1.07661 0
vn -0.999921 0.0125854 4.81842e-18
v -2.43128 2.37412 0.0084671
vt -1.07661 0.0787402
vt -1.1768 0.0787402
f 553/1118/195 552/1119/196 643/1120/196 642/1121/195 

vt -2.15789 0
vt -2.03927 0
vn -0.91638 0.400309 1.53261e-16
v -2.43184 2.37116 0.0084671
vt -2.03927 0.0787402
vt -2.15789 0.0787402
f 552/1122/196 551/1123/197 644/1124/197 643/1125/196 

vt -3.02203 0
vt -2.9092 0
vn -0.651847 0.75835 2.9034e-16
v -2.43354 2.36885 0.0084671
vt -2.9092 0.0787402
vt -3.02203 0.0787402
f 551/1126/197 550/1127/198 645/1128/198 644/1129/197 

vt -3.31422 0
vt -3.1908 0
vn -0.291523 0.956564 3.66227e-16
v -2.43632 2.3674 0.0084671
vt -3.1908 0.0787402
vt -3.31422 0.0787402
f 550/1130/198 549/1131/199 646/1132/199 645/1133/198 

vt -3.02806 0
vt -2.8778 0
vn -0.10758 0.994196 3.80635e-16
v -2.44011 2.36698 0.0084671
vt -2.8778 0.0787402
vt -3.02806 0.0787402
f 549/1134/199 548/1135/200 647/1136/200 646/1137/199 

vt -1.6801 0
vn -0.990961 0.134148 5.13593e-17
vt -1.33659 0
v -2.44128 2.35834 0.0084671
vt -1.33659 0.0787402
vt -1.6801 0.0787402
f 548/1138/201 547/1139/201 648/1140/201 647/1141/201 

vt 2.82809 0
vn 0.160676 -0.987007 -3.77883e-16
vt 3.02237 0
vn -0.0202277 -0.999795 -3.82779e-16
v -2.43641 2.35913 0.0084671
vt 3.02237 0.0787402
vt 2.82809 0.0787402
f 547/1142/202 546/1143/203 649/1144/203 648/1145/202 

vt 2.63508 0
vt 2.75002 0
vn -0.405834 -0.913947 -3.49911e-16
v -2.43355 2.35855 0.0084671
vt 2.75002 0.0787402
vt 2.63508 0.0787402
f 546/1146/203 545/1147/204 650/1148/204 649/1149/203 

vt 1.83808 0
vt 1.95477 0
vn -0.742961 -0.669334 -2.56259e-16
v -2.43117 2.35679 0.0084671
vt 1.95477 0.0787402
vt 1.83808 0.0787402
f 545/1150/204 544/1151/205 651/1152/205 650/1153/204 

vt 0.773173 0
vt 0.898923 0
vn -0.942977 -0.332858 -1.27437e-16
v -2.42955 2.35403 0.0084671
vt 0.898923 0.0787402
vt 0.773173 0.0787402
f 544/1154/205 543/1155/206 652/1156/206 651/1157/205 

vt -0.334267 0
vt -0.191473 0
vn -1 -0.000973407 -3.72675e-19
v -2.42901 2.35045 0.0084671
vt -0.191473 0.0787402
vt -0.334267 0.0787402
f 543/1158/206 542/1159/207 653/1160/207 652/1161/206 

vt -1.13148 0
vt -0.980461 0
vn -0.944512 0.328478 1.2576e-16
v -2.42957 2.34665 0.0084671
vt -0.980461 0.0787402
vt -1.13148 0.0787402
f 542/1162/207 541/1163/208 654/1164/208 653/1165/207 

vt -2.0328 0
vt -1.89986 0
vn -0.747686 0.664053 2.54237e-16
v -2.43126 2.34373 0.0084671
vt -1.89986 0.0787402
vt -2.0328 0.0787402
f 541/1166/208 540/1167/209 655/1168/209 654/1169/208 

vt -2.72855 0
vt -2.60547 0
vn -0.409528 0.912298 3.49279e-16
v -2.43377 2.34186 0.0084671
vt -2.60547 0.0787402
vt -2.72855 0.0787402
f 540/1170/209 539/1171/210 656/1172/210 655/1173/209 

vt -3.00698 0
vt -2.88538 0
vn -0.0108845 0.999941 3.82834e-16
v -2.43679 2.34123 0.0084671
vt -2.88538 0.0787402
vt -3.00698 0.0787402
f 539/1174/210 538/1175/211 657/1176/211 656/1177/210 

vt -2.77925 0
vt -2.66591 0
vn 0.371401 0.928473 3.55472e-16
v -2.43962 2.34175 0.0084671
vt -2.66591 0.0787402
vt -2.77925 0.0787402
f 538/1178/211 537/1179/212 658/1180/212 657/1181/211 

vt -2.13751 0
vt -2.02558 0
vn 0.699929 0.714213 2.73441e-16
v -2.442 2.34331 0.0084671
vt -2.02558 0.0787402
vt -2.13751 0.0787402
f 537/1182/212 536/1183/213 659/1184/213 658/1185/212 

vt -1.18876 0
vt -1.06765 0
vn 0.909846 0.414945 1.58865e-16
v -2.44374 2.34585 0.0084671
vt -1.06765 0.0787402
vt -1.18876 0.0787402
f 536/1186/213 535/1187/214 660/1188/214 659/1189/213 

vt -0.185257 0
vt -0.0442846 0
vn 0.967449 0.253065 9.68877e-17
vt -0.0442846 0.0787402
vt -0.185257 0.0787402
f 535/1190/214 534/1191/215 598/1192/215 660/1193/214 

vt 2.57307 0.627288
vt 2.16875 0.578235
vt 2.19458 0.447286
vt 2.24085 0.329438
vt 2.30755 0.224689
vt 2.39469 0.133039
vt 2.49838 0.0585758
vt 2.61469 0.00538822
vt 2.74364 -0.0265242
vt 2.88523 -0.0371616
vt 3.0349 -0.0245268
vt 3.17174 0.0133779
vt 3.29577 0.0765526
vt 3.40698 0.164998
vt 3.49867 0.271373
vt 3.56417 0.388339
vt 3.60347 0.515896
vt 3.61657 0.654044
vt 3.58851 0.837251
vt 3.50434 0.991472
vt 3.37335 1.1063
vt 3.20482 1.17133
vt 3.34204 1.26405
vt 3.44005 1.37126
vt 3.49886 1.49297
vt 3.51846 1.62917
vt 3.48019 1.82092
vt 3.36536 1.99186
vt 3.26483 2.07771
vt 3.14908 2.13902
vt 3.01808 2.17581
vt 2.87185 2.18808
vt 2.70072 2.17117
vt 2.54706 2.12044
vt 2.41811 2.04017
vt 2.32111 1.93463
vt 2.25032 1.79658
vt 2.19997 1.61876
vt 2.58496 1.55336
vt 2.61618 1.67896
vt 2.67712 1.77038
vt 2.76074 1.82612
vt 2.85996 1.8447
vt 2.95769 1.82835
vt 3.03387 1.7793
vt 3.08293 1.70275
vt 3.09928 1.6039
vt 3.07698 1.48739
vt 3.01009 1.39653
vt 2.90084 1.33912
vt 2.75145 1.32295
vt 2.70537 0.982553
vt 2.89712 1.01377
vt 3.00972 0.990729
vt 3.10374 0.921608
vt 3.16728 0.813096
vt 3.18847 0.671882
vt 3.16636 0.522492
vt 3.10002 0.407291
vt 3.00136 0.333711
vt 2.88226 0.309185
vt 2.77077 0.329623
vt 2.67712 0.39094
vt 2.60875 0.490905
f 598/1194/6 597/1195/6 599/1196/6 600/1197/6 601/1198/6 602/1199/6 603/1200/6 604/1201/6 605/1202/6 606/1203/6 607/1204/6 608/1205/6 609/1206/6 610/1207/6 611/1208/6 612/1209/6 613/1210/6 614/1211/6 615/1212/6 616/1213/6 617/1214/6 618/1215/6 619/1216/6 620/1217/6 621/1218/6 622/1219/6 623/1220/6 624/1221/6 625/1222/6 626/1223/6 627/1224/6 628/1225/6 629/1226/6 630/1227/6 631/1228/6 632/1229/6 633/1230/6 634/1231/6 635/1232/6 636/1233/6 637/1234/6 638/1235/6 639/1236/6 640/1237/6 641/1238/6 642/1239/6 643/1240/6 644/1241/6 645/1242/6 646/1243/6 647/1244/6 648/1245/6 649/1246/6 650/1247/6 651/1248/6 652/1249/6 653/1250/6 654/1251/6 655/1252/6 656/1253/6 657/1254/6 658/1255/6 659/1256/6 660/1257/6 

g Mesh9 Group6 Model

v 2.42738 2.35373 0.0064671
v 2.43821 2.3503 0.0064671
v 2.43676 2.34606 0.0064671
v 2.4349 2.3424 0.0064671
v 2.43262 2.33933 0.0064671
v 2.42993 2.33684 0.0064671
v 2.42683 2.33491 0.0064671
v 2.42335 2.33354 0.0064671
v 2.41948 2.33271 0.0064671
v 2.41522 2.33244 0.0064671
v 2.40995 2.33291 0.0064671
v 2.40518 2.33432 0.0064671
v 2.40089 2.33667 0.0064671
v 2.3971 2.33997 0.0064671
v 2.39399 2.34408 0.0064671
v 2.39177 2.34889 0.0064671
v 2.39044 2.35438 0.0064671
v 2.39 2.36057 0.0064671
v 2.39045 2.36709 0.0064671
v 2.39178 2.37284 0.0064671
v 2.39401 2.37782 0.0064671
v 2.39714 2.38203 0.0064671
v 2.40098 2.38538 0.0064671
v 2.4054 2.38776 0.0064671
v 2.41037 2.3892 0.0064671
v 2.4159 2.38968 0.0064671
v 2.42074 2.3893 0.0064671
v 2.4251 2.38818 0.0064671
v 2.42899 2.3863 0.0064671
v 2.4324 2.38367 0.0064671
v 2.4357 2.37935 0.0064671
v 2.43806 2.37348 0.0064671
v 2.427 2.37084 0.0064671
v 2.42549 2.37469 0.0064671
v 2.4229 2.37763 0.0064671
v 2.41945 2.3795 0.0064671
v 2.41533 2.38012 0.0064671
v 2.4124 2.37985 0.0064671
v 2.40976 2.37902 0.0064671
v 2.40741 2.37764 0.0064671
v 2.40535 2.37571 0.0064671
v 2.40367 2.37316 0.0064671
v 2.40247 2.36992 0.0064671
v 2.40176 2.366 0.0064671
v 2.40152 2.3614 0.0064671
v 2.40175 2.35653 0.0064671
v 2.40246 2.35241 0.0064671
v 2.40364 2.34905 0.0064671
v 2.40529 2.34645 0.0064671
v 2.40732 2.3445 0.0064671
v 2.40963 2.3431 0.0064671
v 2.41223 2.34227 0.0064671
v 2.41511 2.34199 0.0064671
v 2.41925 2.3427 0.0064671
v 2.42277 2.34482 0.0064671
v 2.42553 2.34847 0.0064671
f 661/241/1 662/242/1 663/243/1 664/244/1 665/245/1 666/246/1 667/247/1 668/248/1 669/249/1 670/250/1 671/251/1 672/252/1 673/253/1 674/254/1 675/255/1 676/256/1 677/257/1 678/258/1 679/259/1 680/260/1 681/261/1 682/262/1 683/263/1 684/264/1 685/265/1 686/266/1 687/267/1 688/268/1 689/269/1 690/270/1 691/271/1 692/272/1 693/273/1 694/274/1 695/275/1 696/276/1 697/277/1 698/278/1 699/279/1 700/280/1 701/281/1 702/282/1 703/283/1 704/284/1 705/285/1 706/286/1 707/287/1 708/288/1 709/289/1 710/290/1 711/291/1 712/292/1 713/293/1 714/294/1 715/295/1 716/296/1 

v 2.42738 2.35373 0.0084671
v 2.43821 2.3503 0.0084671
f 662/297/42 661/298/42 717/299/42 718/300/42 

v 2.42553 2.34847 0.0084671
f 661/301/43 716/302/44 719/303/44 717/304/43 

v 2.42277 2.34482 0.0084671
f 716/305/44 715/306/45 720/307/45 719/308/44 

v 2.41925 2.3427 0.0084671
f 715/309/45 714/310/46 721/311/46 720/312/45 

v 2.41511 2.34199 0.0084671
f 714/313/46 713/314/47 722/315/47 721/316/46 

v 2.41223 2.34227 0.0084671
f 713/317/47 712/318/48 723/319/48 722/320/47 

v 2.40963 2.3431 0.0084671
f 712/321/48 711/322/49 724/323/49 723/324/48 

v 2.40732 2.3445 0.0084671
f 711/325/49 710/326/50 725/327/50 724/328/49 

v 2.40529 2.34645 0.0084671
f 710/329/50 709/330/51 726/331/51 725/332/50 

v 2.40364 2.34905 0.0084671
f 709/333/51 708/334/52 727/335/52 726/336/51 

v 2.40246 2.35241 0.0084671
f 708/337/52 707/338/53 728/339/53 727/340/52 

v 2.40175 2.35653 0.0084671
f 707/341/53 706/342/54 729/343/54 728/344/53 

v 2.40152 2.3614 0.0084671
f 706/345/54 705/346/55 730/347/55 729/348/54 

v 2.40176 2.366 0.0084671
f 705/349/55 704/350/56 731/351/56 730/352/55 

v 2.40247 2.36992 0.0084671
f 704/353/56 703/354/57 732/355/57 731/356/56 

v 2.40367 2.37316 0.0084671
f 703/357/57 702/358/58 733/359/58 732/360/57 

v 2.40535 2.37571 0.0084671
f 702/361/58 701/362/59 734/363/59 733/364/58 

v 2.40741 2.37764 0.0084671
f 701/365/59 700/366/60 735/367/60 734/368/59 

v 2.40976 2.37902 0.0084671
f 700/369/60 699/370/61 736/371/61 735/372/60 

v 2.4124 2.37985 0.0084671
f 699/373/61 698/374/62 737/375/62 736/376/61 

v 2.41533 2.38012 0.0084671
f 698/377/62 697/378/63 738/379/63 737/380/62 

v 2.41945 2.3795 0.0084671
f 697/381/63 696/382/64 739/383/64 738/384/63 

v 2.4229 2.37763 0.0084671
f 696/385/64 695/386/65 740/387/65 739/388/64 

v 2.42549 2.37469 0.0084671
f 695/389/65 694/390/66 741/391/66 740/392/65 

v 2.427 2.37084 0.0084671
f 694/393/66 693/394/67 742/395/67 741/396/66 

v 2.43806 2.37348 0.0084671
f 693/397/68 692/398/68 743/399/68 742/400/68 

v 2.4357 2.37935 0.0084671
f 692/401/69 691/402/70 744/403/70 743/404/69 

v 2.4324 2.38367 0.0084671
f 691/405/70 690/406/71 745/407/71 744/408/70 

v 2.42899 2.3863 0.0084671
f 690/409/71 689/410/72 746/411/72 745/412/71 

v 2.4251 2.38818 0.0084671
f 689/413/72 688/414/73 747/415/73 746/416/72 

v 2.42074 2.3893 0.0084671
f 688/417/73 687/418/74 748/419/74 747/420/73 

v 2.4159 2.38968 0.0084671
f 687/421/74 686/422/75 749/423/75 748/424/74 

v 2.41037 2.3892 0.0084671
f 686/425/75 685/426/76 750/427/76 749/428/75 

v 2.4054 2.38776 0.0084671
f 685/429/76 684/430/77 751/431/77 750/432/76 

v 2.40098 2.38538 0.0084671
f 684/433/77 683/434/78 752/435/78 751/436/77 

v 2.39714 2.38203 0.0084671
f 683/437/78 682/438/79 753/439/79 752/440/78 

v 2.39401 2.37782 0.0084671
f 682/441/79 681/442/80 754/443/80 753/444/79 

v 2.39178 2.37284 0.0084671
f 681/445/80 680/446/81 755/447/81 754/448/80 

v 2.39045 2.36709 0.0084671
f 680/449/81 679/450/82 756/451/82 755/452/81 

v 2.39 2.36057 0.0084671
f 679/453/82 678/454/83 757/455/83 756/456/82 

v 2.39044 2.35438 0.0084671
f 678/457/83 677/458/84 758/459/84 757/460/83 

v 2.39177 2.34889 0.0084671
f 677/461/84 676/462/85 759/463/85 758/464/84 

v 2.39399 2.34408 0.0084671
f 676/465/85 675/466/86 760/467/86 759/468/85 

v 2.3971 2.33997 0.0084671
f 675/469/86 674/470/87 761/471/87 760/472/86 

v 2.40089 2.33667 0.0084671
f 674/473/87 673/474/88 762/475/88 761/476/87 

v 2.40518 2.33432 0.0084671
f 673/477/88 672/478/89 763/479/89 762/480/88 

v 2.40995 2.33291 0.0084671
f 672/481/89 671/482/90 764/483/90 763/484/89 

v 2.41522 2.33244 0.0084671
f 671/485/90 670/486/91 765/487/91 764/488/90 

v 2.41948 2.33271 0.0084671
f 670/489/91 669/490/92 766/491/92 765/492/91 

v 2.42335 2.33354 0.0084671
f 669/493/92 668/494/93 767/495/93 766/496/92 

v 2.42683 2.33491 0.0084671
f 668/497/93 667/498/94 768/499/94 767/500/93 

v 2.42993 2.33684 0.0084671
f 667/501/94 666/502/95 769/503/95 768/504/94 

v 2.43262 2.33933 0.0084671
f 666/505/95 665/506/96 770/507/96 769/508/95 

v 2.4349 2.3424 0.0084671
f 665/509/96 664/510/97 771/511/97 770/512/96 

v 2.43676 2.34606 0.0084671
f 664/513/97 663/514/98 772/515/98 771/516/97 

f 663/517/98 662/518/99 718/519/99 772/520/98 

f 718/521/6 717/522/6 719/523/6 720/524/6 721/525/6 722/526/6 723/527/6 724/528/6 725/529/6 726/530/6 727/531/6 728/532/6 729/533/6 730/534/6 731/535/6 732/536/6 733/537/6 734/538/6 735/539/6 736/540/6 737/541/6 738/542/6 739/543/6 740/544/6 741/545/6 742/546/6 743/547/6 744/548/6 745/549/6 746/550/6 747/551/6 748/552/6 749/553/6 750/554/6 751/555/6 752/556/6 753/557/6 754/558/6 755/559/6 756/560/6 757/258/6 758/561/6 759/562/6 760/563/6 761/564/6 762/565/6 763/566/6 764/567/6 765/568/6 766/569/6 767/570/6 768/571/6 769/572/6 770/573/6 771/574/6 772/575/6 

g Mesh10 Group6 Model

v 2.48341 2.35385 0.0064671
vt -3.67751 0.805664
v 2.47654 2.34452 0.0064671
vt -3.40698 0.438507
v 2.47654 2.35385 0.0064671
vt -3.40698 0.805664
f 773/1258/1 774/1259/1 775/1260/1

v 2.48341 2.34452 0.0064671
vt -3.67751 0.438507
f 774/1259/1 773/1258/1 776/1261/1

vt 0.438507 0
vt 0.805664 0
v 2.48341 2.35385 0.0084671
vt 0.805664 0.0787402
v 2.48341 2.34452 0.0084671
vt 0.438507 0.0787402
f 776/1262/4 773/1263/4 777/1264/4 778/1265/4 

vt -3.67751 0
vt -3.40698 0
v 2.47654 2.35385 0.0084671
vt -3.40698 0.0787402
vt -3.67751 0.0787402
f 773/1266/5 775/1267/5 779/1268/5 777/1269/5 

v 2.47654 2.38896 0.0064671
v 2.47654 2.38896 0.0084671
f 775/1263/4 780/591/4 781/592/4 779/1264/4 

v 2.47654 2.33338 0.0064671
vt -3.40698 2.18808
f 782/1267/1 780/1270/1 775/1260/1

v 2.46763 2.38896 0.0064671
vt -3.05617 2.18808
f 782/1267/1 783/1271/1 780/1270/1

v 2.46627 2.33338 0.0064671
vt -3.00266 0
f 784/1272/1 783/1271/1 782/1267/1

v 2.46627 2.34452 0.0064671
vt -3.00266 0.438507
f 785/1273/1 783/1271/1 784/1272/1

v 2.46627 2.35385 0.0064671
vt -3.00266 0.805664
f 786/1274/1 783/1271/1 785/1273/1

v 2.46627 2.37276 0.0064671
vt -3.00266 1.55038
f 787/1275/1 783/1271/1 786/1274/1

v 2.45354 2.35385 0.0064671
vt -2.50172 0.805664
f 788/1276/1 783/1271/1 787/1275/1

v 2.44361 2.34452 0.0064671
vt -2.11078 0.438507
f 789/1277/1 783/1271/1 788/1276/1

v 2.44361 2.35381 0.0064671
vt -2.11078 0.804177
f 783/1271/1 789/1277/1 790/1278/1

vt -0.804177 0
vt -0.438507 0
v 2.44361 2.34452 0.0084671
vt -0.438507 0.0787402
v 2.44361 2.35381 0.0084671
vt -0.804177 0.0787402
f 790/1279/2 789/1280/2 791/1281/2 792/1282/2 

vt 2.11078 0
vt 3.00266 0
v 2.46627 2.34452 0.0084671
vt 3.00266 0.0787402
vt 2.11078 0.0787402
f 789/1283/3 785/1284/3 793/1285/3 791/1286/3 

f 788/1276/1 785/1273/1 789/1277/1

f 785/1273/1 788/1276/1 786/1274/1

vt -2.50172 0
v 2.45354 2.35385 0.0084671
vt -2.50172 0.0787402
v 2.46627 2.35385 0.0084671
vt -3.00266 0.0787402
f 786/1272/5 788/1287/5 794/1288/5 795/1289/5 

vt 2.0648 0
vn 0.82975 -0.558135 -2.13686e-16
vt 2.96232 0
v 2.46627 2.37276 0.0084671
vt 2.96232 0.0787402
vt 2.0648 0.0787402
f 788/1290/216 787/1291/216 796/1292/216 794/1293/216 

vt -1.55038 0
vt -0.805664 0
vt -0.805664 0.0787402
vt -1.55038 0.0787402
f 787/1294/2 786/1295/2 795/1296/2 796/1297/2 

vt 3.00266 0.805664
v 2.47654 2.33338 0.0084671
vt 3.40698 0
vt 3.00266 1.55038
f 795/1298/6 797/1299/6 796/1300/6

vt 3.00266 0.438507
f 793/1301/6 797/1299/6 795/1298/6

v 2.46627 2.33338 0.0084671
f 797/1299/6 793/1301/6 798/1284/6

f 785/1280/2 784/1/2 798/8/2 793/1281/2 

vt 3.40698 0.0787402
f 784/1284/3 782/1299/3 797/1302/3 798/1285/3 

v 2.47654 2.34452 0.0084671
f 782/1/4 774/1262/4 799/1265/4 797/8/4 

f 782/1267/1 775/1260/1 774/1259/1

vt 3.67751 0
vt 3.67751 0.0787402
f 774/1299/3 776/1303/3 778/1304/3 799/1302/3 

vt 3.67751 0.438507
vt 3.40698 0.805664
vt 3.40698 0.438507
f 778/1305/6 779/1306/6 799/1307/6

vt 3.67751 0.805664
f 779/1306/6 778/1305/6 777/1308/6

vt 3.40698 2.18808
f 781/1309/6 799/1307/6 779/1306/6

f 781/1309/6 797/1299/6 799/1307/6

v 2.46763 2.38896 0.0084671
vt 3.05617 2.18808
f 800/1310/6 797/1299/6 781/1309/6

f 796/1300/6 797/1299/6 800/1310/6

vt 2.50172 0.805664
f 800/1310/6 794/1311/6 796/1300/6

vt 2.11078 0.804177
f 794/1311/6 800/1310/6 792/1312/6

vt -3.53066 0
vn -0.82572 0.56408 2.15962e-16
vt -1.85467 0
vt -1.85467 0.0787402
vt -3.53066 0.0787402
f 783/1313/217 790/1314/217 792/1315/217 800/1316/217 

vt -3.05617 0
vt -3.05617 0.0787402
f 780/1267/5 783/1317/5 800/1318/5 781/1268/5 

f 792/1312/6 793/1301/6 794/1311/6

vt 2.11078 0.438507
f 793/1301/6 792/1312/6 791/1319/6

f 794/1311/6 793/1301/6 795/1298/6

g Mesh11 Group7 Model

v -2.57262 2.35373 2.90647
v -2.56179 2.3503 2.90647
v -2.56324 2.34606 2.90647
v -2.5651 2.3424 2.90647
v -2.56738 2.33933 2.90647
v -2.57007 2.33684 2.90647
v -2.57317 2.33491 2.90647
v -2.57665 2.33354 2.90647
v -2.58052 2.33271 2.90647
v -2.58478 2.33244 2.90647
v -2.59005 2.33291 2.90647
v -2.59482 2.33432 2.90647
v -2.59911 2.33667 2.90647
v -2.6029 2.33997 2.90647
v -2.60601 2.34408 2.90647
v -2.60823 2.34889 2.90647
v -2.60956 2.35438 2.90647
v -2.61 2.36057 2.90647
v -2.60955 2.36709 2.90647
v -2.60822 2.37284 2.90647
v -2.60599 2.37782 2.90647
v -2.60286 2.38203 2.90647
v -2.59902 2.38538 2.90647
v -2.5946 2.38776 2.90647
v -2.58963 2.3892 2.90647
v -2.5841 2.38968 2.90647
v -2.57926 2.3893 2.90647
v -2.5749 2.38818 2.90647
v -2.57101 2.3863 2.90647
v -2.5676 2.38367 2.90647
v -2.5643 2.37935 2.90647
v -2.56194 2.37348 2.90647
v -2.573 2.37084 2.90647
v -2.57451 2.37469 2.90647
v -2.5771 2.37763 2.90647
v -2.58055 2.3795 2.90647
v -2.58467 2.38012 2.90647
v -2.5876 2.37985 2.90647
v -2.59024 2.37902 2.90647
v -2.59259 2.37764 2.90647
v -2.59465 2.37571 2.90647
v -2.59633 2.37316 2.90647
v -2.59753 2.36992 2.90647
v -2.59824 2.366 2.90647
v -2.59848 2.3614 2.90647
v -2.59825 2.35653 2.90647
v -2.59754 2.35241 2.90647
v -2.59636 2.34905 2.90647
v -2.59471 2.34645 2.90647
v -2.59268 2.3445 2.90647
v -2.59037 2.3431 2.90647
v -2.58777 2.34227 2.90647
v -2.58489 2.34199 2.90647
v -2.58075 2.3427 2.90647
v -2.57723 2.34482 2.90647
v -2.57447 2.34847 2.90647
f 801/241/1 802/242/1 803/243/1 804/244/1 805/245/1 806/246/1 807/247/1 808/248/1 809/249/1 810/250/1 811/251/1 812/252/1 813/253/1 814/254/1 815/255/1 816/256/1 817/257/1 818/258/1 819/259/1 820/260/1 821/261/1 822/262/1 823/263/1 824/264/1 825/265/1 826/266/1 827/267/1 828/268/1 829/269/1 830/270/1 831/271/1 832/272/1 833/273/1 834/274/1 835/275/1 836/276/1 837/277/1 838/278/1 839/279/1 840/280/1 841/281/1 842/282/1 843/283/1 844/284/1 845/285/1 846/286/1 847/287/1 848/288/1 849/289/1 850/290/1 851/291/1 852/292/1 853/293/1 854/294/1 855/295/1 856/296/1 

v -2.57262 2.35373 2.90847
v -2.56179 2.3503 2.90847
f 802/297/42 801/298/42 857/299/42 858/300/42 

v -2.57447 2.34847 2.90847
f 801/301/43 856/302/44 859/303/44 857/304/43 

v -2.57723 2.34482 2.90847
f 856/305/44 855/306/45 860/307/45 859/308/44 

v -2.58075 2.3427 2.90847
f 855/309/45 854/310/46 861/311/46 860/312/45 

v -2.58489 2.34199 2.90847
f 854/313/46 853/314/47 862/315/47 861/316/46 

v -2.58777 2.34227 2.90847
f 853/317/47 852/318/48 863/319/48 862/320/47 

v -2.59037 2.3431 2.90847
f 852/321/48 851/322/49 864/323/49 863/324/48 

v -2.59268 2.3445 2.90847
f 851/325/49 850/326/50 865/327/50 864/328/49 

v -2.59471 2.34645 2.90847
f 850/329/50 849/330/51 866/331/51 865/332/50 

v -2.59636 2.34905 2.90847
f 849/333/51 848/334/52 867/335/52 866/336/51 

v -2.59754 2.35241 2.90847
f 848/337/52 847/338/53 868/339/53 867/340/52 

v -2.59825 2.35653 2.90847
f 847/341/53 846/342/54 869/343/54 868/344/53 

v -2.59848 2.3614 2.90847
f 846/345/54 845/346/55 870/347/55 869/348/54 

v -2.59824 2.366 2.90847
f 845/349/55 844/350/56 871/351/56 870/352/55 

v -2.59753 2.36992 2.90847
f 844/353/56 843/354/57 872/355/57 871/356/56 

v -2.59633 2.37316 2.90847
f 843/357/57 842/358/58 873/359/58 872/360/57 

v -2.59465 2.37571 2.90847
f 842/361/58 841/362/59 874/363/59 873/364/58 

v -2.59259 2.37764 2.90847
f 841/365/59 840/366/60 875/367/60 874/368/59 

v -2.59024 2.37902 2.90847
f 840/369/60 839/370/61 876/371/61 875/372/60 

v -2.5876 2.37985 2.90847
f 839/373/61 838/374/62 877/375/62 876/376/61 

v -2.58467 2.38012 2.90847
f 838/377/62 837/378/63 878/379/63 877/380/62 

v -2.58055 2.3795 2.90847
f 837/381/63 836/382/64 879/383/64 878/384/63 

v -2.5771 2.37763 2.90847
f 836/385/64 835/386/65 880/387/65 879/388/64 

v -2.57451 2.37469 2.90847
f 835/389/65 834/390/66 881/391/66 880/392/65 

v -2.573 2.37084 2.90847
f 834/393/66 833/394/67 882/395/67 881/396/66 

v -2.56194 2.37348 2.90847
f 833/397/68 832/398/68 883/399/68 882/400/68 

v -2.5643 2.37935 2.90847
f 832/401/69 831/402/70 884/403/70 883/404/69 

v -2.5676 2.38367 2.90847
f 831/405/70 830/406/71 885/407/71 884/408/70 

v -2.57101 2.3863 2.90847
f 830/409/71 829/410/72 886/411/72 885/412/71 

v -2.5749 2.38818 2.90847
f 829/413/72 828/414/73 887/415/73 886/416/72 

v -2.57926 2.3893 2.90847
f 828/417/73 827/418/74 888/419/74 887/420/73 

v -2.5841 2.38968 2.90847
f 827/421/74 826/422/75 889/423/75 888/424/74 

v -2.58963 2.3892 2.90847
f 826/425/75 825/426/76 890/427/76 889/428/75 

v -2.5946 2.38776 2.90847
f 825/429/76 824/430/77 891/431/77 890/432/76 

v -2.59902 2.38538 2.90847
f 824/433/77 823/434/78 892/435/78 891/436/77 

v -2.60286 2.38203 2.90847
f 823/437/78 822/438/79 893/439/79 892/440/78 

v -2.60599 2.37782 2.90847
f 822/441/79 821/442/80 894/443/80 893/444/79 

v -2.60822 2.37284 2.90847
f 821/445/80 820/446/81 895/447/81 894/448/80 

v -2.60955 2.36709 2.90847
f 820/449/81 819/450/82 896/451/82 895/452/81 

v -2.61 2.36057 2.90847
f 819/453/82 818/454/83 897/455/83 896/456/82 

v -2.60956 2.35438 2.90847
f 818/457/83 817/458/84 898/459/84 897/460/83 

v -2.60823 2.34889 2.90847
f 817/461/84 816/462/85 899/463/85 898/464/84 

v -2.60601 2.34408 2.90847
f 816/465/85 815/466/86 900/467/86 899/468/85 

v -2.6029 2.33997 2.90847
f 815/469/86 814/470/87 901/471/87 900/472/86 

v -2.59911 2.33667 2.90847
f 814/473/87 813/474/88 902/475/88 901/476/87 

v -2.59482 2.33432 2.90847
f 813/477/88 812/478/89 903/479/89 902/480/88 

v -2.59005 2.33291 2.90847
f 812/481/89 811/482/90 904/483/90 903/484/89 

v -2.58478 2.33244 2.90847
f 811/485/90 810/486/91 905/487/91 904/488/90 

v -2.58052 2.33271 2.90847
f 810/489/91 809/490/92 906/491/92 905/492/91 

v -2.57665 2.33354 2.90847
f 809/493/92 808/494/93 907/495/93 906/496/92 

v -2.57317 2.33491 2.90847
f 808/497/93 807/498/94 908/499/94 907/500/93 

v -2.57007 2.33684 2.90847
f 807/501/94 806/502/95 909/503/95 908/504/94 

v -2.56738 2.33933 2.90847
f 806/505/95 805/506/96 910/507/96 909/508/95 

v -2.5651 2.3424 2.90847
f 805/509/96 804/510/97 911/511/97 910/512/96 

v -2.56324 2.34606 2.90847
f 804/513/97 803/514/98 912/515/98 911/516/97 

f 803/517/98 802/518/99 858/519/99 912/520/98 

f 858/521/6 857/522/6 859/523/6 860/524/6 861/525/6 862/526/6 863/527/6 864/528/6 865/529/6 866/530/6 867/531/6 868/532/6 869/533/6 870/534/6 871/535/6 872/536/6 873/537/6 874/538/6 875/539/6 876/540/6 877/541/6 878/542/6 879/543/6 880/544/6 881/545/6 882/546/6 883/547/6 884/548/6 885/549/6 886/550/6 887/551/6 888/552/6 889/553/6 890/554/6 891/555/6 892/556/6 893/557/6 894/558/6 895/559/6 896/560/6 897/258/6 898/561/6 899/562/6 900/563/6 901/564/6 902/565/6 903/566/6 904/567/6 905/568/6 906/569/6 907/570/6 908/571/6 909/572/6 910/573/6 911/574/6 912/575/6 

g Mesh12 Group7 Model

v -2.55439 2.34762 2.90647
vt -2.18956 0.560397
v -2.54381 2.34871 2.90647
vt -2.60577 0.603505
v -2.54292 2.3455 2.90647
vt -2.64108 0.476969
v -2.54113 2.34303 2.90647
vt -2.71131 0.379792
v -2.53874 2.34146 2.90647
vt -2.8057 0.317918
v -2.536 2.34093 2.90647
vt -2.91347 0.297293
v -2.53293 2.34161 2.90647
vt -3.03425 0.323863
v -2.53037 2.34363 2.90647
vt -3.13495 0.403575
v -2.52864 2.34702 2.90647
vt -3.20296 0.536799
v -2.52807 2.35177 2.90647
vt -3.22563 0.723908
v -2.52864 2.35623 2.90647
vt -3.20315 0.899497
v -2.53035 2.35941 2.90647
vt -3.1357 1.02492
v -2.53298 2.36133 2.90647
vt -3.0322 1.10017
v -2.5363 2.36196 2.90647
vt -2.90158 1.12525
v -2.54063 2.36095 2.90647
vt -2.73101 1.08549
v -2.54449 2.35792 2.90647
vt -2.57902 0.966202
v -2.5531 2.35917 2.90647
vt -2.2401 1.01526
v -2.54766 2.38798 2.90647
vt -2.45415 2.14943
v -2.51961 2.38798 2.90647
vt -3.5586 2.14943
v -2.51961 2.37805 2.90647
vt -3.5586 1.75849
v -2.53962 2.37805 2.90647
vt -2.77077 1.75849
v -2.54128 2.36865 2.90647
vt -2.70537 1.38836
v -2.5377 2.36998 2.90647
vt -2.84658 1.44076
v -2.53403 2.37042 2.90647
vt -2.99077 1.45822
v -2.53064 2.3701 2.90647
vt -3.12446 1.44559
v -2.52751 2.36914 2.90647
vt -3.24755 1.40768
v -2.52465 2.36753 2.90647
vt -3.36006 1.34451
v -2.52207 2.36529 2.90647
vt -3.46198 1.25606
v -2.51992 2.36253 2.90647
vt -3.54652 1.14746
v -2.51838 2.35939 2.90647
vt -3.60691 1.0238
v -2.51746 2.35586 2.90647
vt -3.64314 0.885097
v -2.51716 2.35196 2.90647
vt -3.65522 0.731341
v -2.51815 2.34549 2.90647
vt -3.6162 0.476783
v -2.52112 2.33976 2.90647
vt -3.49914 0.251213
v -2.52408 2.33656 2.90647
vt -3.38254 0.125048
v -2.52757 2.33427 2.90647
vt -3.24532 0.0349316
v -2.53158 2.3329 2.90647
vt -3.08748 -0.0191384
v -2.53611 2.33244 2.90647
vt -2.90901 -0.0371616
v -2.53977 2.33269 2.90647
vt -2.7651 -0.0270352
v -2.54307 2.33347 2.90647
vt -2.63513 0.00334434
v -2.54602 2.33475 2.90647
vt -2.51909 0.053977
v -2.54861 2.33655 2.90647
vt -2.41699 0.124863
v -2.55078 2.33879 2.90647
vt -2.33143 0.212843
v -2.55247 2.34138 2.90647
vt -2.265 0.314759
v -2.55367 2.34432 2.90647
vt -2.21771 0.43061
f 913/1320/1 914/1321/1 915/1322/1 916/1323/1 917/1324/1 918/1325/1 919/1326/1 920/1327/1 921/1328/1 922/1329/1 923/1330/1 924/1331/1 925/1332/1 926/1333/1 927/1334/1 928/1335/1 929/1336/1 930/1337/1 931/1338/1 932/1339/1 933/1340/1 934/1341/1 935/1342/1 936/1343/1 937/1344/1 938/1345/1 939/1346/1 940/1347/1 941/1348/1 942/1349/1 943/1350/1 944/1351/1 945/1352/1 946/1353/1 947/1354/1 948/1355/1 949/1356/1 950/1357/1 951/1358/1 952/1359/1 953/1360/1 954/1361/1 955/1362/1 956/1363/1 957/1364/1 

vt -2.65408 0
vn -0.10302 0.994679 3.8082e-16
vt -2.23564 0
v -2.55439 2.34762 2.90847
vt -2.23564 0.0787402
v -2.54381 2.34871 2.90847
vt -2.65408 0.0787402
f 914/1365/218 913/1366/218 958/1367/218 959/1368/218 

vt -0.0835547 0
vn -0.977277 -0.211964 -8.11519e-17
vt 0.0492502 0
vn -0.955171 -0.296056 -1.13347e-16
v -2.55367 2.34432 2.90847
vt 0.0492502 0.0787402
vt -0.0835547 0.0787402
f 913/1369/219 957/1370/220 960/1371/220 958/1372/219 

vt 0.439417 0
vt 0.564548 0
vn -0.8858 -0.464067 -1.77671e-16
v -2.55247 2.34138 2.90847
vt 0.564548 0.0787402
vt 0.439417 0.0787402
f 957/1373/220 956/1374/221 961/1375/221 960/1376/220 

vt 0.973077 0
vt 1.09473 0
vn -0.780986 -0.624548 -2.39113e-16
v -2.55078 2.33879 2.90847
vt 1.09473 0.0787402
vt 0.973077 0.0787402
f 956/1377/221 955/1378/222 962/1379/222 961/1380/221 

vt 1.47288 0
vt 1.59561 0
vn -0.64658 -0.762847 -2.92061e-16
v -2.54861 2.33655 2.90847
vt 1.59561 0.0787402
vt 1.47288 0.0787402
f 955/1381/222 954/1382/223 963/1383/223 962/1384/222 

vt 1.9142 0
vt 2.03849 0
vn -0.487441 -0.873156 -3.34294e-16
v -2.54602 2.33475 2.90847
vt 2.03849 0.0787402
vt 1.9142 0.0787402
f 954/1385/223 953/1386/224 964/1387/224 963/1388/223 

vt 2.28727 0
vt 2.41388 0
vn -0.31507 -0.949069 -3.63357e-16
v -2.54307 2.33347 2.90847
vt 2.41388 0.0787402
vt 2.28727 0.0787402
f 953/1389/224 952/1390/225 965/1391/225 964/1392/224 

vt 2.56521 0
vt 2.69868 0
vn -0.149372 -0.988781 -3.78562e-16
v -2.53977 2.33269 2.90847
vt 2.69868 0.0787402
vt 2.56521 0.0787402
f 952/1393/225 951/1394/226 966/1395/226 965/1396/225 

vt 2.76018 0
vt 2.90444 0
vn 0.0151971 -0.999885 -3.82813e-16
v -2.53611 2.33244 2.90847
vt 2.90444 0.0787402
vt 2.76018 0.0787402
f 951/1397/226 950/1398/227 967/1399/227 966/1400/226 

vt 2.89056 0
vt 3.06993 0
vn 0.213676 -0.976905 -3.74015e-16
v -2.53158 2.3329 2.90847
vt 3.06993 0.0787402
vt 2.89056 0.0787402
f 950/1401/227 949/1402/228 968/1403/228 967/1404/227 

vt 2.91466 0
vt 3.08151 0
vn 0.439967 -0.898014 -3.43811e-16
v -2.52757 2.33427 2.90847
vt 3.08151 0.0787402
vt 2.91466 0.0787402
f 949/1405/228 948/1406/229 969/1407/229 968/1408/228 

vt 2.73181 0
vt 2.89598 0
vn 0.646469 -0.76294 -2.92097e-16
v -2.52408 2.33656 2.90847
vt 2.89598 0.0787402
vt 2.73181 0.0787402
f 948/1409/229 947/1410/230 970/1411/230 969/1412/229 

vt 2.38759 0
vt 2.55938 0
vn 0.818303 -0.574788 -2.20061e-16
v -2.52112 2.33976 2.90847
vt 2.55938 0.0787402
vt 2.38759 0.0787402
f 947/1413/230 946/1414/231 971/1415/231 970/1416/230 

vt 1.83474 0
vt 2.08887 0
vn 0.950674 -0.310192 -1.18759e-16
v -2.51815 2.34549 2.90847
vt 2.08887 0.0787402
vt 1.83474 0.0787402
f 946/1417/231 945/1418/232 972/1419/232 971/1420/231 

vt 1.01918 0
vt 1.27671 0
vn 0.999321 -0.0368476 -1.41074e-17
v -2.51716 2.35196 2.90847
vt 1.27671 0.0787402
vt 1.01918 0.0787402
f 945/1421/232 944/1422/233 973/1423/233 972/1424/232 

vt 0.442863 0
vt 0.597093 0
vn 0.986096 0.166174 6.36209e-17
v -2.51746 2.35586 2.90847
vt 0.597093 0.0787402
vt 0.442863 0.0787402
f 944/1425/233 943/1426/234 974/1427/234 973/1428/233 

vt -0.0643968 0
vt 0.078963 0
vn 0.937682 0.347495 1.33041e-16
v -2.51838 2.35939 2.90847
vt 0.078963 0.0787402
vt -0.0643968 0.0787402
f 943/1429/234 942/1430/235 975/1431/235 974/1432/234 

vt -0.662833 0
vt -0.52522 0
vn 0.848383 0.529383 2.02678e-16
v -2.51992 2.36253 2.90847
vt -0.52522 0.0787402
vt -0.662833 0.0787402
f 942/1433/235 941/1434/236 976/1435/236 975/1436/235 

vt -1.27306 0
vt -1.13543 0
vn 0.725695 0.688016 2.63412e-16
v -2.52207 2.36529 2.90847
vt -1.13543 0.0787402
vt -1.27306 0.0787402
f 941/1437/236 940/1438/237 977/1439/237 976/1440/236 

vt -1.79142 0
vt -1.65648 0
vn 0.575486 0.817812 3.13105e-16
v -2.52465 2.36753 2.90847
vt -1.65648 0.0787402
vt -1.79142 0.0787402
f 940/1441/237 939/1442/238 978/1443/238 977/1444/237 

vt -2.27148 0
vt -2.14245 0
vn 0.394182 0.919032 3.51858e-16
v -2.52751 2.36914 2.90847
vt -2.14245 0.0787402
vt -2.27148 0.0787402
f 939/1445/238 938/1446/239 979/1447/239 978/1448/238 

vt -2.68948 0
vt -2.56068 0
vn 0.195208 0.980762 3.75491e-16
v -2.53064 2.3701 2.90847
vt -2.56068 0.0787402
vt -2.68948 0.0787402
f 938/1449/239 937/1450/240 980/1451/240 979/1452/239 

vt -2.97458 0
vt -2.8403 0
vn -0.013158 0.999913 3.82824e-16
v -2.53403 2.37042 2.90847
vt -2.8403 0.0787402
vt -2.97458 0.0787402
f 937/1453/240 936/1454/241 981/1455/241 980/1456/240 

vt -3.14442 0
vt -2.99918 0
vn -0.235688 0.971829 3.72071e-16
v -2.5377 2.36998 2.90847
vt -2.99918 0.0787402
vt -3.14442 0.0787402
f 936/1457/241 935/1458/242 982/1459/242 981/1460/241 

vt -3.16999 0
vt -3.01937 0
vn -0.347877 0.93754 3.58944e-16
v -2.54128 2.36865 2.90847
vt -3.01937 0.0787402
vt -3.16999 0.0787402
f 935/1461/242 934/1462/243 983/1463/243 982/1464/242 

vt 1.83794 0
vn 0.984744 -0.174011 -6.66213e-17
vt 2.2138 0
v -2.53962 2.37805 2.90847
vt 2.2138 0.0787402
vt 1.83794 0.0787402
f 934/1465/244 933/1466/244 984/1467/244 983/1468/244 

vt 2.77077 0
vt 3.5586 0
v -2.51961 2.37805 2.90847
vt 3.5586 0.0787402
vt 2.77077 0.0787402
f 933/1469/3 932/1470/3 985/1471/3 984/1472/3 

vt 1.75849 0
vt 2.14943 0
v -2.51961 2.38798 2.90847
vt 2.14943 0.0787402
vt 1.75849 0.0787402
f 932/1473/4 931/1474/4 986/1475/4 985/1476/4 

vt -3.5586 0
vt -2.45415 0
v -2.54766 2.38798 2.90847
vt -2.45415 0.0787402
vt -3.5586 0.0787402
f 931/1477/5 930/1478/5 987/1479/5 986/1480/5 

vt -2.56728 0
vn -0.982653 0.185455 7.10026e-17
vt -1.41308 0
v -2.5531 2.35917 2.90847
vt -1.41308 0.0787402
vt -2.56728 0.0787402
f 930/1481/245 929/1482/245 988/1483/245 987/1484/245 

vt 2.07157 0
vn -0.143244 -0.989687 -3.78909e-16
vt 2.41402 0
v -2.54449 2.35792 2.90847
vt 2.41402 0.0787402
vt 2.07157 0.0787402
f 929/1485/246 928/1486/246 989/1487/246 988/1488/246 

vt 2.62532 0
vn 0.617397 -0.786651 -3.01175e-16
vt 2.81853 0
vn 0.432467 -0.90165 -3.45203e-16
v -2.54063 2.36095 2.90847
vt 2.81853 0.0787402
vt 2.62532 0.0787402
f 928/1489/247 927/1490/248 990/1491/248 989/1492/247 

vt 2.90613 0
vt 3.08128 0
vn 0.0196491 -0.999807 -3.82783e-16
v -2.5363 2.36196 2.90847
vt 3.08128 0.0787402
vt 2.90613 0.0787402
f 927/1493/248 926/1494/249 991/1495/249 990/1496/248 

vt 2.63731 0
vt 2.77032 0
vn -0.397882 -0.917437 -3.51247e-16
v -2.53298 2.36133 2.90847
vt 2.77032 0.0787402
vt 2.63731 0.0787402
f 926/1497/249 925/1498/250 992/1499/250 991/1500/249 

vt 1.80545 0
vt 1.93341 0
vn -0.753282 -0.657698 -2.51804e-16
v -2.53035 2.35941 2.90847
vt 1.93341 0.0787402
vt 1.80545 0.0787402
f 925/1501/250 924/1502/251 993/1503/251 992/1504/250 

vt 0.582505 0
vt 0.724912 0
vn -0.952217 -0.305421 -1.16933e-16
v -2.52864 2.35623 2.90847
vt 0.724912 0.0787402
vt 0.582505 0.0787402
f 924/1505/251 923/1506/252 994/1507/252 993/1508/251 

vt -0.485398 0
vt -0.308376 0
vn -0.999994 -0.00339249 -1.29884e-18
v -2.52807 2.35177 2.90847
vt -0.308376 0.0787402
vt -0.485398 0.0787402
f 923/1509/252 922/1510/253 995/1511/253 994/1512/252 

vt -1.10661 0
vt -0.918129 0
vn -0.956431 0.291957 1.11778e-16
v -2.52864 2.34702 2.90847
vt -0.918129 0.0787402
vt -1.10661 0.0787402
f 922/1513/253 921/1514/254 996/1515/254 995/1516/253 

vt -1.93434 0
vt -1.78477 0
vn -0.773395 0.633924 2.42702e-16
v -2.53037 2.34363 2.90847
vt -1.78477 0.0787402
vt -1.93434 0.0787402
f 921/1517/254 920/1518/255 997/1519/255 996/1520/254 

vt -2.7086 0
vt -2.58016 0
vn -0.428695 0.903449 3.45892e-16
v -2.53293 2.34161 2.90847
vt -2.58016 0.0787402
vt -2.7086 0.0787402
f 920/1521/255 919/1522/256 998/1523/256 997/1524/255 

vt -3.03297 0
vt -2.9093 0
vn -0.0137282 0.999906 3.82821e-16
v -2.536 2.34093 2.90847
vt -2.9093 0.0787402
vt -3.03297 0.0787402
f 919/1525/256 918/1526/257 999/1527/257 998/1528/256 

vt -2.80566 0
vt -2.69593 0
vn 0.37525 0.926924 3.54879e-16
v -2.53874 2.34146 2.90847
vt -2.69593 0.0787402
vt -2.80566 0.0787402
f 918/1529/257 917/1530/258 1000/1531/258 999/1532/257 

vt -2.1722 0
vt -2.05934 0
vn 0.690805 0.723042 2.76821e-16
v -2.54113 2.34303 2.90847
vt -2.05934 0.0787402
vt -2.1722 0.0787402
f 917/1533/258 916/1534/259 1001/1535/259 1000/1536/258 

vt -1.2804 0
vt -1.1605 0
vn 0.9009 0.434027 1.6617e-16
v -2.54292 2.3455 2.90847
vt -1.1605 0.0787402
vt -1.2804 0.0787402
f 916/1537/259 915/1538/260 1002/1539/260 1001/1540/259 

vt -0.250332 0
vt -0.118964 0
vn 0.963214 0.268737 1.02888e-16
vt -0.118964 0.0787402
vt -0.250332 0.0787402
f 915/1541/260 914/1542/261 959/1543/261 1002/1544/260 

vt 2.60577 0.603505
vt 2.18956 0.560397
vt 2.21771 0.43061
vt 2.265 0.314759
vt 2.33143 0.212843
vt 2.41699 0.124863
vt 2.51909 0.053977
vt 2.63513 0.00334434
vt 2.7651 -0.0270352
vt 2.90901 -0.0371616
vt 3.08748 -0.0191384
vt 3.24532 0.0349316
vt 3.38254 0.125048
vt 3.49914 0.251213
vt 3.6162 0.476783
vt 3.65522 0.731341
vt 3.64314 0.885097
vt 3.60691 1.0238
vt 3.54652 1.14746
vt 3.46198 1.25606
vt 3.36006 1.34451
vt 3.24755 1.40768
vt 3.12446 1.44559
vt 2.99077 1.45822
vt 2.84658 1.44076
vt 2.70537 1.38836
vt 2.77077 1.75849
vt 3.5586 1.75849
vt 3.5586 2.14943
vt 2.45415 2.14943
vt 2.2401 1.01526
vt 2.57902 0.966202
vt 2.73101 1.08549
vt 2.90158 1.12525
vt 3.0322 1.10017
vt 3.1357 1.02492
vt 3.20315 0.899497
vt 3.22563 0.723908
vt 3.20296 0.536799
vt 3.13495 0.403575
vt 3.03425 0.323863
vt 2.91347 0.297293
vt 2.8057 0.317918
vt 2.71131 0.379792
vt 2.64108 0.476969
f 959/1545/6 958/1546/6 960/1547/6 961/1548/6 962/1549/6 963/1550/6 964/1551/6 965/1552/6 966/1553/6 967/1554/6 968/1555/6 969/1556/6 970/1557/6 971/1558/6 972/1559/6 973/1560/6 974/1561/6 975/1562/6 976/1563/6 977/1564/6 978/1565/6 979/1566/6 980/1567/6 981/1568/6 982/1569/6 983/1570/6 984/1571/6 985/1572/6 986/1573/6 987/1574/6 988/1575/6 989/1576/6 990/1577/6 991/1578/6 992/1579/6 993/1580/6 994/1581/6 995/1582/6 996/1583/6 997/1584/6 998/1585/6 999/1586/6 1000/1587/6 1001/1588/6 1002/1589/6 

g Mesh13 Group8 Model

v 2.52738 2.35373 2.90647
v 2.53821 2.3503 2.90647
v 2.53676 2.34606 2.90647
v 2.5349 2.3424 2.90647
v 2.53262 2.33933 2.90647
v 2.52993 2.33684 2.90647
v 2.52683 2.33491 2.90647
v 2.52335 2.33354 2.90647
v 2.51948 2.33271 2.90647
v 2.51522 2.33244 2.90647
v 2.50995 2.33291 2.90647
v 2.50518 2.33432 2.90647
v 2.50089 2.33667 2.90647
v 2.4971 2.33997 2.90647
v 2.49399 2.34408 2.90647
v 2.49177 2.34889 2.90647
v 2.49044 2.35438 2.90647
v 2.49 2.36057 2.90647
v 2.49045 2.36709 2.90647
v 2.49178 2.37284 2.90647
v 2.49401 2.37782 2.90647
v 2.49714 2.38203 2.90647
v 2.50098 2.38538 2.90647
v 2.5054 2.38776 2.90647
v 2.51037 2.3892 2.90647
v 2.5159 2.38968 2.90647
v 2.52074 2.3893 2.90647
v 2.5251 2.38818 2.90647
v 2.52899 2.3863 2.90647
v 2.5324 2.38367 2.90647
v 2.5357 2.37935 2.90647
v 2.53806 2.37348 2.90647
v 2.527 2.37084 2.90647
v 2.52549 2.37469 2.90647
v 2.5229 2.37763 2.90647
v 2.51945 2.3795 2.90647
v 2.51533 2.38012 2.90647
v 2.5124 2.37985 2.90647
v 2.50976 2.37902 2.90647
v 2.50741 2.37764 2.90647
v 2.50535 2.37571 2.90647
v 2.50367 2.37316 2.90647
v 2.50247 2.36992 2.90647
v 2.50176 2.366 2.90647
v 2.50152 2.3614 2.90647
v 2.50175 2.35653 2.90647
v 2.50246 2.35241 2.90647
v 2.50364 2.34905 2.90647
v 2.50529 2.34645 2.90647
v 2.50732 2.3445 2.90647
v 2.50963 2.3431 2.90647
v 2.51223 2.34227 2.90647
v 2.51511 2.34199 2.90647
v 2.51925 2.3427 2.90647
v 2.52277 2.34482 2.90647
v 2.52553 2.34847 2.90647
f 1003/241/1 1004/242/1 1005/243/1 1006/244/1 1007/245/1 1008/246/1 1009/247/1 1010/248/1 1011/249/1 1012/250/1 1013/251/1 1014/252/1 1015/253/1 1016/254/1 1017/255/1 1018/256/1 1019/257/1 1020/258/1 1021/259/1 1022/260/1 1023/261/1 1024/262/1 1025/263/1 1026/264/1 1027/265/1 1028/266/1 1029/267/1 1030/268/1 1031/269/1 1032/270/1 1033/271/1 1034/272/1 1035/273/1 1036/274/1 1037/275/1 1038/276/1 1039/277/1 1040/278/1 1041/279/1 1042/280/1 1043/281/1 1044/282/1 1045/283/1 1046/284/1 1047/285/1 1048/286/1 1049/287/1 1050/288/1 1051/289/1 1052/290/1 1053/291/1 1054/292/1 1055/293/1 1056/294/1 1057/295/1 1058/296/1 

v 2.52738 2.35373 2.90847
v 2.53821 2.3503 2.90847
f 1004/297/42 1003/298/42 1059/299/42 1060/300/42 

v 2.52553 2.34847 2.90847
f 1003/301/43 1058/302/44 1061/303/44 1059/304/43 

v 2.52277 2.34482 2.90847
f 1058/305/44 1057/306/45 1062/307/45 1061/308/44 

v 2.51925 2.3427 2.90847
f 1057/309/45 1056/310/46 1063/311/46 1062/312/45 

v 2.51511 2.34199 2.90847
f 1056/313/46 1055/314/47 1064/315/47 1063/316/46 

v 2.51223 2.34227 2.90847
f 1055/317/47 1054/318/48 1065/319/48 1064/320/47 

v 2.50963 2.3431 2.90847
f 1054/321/48 1053/322/49 1066/323/49 1065/324/48 

v 2.50732 2.3445 2.90847
f 1053/325/49 1052/326/50 1067/327/50 1066/328/49 

v 2.50529 2.34645 2.90847
f 1052/329/50 1051/330/51 1068/331/51 1067/332/50 

v 2.50364 2.34905 2.90847
f 1051/333/51 1050/334/52 1069/335/52 1068/336/51 

v 2.50246 2.35241 2.90847
f 1050/337/52 1049/338/53 1070/339/53 1069/340/52 

v 2.50175 2.35653 2.90847
f 1049/341/53 1048/342/54 1071/343/54 1070/344/53 

v 2.50152 2.3614 2.90847
f 1048/345/54 1047/346/55 1072/347/55 1071/348/54 

v 2.50176 2.366 2.90847
f 1047/349/55 1046/350/56 1073/351/56 1072/352/55 

v 2.50247 2.36992 2.90847
f 1046/353/56 1045/354/57 1074/355/57 1073/356/56 

v 2.50367 2.37316 2.90847
f 1045/357/57 1044/358/58 1075/359/58 1074/360/57 

v 2.50535 2.37571 2.90847
f 1044/361/58 1043/362/59 1076/363/59 1075/364/58 

v 2.50741 2.37764 2.90847
f 1043/365/59 1042/366/60 1077/367/60 1076/368/59 

v 2.50976 2.37902 2.90847
f 1042/369/60 1041/370/61 1078/371/61 1077/372/60 

v 2.5124 2.37985 2.90847
f 1041/373/61 1040/374/62 1079/375/62 1078/376/61 

v 2.51533 2.38012 2.90847
f 1040/377/62 1039/378/63 1080/379/63 1079/380/62 

v 2.51945 2.3795 2.90847
f 1039/381/63 1038/382/64 1081/383/64 1080/384/63 

v 2.5229 2.37763 2.90847
f 1038/385/64 1037/386/65 1082/387/65 1081/388/64 

v 2.52549 2.37469 2.90847
f 1037/389/65 1036/390/66 1083/391/66 1082/392/65 

v 2.527 2.37084 2.90847
f 1036/393/66 1035/394/67 1084/395/67 1083/396/66 

v 2.53806 2.37348 2.90847
f 1035/397/68 1034/398/68 1085/399/68 1084/400/68 

v 2.5357 2.37935 2.90847
f 1034/401/69 1033/402/70 1086/403/70 1085/404/69 

v 2.5324 2.38367 2.90847
f 1033/405/70 1032/406/71 1087/407/71 1086/408/70 

v 2.52899 2.3863 2.90847
f 1032/409/71 1031/410/72 1088/411/72 1087/412/71 

v 2.5251 2.38818 2.90847
f 1031/413/72 1030/414/73 1089/415/73 1088/416/72 

v 2.52074 2.3893 2.90847
f 1030/417/73 1029/418/74 1090/419/74 1089/420/73 

v 2.5159 2.38968 2.90847
f 1029/421/74 1028/422/75 1091/423/75 1090/424/74 

v 2.51037 2.3892 2.90847
f 1028/425/75 1027/426/76 1092/427/76 1091/428/75 

v 2.5054 2.38776 2.90847
f 1027/429/76 1026/430/77 1093/431/77 1092/432/76 

v 2.50098 2.38538 2.90847
f 1026/433/77 1025/434/78 1094/435/78 1093/436/77 

v 2.49714 2.38203 2.90847
f 1025/437/78 1024/438/79 1095/439/79 1094/440/78 

v 2.49401 2.37782 2.90847
f 1024/441/79 1023/442/80 1096/443/80 1095/444/79 

v 2.49178 2.37284 2.90847
f 1023/445/80 1022/446/81 1097/447/81 1096/448/80 

v 2.49045 2.36709 2.90847
f 1022/449/81 1021/450/82 1098/451/82 1097/452/81 

v 2.49 2.36057 2.90847
f 1021/453/82 1020/454/83 1099/455/83 1098/456/82 

v 2.49044 2.35438 2.90847
f 1020/457/83 1019/458/84 1100/459/84 1099/460/83 

v 2.49177 2.34889 2.90847
f 1019/461/84 1018/462/85 1101/463/85 1100/464/84 

v 2.49399 2.34408 2.90847
f 1018/465/85 1017/466/86 1102/467/86 1101/468/85 

v 2.4971 2.33997 2.90847
f 1017/469/86 1016/470/87 1103/471/87 1102/472/86 

v 2.50089 2.33667 2.90847
f 1016/473/87 1015/474/88 1104/475/88 1103/476/87 

v 2.50518 2.33432 2.90847
f 1015/477/88 1014/478/89 1105/479/89 1104/480/88 

v 2.50995 2.33291 2.90847
f 1014/481/89 1013/482/90 1106/483/90 1105/484/89 

v 2.51522 2.33244 2.90847
f 1013/485/90 1012/486/91 1107/487/91 1106/488/90 

v 2.51948 2.33271 2.90847
f 1012/489/91 1011/490/92 1108/491/92 1107/492/91 

v 2.52335 2.33354 2.90847
f 1011/493/92 1010/494/93 1109/495/93 1108/496/92 

v 2.52683 2.33491 2.90847
f 1010/497/93 1009/498/94 1110/499/94 1109/500/93 

v 2.52993 2.33684 2.90847
f 1009/501/94 1008/502/95 1111/503/95 1110/504/94 

v 2.53262 2.33933 2.90847
f 1008/505/95 1007/506/96 1112/507/96 1111/508/95 

v 2.5349 2.3424 2.90847
f 1007/509/96 1006/510/97 1113/511/97 1112/512/96 

v 2.53676 2.34606 2.90847
f 1006/513/97 1005/514/98 1114/515/98 1113/516/97 

f 1005/517/98 1004/518/99 1060/519/99 1114/520/98 

f 1060/521/6 1059/522/6 1061/523/6 1062/524/6 1063/525/6 1064/526/6 1065/527/6 1066/528/6 1067/529/6 1068/530/6 1069/531/6 1070/532/6 1071/533/6 1072/534/6 1073/535/6 1074/536/6 1075/537/6 1076/538/6 1077/539/6 1078/540/6 1079/541/6 1080/542/6 1081/543/6 1082/544/6 1083/545/6 1084/546/6 1085/547/6 1086/548/6 1087/549/6 1088/550/6 1089/551/6 1090/552/6 1091/553/6 1092/554/6 1093/555/6 1094/556/6 1095/557/6 1096/558/6 1097/559/6 1098/560/6 1099/258/6 1100/561/6 1101/562/6 1102/563/6 1103/564/6 1104/565/6 1105/566/6 1106/567/6 1107/568/6 1108/569/6 1109/570/6 1110/571/6 1111/572/6 1112/573/6 1113/574/6 1114/575/6 

g Mesh14 Group8 Model

v 2.54582 2.36738 2.90647
vt -2.19746 1.33847
v 2.5458 2.3534 2.90647
vt -2.1969 0.788244
v 2.54546 2.3603 2.90647
vt -2.18362 1.05985
f 1115/1590/1 1116/1591/1 1117/1592/1

v 2.54681 2.34754 2.90647
vt -2.23676 0.55761
f 1116/1591/1 1115/1590/1 1118/1593/1

v 2.54687 2.37339 2.90647
vt -2.23899 1.57528
f 1118/1593/1 1115/1590/1 1119/1594/1

vt -1.93834 0
vn -0.967073 0.254499 9.74366e-17
vt -1.69791 0
vn -0.993777 0.111388 4.26456e-17
v 2.54582 2.36738 2.90847
vt -1.69791 0.0787402
v 2.54687 2.37339 2.90847
vt -1.93834 0.0787402
f 1119/1595/262 1115/1596/263 1120/1597/263 1121/1598/262 

vt -1.44586 0
vt -1.1669 0
vn -1 0.000383691 1.46899e-19
v 2.54546 2.3603 2.90847
vt -1.1669 0.0787402
vt -1.44586 0.0787402
f 1115/1599/263 1117/1600/264 1122/1601/264 1120/1602/263 

vt -0.951903 0
vt -0.679973 0
vn -0.993956 -0.109775 -4.20282e-17
v 2.5458 2.3534 2.90847
vt -0.679973 0.0787402
vt -0.951903 0.0787402
f 1117/1603/264 1116/1604/265 1123/1605/265 1122/1606/264 

vt -0.402631 0
vt -0.168579 0
vn -0.967915 -0.251279 -9.62037e-17
v 2.54681 2.34754 2.90847
vt -0.168579 0.0787402
vt -0.402631 0.0787402
f 1116/1607/265 1118/1608/266 1124/1609/266 1123/1610/265 

vt 0.213087 0
v 2.5485 2.34273 2.90647
vt 0.414046 0
vn -0.90136 -0.43307 -1.65804e-16
v 2.5485 2.34273 2.90847
vt 0.414046 0.0787402
vt 0.213087 0.0787402
f 1118/1611/266 1125/1612/267 1126/1613/267 1124/1614/266 

vt -2.30318 0.367947
f 1118/1593/1 1119/1594/1 1125/1615/1

v 2.54863 2.37835 2.90647
vt -2.3082 1.77029
f 1125/1615/1 1119/1594/1 1127/1616/1

vt -2.44038 0
vn -0.899348 0.437233 1.67398e-16
vt -2.23346 0
vt -2.23346 0.0787402
v 2.54863 2.37835 2.90847
vt -2.44038 0.0787402
f 1127/1617/268 1119/1618/262 1121/1619/262 1128/1620/268 

vt 2.23899 1.57528
vt 2.30318 0.367947
vt 2.3082 1.77029
f 1121/1621/6 1126/1622/6 1128/1623/6

vt 2.23676 0.55761
f 1121/1621/6 1124/1624/6 1126/1622/6

vt 2.19746 1.33847
f 1120/1625/6 1124/1624/6 1121/1621/6

vt 2.1969 0.788244
f 1120/1625/6 1123/1626/6 1124/1624/6

vt 2.18362 1.05985
f 1123/1626/6 1120/1625/6 1122/1627/6

v 2.55086 2.33895 2.90847
vt 2.39618 0.219254
f 1128/1623/6 1126/1622/6 1129/1628/6

vt 0.909333 0
v 2.55086 2.33895 2.90647
vt 1.08471 0
vn -0.780493 -0.625164 -2.39348e-16
vt 1.08471 0.0787402
vt 0.909333 0.0787402
f 1125/1629/267 1130/1630/269 1129/1631/269 1126/1632/267 

vt -2.39618 0.219254
f 1125/1615/1 1127/1616/1 1130/1633/1

v 2.55109 2.38224 2.90647
vt -2.4051 1.92349
f 1130/1633/1 1127/1616/1 1131/1634/1

vt -2.91126 0
vn -0.776558 0.630046 2.41218e-16
vt -2.72999 0
vt -2.72999 0.0787402
v 2.55109 2.38224 2.90847
vt -2.91126 0.0787402
f 1131/1635/270 1127/1636/268 1128/1637/268 1132/1638/270 

vt 2.4051 1.92349
f 1128/1623/6 1129/1628/6 1132/1639/6

v 2.55375 2.3361 2.90847
vt 2.5098 0.107072
f 1132/1639/6 1129/1628/6 1133/1640/6

vt 1.55108 0
v 2.55375 2.3361 2.90647
vt 1.71075 0
vn -0.619926 -0.78466 -3.00413e-16
vt 1.71075 0.0787402
vt 1.55108 0.0787402
f 1130/1641/269 1134/1642/271 1133/1643/271 1129/1644/269 

vt -2.5098 0.107072
f 1130/1633/1 1131/1634/1 1134/1645/1

v 2.55411 2.38518 2.90647
vt -2.52411 2.03924
f 1134/1645/1 1131/1634/1 1135/1646/1

vt -3.23122 0
vn -0.612839 0.790208 3.02537e-16
vt -3.06519 0
vt -3.06519 0.0787402
v 2.55411 2.38518 2.90847
vt -3.23122 0.0787402
f 1135/1647/272 1131/1648/270 1132/1649/270 1136/1650/272 

vt 2.52411 2.03924
f 1132/1639/6 1133/1640/6 1136/1651/6

v 2.55701 2.33407 2.90847
vt 2.6381 0.0269419
f 1136/1651/6 1133/1640/6 1137/1652/6

vt 2.07202 0
v 2.55701 2.33407 2.90647
vt 2.22329 0
vn -0.42714 -0.904186 -3.46174e-16
vt 2.22329 0.0787402
vt 2.07202 0.0787402
f 1134/1653/271 1138/1654/273 1137/1655/273 1133/1656/271 

vt -2.6381 0.0269419
f 1134/1645/1 1135/1646/1 1138/1657/1

v 2.55645 2.36464 2.90647
vt -2.61618 1.23079
f 1138/1657/1 1135/1646/1 1139/1658/1

v 2.55756 2.38728 2.90647
vt -2.65966 2.12193
f 1140/1659/1 1139/1658/1 1135/1646/1

v 2.55748 2.37256 2.90647
vt -2.65687 1.54258
f 1139/1658/1 1140/1659/1 1141/1660/1

v 2.55938 2.37722 2.90647
vt -2.73138 1.72579
f 1141/1660/1 1140/1659/1 1142/1661/1

v 2.56142 2.38854 2.90647
vt -2.81174 2.17154
f 1142/1661/1 1140/1659/1 1143/1662/1

vt -3.34656 0
vn -0.205075 0.978746 3.7472e-16
vt -3.18658 0
vn -0.418265 0.908325 3.47759e-16
v 2.55756 2.38728 2.90847
vt -3.18658 0.0787402
v 2.56142 2.38854 2.90847
vt -3.34656 0.0787402
f 1143/1663/274 1140/1664/275 1144/1665/275 1145/1666/274 

vt -3.37557 0
vt -3.2168 0
vt -3.2168 0.0787402
vt -3.37557 0.0787402
f 1140/1667/275 1135/1668/272 1136/1669/272 1144/1670/275 

v 2.55645 2.36464 2.90847
vt 2.61618 1.23079
vt 2.65966 2.12193
f 1146/1671/6 1144/1672/6 1136/1651/6

v 2.55748 2.37256 2.90847
vt 2.65687 1.54258
f 1144/1672/6 1146/1671/6 1147/1673/6

vt 1.55901 0
vn 0.991591 -0.129415 -4.95473e-17
vt 1.87344 0
vn 0.966897 -0.255168 -9.76928e-17
vt 1.87344 0.0787402
vt 1.55901 0.0787402
f 1139/1674/276 1141/1675/277 1147/1676/277 1146/1677/276 

vt 2.42985 0
vt 2.62763 0
vn 0.814805 -0.579735 -2.21956e-16
v 2.55938 2.37722 2.90847
vt 2.62763 0.0787402
vt 2.42985 0.0787402
f 1141/1678/277 1142/1679/278 1148/1680/278 1147/1681/277 

vt 3.1913 0
v 2.56196 2.37948 2.90647
vt 3.32652 0
vn 0.461395 -0.887195 -3.39669e-16
v 2.56196 2.37948 2.90847
vt 3.32652 0.0787402
vt 3.1913 0.0787402
f 1142/1682/278 1149/1683/279 1150/1684/279 1148/1685/278 

vt -2.83302 1.81497
f 1142/1661/1 1143/1662/1 1149/1686/1

v 2.5657 2.38896 2.90647
vt -2.98036 2.18808
f 1149/1686/1 1143/1662/1 1151/1687/1

vt -3.17969 0
vn 0.0271034 0.999633 3.82716e-16
vt -3.01026 0
vt -3.01026 0.0787402
v 2.5657 2.38896 2.90847
vt -3.17969 0.0787402
f 1151/1688/280 1143/1689/274 1145/1690/274 1152/1691/280 

vt 2.81174 2.17154
vt 2.83302 1.81497
vt 2.98036 2.18808
f 1145/1692/6 1150/1693/6 1152/1694/6

vt 2.73138 1.72579
f 1145/1692/6 1148/1695/6 1150/1693/6

f 1144/1672/6 1148/1695/6 1145/1692/6

f 1144/1672/6 1147/1673/6 1148/1695/6

v 2.56506 2.38024 2.90847
vt 2.95509 1.8447
f 1152/1694/6 1150/1693/6 1153/1696/6

vt 3.18202 0
v 2.56506 2.38024 2.90647
vt 3.30766 0
vn 0.0378584 -0.999283 -3.82582e-16
vt 3.30766 0.0787402
vt 3.18202 0.0787402
f 1149/1697/279 1154/1698/281 1153/1699/281 1150/1700/279 

vt -2.95509 1.8447
f 1149/1686/1 1151/1687/1 1154/1701/1

v 2.56735 2.37986 2.90647
vt -3.04539 1.82984
f 1154/1701/1 1151/1687/1 1155/1702/1

v 2.57146 2.38808 2.90647
vt -3.20723 2.15333
f 1155/1702/1 1151/1687/1 1156/1703/1

vt -2.84428 0
vn 0.327394 0.944888 3.61757e-16
vt -2.61477 0
vt -2.61477 0.0787402
v 2.57146 2.38808 2.90847
vt -2.84428 0.0787402
f 1156/1704/282 1151/1705/280 1152/1706/280 1157/1707/282 

v 2.56735 2.37986 2.90847
vt 3.04539 1.82984
vt 3.20723 2.15333
f 1152/1694/6 1158/1708/6 1157/1709/6

f 1152/1694/6 1153/1696/6 1158/1708/6

vt 2.61623 0
vt 2.70775 0
vn -0.352 -0.936 -3.58354e-16
vt 2.70775 0.0787402
vt 2.61623 0.0787402
f 1154/1710/281 1155/1711/283 1158/1712/283 1153/1713/281 

vt 1.62005 0
v 2.56917 2.37873 2.90647
vt 1.70451 0
vn -0.695798 -0.718237 -2.74982e-16
v 2.56917 2.37873 2.90847
vt 1.70451 0.0787402
vt 1.62005 0.0787402
f 1155/1714/283 1159/1715/284 1160/1716/284 1158/1717/283 

vt -3.11712 1.78524
f 1155/1702/1 1156/1703/1 1159/1718/1

v 2.57046 2.3768 2.90647
vt -3.16766 1.70943
f 1159/1718/1 1156/1703/1 1161/1719/1

v 2.57114 2.37404 2.90647
vt -3.19441 1.60092
f 1161/1719/1 1156/1703/1 1162/1720/1

v 2.58141 2.37518 2.90647
vt -3.59873 1.64552
f 1162/1720/1 1156/1703/1 1163/1721/1

v 2.57614 2.38543 2.90647
vt -3.39137 2.04909
f 1163/1721/1 1156/1703/1 1164/1722/1

vt -1.94183 0
vn 0.614147 0.789191 3.02147e-16
vt -1.73024 0
vt -1.73024 0.0787402
v 2.57614 2.38543 2.90847
vt -1.94183 0.0787402
f 1164/1723/285 1156/1724/282 1157/1725/282 1165/1726/285 

v 2.58141 2.37518 2.90847
vt 3.59873 1.64552
vt 3.39137 2.04909
f 1157/1709/6 1166/1727/6 1165/1728/6

v 2.57114 2.37404 2.90847
vt 3.19441 1.60092
f 1157/1709/6 1167/1729/6 1166/1727/6

v 2.57046 2.3768 2.90847
vt 3.16766 1.70943
f 1157/1709/6 1168/1730/6 1167/1729/6

vt 3.11712 1.78524
f 1157/1709/6 1160/1731/6 1168/1730/6

f 1157/1709/6 1158/1708/6 1160/1731/6

vt 0.243656 0
vt 0.334768 0
vn -0.915166 -0.403078 -1.54321e-16
vt 0.334768 0.0787402
vt 0.243656 0.0787402
f 1159/1732/284 1161/1733/286 1168/1734/286 1160/1735/284 

vt -0.901374 0
vt -0.789612 0
vn -0.97092 -0.239404 -9.16575e-17
vt -0.789612 0.0787402
vt -0.901374 0.0787402
f 1161/1736/286 1162/1737/287 1167/1738/287 1168/1739/286 

vt 3.35067 0
vn 0.109629 -0.993973 -3.80549e-16
vt 3.75744 0
vt 3.75744 0.0787402
vt 3.35067 0.0787402
f 1162/1740/288 1163/1741/288 1166/1742/288 1167/1743/288 

vt 0.477814 0
vn 0.952996 0.302984 1.15999e-16
v 2.57952 2.3811 2.90647
vt 0.722505 0
vn 0.905881 0.423532 1.62152e-16
v 2.57952 2.3811 2.90847
vt 0.722505 0.0787402
vt 0.477814 0.0787402
f 1163/1744/289 1169/1745/290 1170/1746/290 1166/1747/289 

v 2.57802 2.38346 2.90647
vt -3.46537 1.97175
vt -3.52459 1.87871
f 1163/1721/1 1171/1748/1 1169/1749/1

f 1163/1721/1 1164/1722/1 1171/1748/1

vt -0.97095 0
vn 0.786867 0.617123 2.3627e-16
vt -0.86391 0
vt -0.86391 0.0787402
v 2.57802 2.38346 2.90847
vt -0.97095 0.0787402
f 1171/1750/291 1164/1751/285 1165/1752/285 1172/1753/291 

vt 3.46537 1.97175
f 1165/1728/6 1166/1727/6 1172/1754/6

vt 3.52459 1.87871
f 1172/1754/6 1166/1727/6 1170/1755/6

vt -0.307793 0
vt -0.197499 0
vt -0.197499 0.0787402
vt -0.307793 0.0787402
f 1169/1756/290 1171/1757/291 1172/1758/291 1170/1759/290 

v 2.55855 2.36669 2.90647
vt -2.84836 0
vn -0.617245 0.786771 3.01221e-16
vt -2.73279 0
vn -0.697802 0.716291 2.74237e-16
vt -2.73279 0.0787402
v 2.55855 2.36669 2.90847
vt -2.84836 0.0787402
f 1173/1760/292 1139/1761/293 1146/1762/293 1174/1763/292 

v 2.55736 2.35203 2.90647
vt -2.65185 0.734314
vt -2.69896 1.31143
f 1175/1764/1 1139/1658/1 1173/1765/1

f 1138/1657/1 1139/1658/1 1175/1764/1

v 2.55795 2.34745 2.90647
vt -2.67526 0.553894
f 1176/1766/1 1138/1657/1 1175/1764/1

v 2.56064 2.33284 2.90647
vt -2.78108 -0.0211358
f 1138/1657/1 1176/1766/1 1177/1767/1

v 2.55974 2.34405 2.90647
vt -2.7455 0.419926
f 1177/1767/1 1176/1766/1 1178/1768/1

vt -0.902903 0
vn 0.776874 0.629656 2.41068e-16
vt -0.75164 0
vn 0.953558 0.301208 1.1532e-16
v 2.55795 2.34745 2.90847
vt -0.75164 0.0787402
v 2.55974 2.34405 2.90847
vt -0.902903 0.0787402
f 1178/1769/294 1176/1770/295 1179/1771/295 1180/1772/294 

vt 0.205026 0
vt 0.386958 0
vn 1 0.000578006 2.21293e-19
v 2.55736 2.35203 2.90847
vt 0.386958 0.0787402
vt 0.205026 0.0787402
f 1176/1773/295 1175/1774/296 1181/1775/296 1179/1776/295 

vt 1.06653 0
v 2.55789 2.35614 2.90647
vt 1.2297 0
vn 0.952562 -0.304346 -1.16521e-16
v 2.55789 2.35614 2.90847
vt 1.2297 0.0787402
vt 1.06653 0.0787402
f 1175/1777/296 1182/1778/297 1183/1779/297 1181/1780/296 

vt -2.67266 0.896153
f 1175/1764/1 1173/1765/1 1182/1781/1

v 2.55947 2.35911 2.90647
vt -2.7351 1.01303
f 1182/1781/1 1173/1765/1 1184/1782/1

v 2.5609 2.36815 2.90647
vt -2.79121 1.36903
f 1184/1782/1 1173/1765/1 1185/1783/1

vt -3.09267 0
vn -0.428489 0.903547 3.45929e-16
vt -2.98391 0
vt -2.98391 0.0787402
v 2.5609 2.36815 2.90847
vt -3.09267 0.0787402
f 1185/1784/298 1173/1785/292 1174/1786/292 1186/1787/298 

vt 2.69896 1.31143
v 2.55947 2.35911 2.90847
vt 2.7351 1.01303
vt 2.79121 1.36903
f 1174/1788/6 1187/1789/6 1186/1790/6

vt 2.67266 0.896153
f 1174/1788/6 1183/1791/6 1187/1789/6

vt 2.65185 0.734314
f 1174/1788/6 1181/1792/6 1183/1791/6

f 1146/1671/6 1181/1792/6 1174/1788/6

f 1146/1671/6 1137/1652/6 1181/1792/6

f 1136/1651/6 1137/1652/6 1146/1671/6

vt 2.67526 0.553894
f 1137/1652/6 1179/1793/6 1181/1792/6

v 2.56064 2.33284 2.90847
vt 2.78108 -0.0211358
f 1179/1793/6 1137/1652/6 1188/1794/6

vt 2.49194 0
vt 2.64278 0
vn -0.211237 -0.977435 -3.74218e-16
vt 2.64278 0.0787402
vt 2.49194 0.0787402
f 1138/1795/273 1177/1796/299 1188/1797/299 1137/1798/273 

vt 2.76896 0
v 2.56464 2.33244 2.90647
vt 2.92743 0
vn -0.00774573 -0.99997 -3.82845e-16
v 2.56464 2.33244 2.90847
vt 2.92743 0.0787402
vt 2.76896 0.0787402
f 1177/1799/299 1189/1800/300 1190/1801/300 1188/1802/299 

v 2.56228 2.34194 2.90647
vt -2.84584 0.33687
vt -2.93874 -0.0371616
f 1177/1767/1 1191/1803/1 1189/1804/1

f 1177/1767/1 1178/1768/1 1191/1803/1

vt -1.9774 0
vn 0.448543 0.893761 3.42183e-16
vt -1.84715 0
vt -1.84715 0.0787402
v 2.56228 2.34194 2.90847
vt -1.9774 0.0787402
f 1191/1805/301 1178/1806/294 1180/1807/294 1192/1808/301 

vt 2.7455 0.419926
vt 2.84584 0.33687
f 1180/1809/6 1188/1794/6 1192/1810/6

f 1179/1793/6 1188/1794/6 1180/1809/6

vt 2.93874 -0.0371616
f 1192/1810/6 1188/1794/6 1190/1811/6

v 2.56517 2.34123 2.90847
vt 2.95955 0.309185
f 1192/1810/6 1190/1811/6 1193/1812/6

v 2.56837 2.33276 2.90847
vt 3.08562 -0.0245268
f 1193/1812/6 1190/1811/6 1194/1813/6

vt 2.92474 0
v 2.56837 2.33276 2.90647
vt 3.07217 0
vn 0.180778 -0.983524 -3.76549e-16
vt 3.07217 0.0787402
vt 2.92474 0.0787402
f 1189/1814/300 1195/1815/302 1194/1816/302 1190/1817/300 

v 2.56517 2.34123 2.90647
vt -2.95955 0.309185
vt -3.08562 -0.0245268
f 1189/1804/1 1196/1818/1 1195/1819/1

f 1189/1804/1 1191/1803/1 1196/1818/1

vt -2.80242 0
vn 0.0143394 0.999897 3.82818e-16
vt -2.68538 0
vt -2.68538 0.0787402
vt -2.80242 0.0787402
f 1196/1820/303 1191/1821/301 1192/1822/301 1193/1823/303 

v 2.56787 2.34181 2.90647
vt -3.06761 0
vn -0.42315 0.90606 3.46891e-16
vt -2.95894 0
vt -2.95894 0.0787402
v 2.56787 2.34181 2.90847
vt -3.06761 0.0787402
f 1197/1824/304 1196/1825/303 1193/1826/303 1198/1827/304 

vt -3.06583 0.331853
f 1195/1819/1 1196/1818/1 1197/1828/1

v 2.57008 2.34354 2.90647
vt -3.15279 0.399859
f 1195/1819/1 1197/1828/1 1199/1829/1

vt -2.72984 0
vn -0.778124 0.62811 2.40476e-16
vt -2.61944 0
vt -2.61944 0.0787402
v 2.57008 2.34354 2.90847
vt -2.72984 0.0787402
f 1199/1830/305 1197/1831/304 1198/1832/304 1200/1833/305 

vt 3.06583 0.331853
vt 3.15279 0.399859
f 1198/1834/6 1194/1813/6 1200/1835/6

f 1193/1812/6 1194/1813/6 1198/1834/6

v 2.57175 2.33372 2.90847
vt 3.21857 0.0133779
f 1200/1835/6 1194/1813/6 1201/1836/6

vt 2.96064 0
v 2.57175 2.33372 2.90647
vt 3.09889 0
vn 0.373592 -0.927593 -3.55135e-16
vt 3.09889 0.0787402
vt 2.96064 0.0787402
f 1195/1837/302 1202/1838/306 1201/1839/306 1194/1840/302 

vt -3.21857 0.0133779
f 1195/1819/1 1199/1829/1 1202/1841/1

v 2.57155 2.34658 2.90647
vt -3.21076 0.519519
f 1202/1841/1 1199/1829/1 1203/1842/1

vt -1.86743 0
vn -0.961123 0.27612 1.05714e-16
vt -1.73447 0
vt -1.73447 0.0787402
v 2.57155 2.34658 2.90847
vt -1.86743 0.0787402
f 1203/1843/307 1199/1844/305 1200/1845/305 1204/1846/307 

vt 3.21076 0.519519
f 1200/1835/6 1201/1836/6 1204/1847/6

v 2.57204 2.35109 2.90847
vt 3.23009 0.697152
f 1204/1847/6 1201/1836/6 1205/1848/6

v 2.57477 2.33533 2.90847
vt 3.33758 0.0765526
f 1205/1848/6 1201/1836/6 1206/1849/6

vt 2.84913 0
v 2.57477 2.33533 2.90647
vt 2.98387 0
vn 0.559551 -0.828796 -3.1731e-16
vt 2.98387 0.0787402
vt 2.84913 0.0787402
f 1202/1850/306 1207/1851/308 1206/1852/308 1201/1853/306 

v 2.57204 2.35109 2.90647
vt -3.23009 0.697152
vt -3.33758 0.0765526
f 1202/1841/1 1208/1854/1 1207/1855/1

f 1202/1841/1 1203/1842/1 1208/1854/1

vt -1.04239 0
vn -0.999998 -0.00208956 -8.00002e-19
vt -0.86371 0
vt -0.86371 0.0787402
vt -1.04239 0.0787402
f 1208/1856/309 1203/1857/307 1204/1858/307 1205/1859/309 

v 2.57152 2.35577 2.90647
vt -0.515306 0
vn -0.959863 -0.28047 -1.0738e-16
vt -0.329998 0
vt -0.329998 0.0787402
v 2.57152 2.35577 2.90847
vt -0.515306 0.0787402
f 1209/1860/310 1208/1861/309 1205/1862/309 1210/1863/310 

vt -3.20928 0.881288
v 2.57247 2.36806 2.90647
vt -3.247 1.36532
f 1209/1864/1 1211/1865/1 1208/1854/1

v 2.56993 2.359 2.90647
vt -3.14685 1.00857
f 1212/1866/1 1211/1865/1 1209/1864/1

v 2.56951 2.36901 2.90647
vt -3.13026 1.40267
f 1212/1866/1 1213/1867/1 1211/1865/1

v 2.56755 2.36088 2.90647
vt -3.0532 1.0827
f 1214/1868/1 1213/1867/1 1212/1866/1

v 2.56631 2.36933 2.90647
vt -3.00415 1.41511
f 1214/1868/1 1215/1869/1 1213/1867/1

v 2.56464 2.36151 2.90647
vt -2.93874 1.10742
f 1216/1870/1 1215/1869/1 1214/1868/1

v 2.56348 2.36903 2.90647
vt -2.89294 1.40359
f 1216/1870/1 1217/1871/1 1215/1869/1

v 2.56182 2.36091 2.90647
vt -2.82763 1.08382
f 1218/1872/1 1217/1871/1 1216/1870/1

f 1218/1872/1 1185/1783/1 1217/1871/1

f 1184/1782/1 1185/1783/1 1218/1872/1

vt 2.78781 0
vn 0.762148 -0.647403 -2.47863e-16
vt 2.90432 0
vn 0.417932 -0.908478 -3.47817e-16
v 2.56182 2.36091 2.90847
vt 2.90432 0.0787402
vt 2.78781 0.0787402
f 1184/1873/311 1218/1874/312 1219/1875/312 1187/1876/311 

vt 2.99109 0
vt 3.10468 0
vn -0.00168975 -0.999999 -3.82856e-16
v 2.56464 2.36151 2.90847
vt 3.10468 0.0787402
vt 2.99109 0.0787402
f 1218/1877/312 1216/1878/313 1220/1879/313 1219/1880/312 

vt 2.63884 0
vt 2.75593 0
vn -0.426972 -0.904265 -3.46204e-16
v 2.56755 2.36088 2.90847
vt 2.75593 0.0787402
vt 2.63884 0.0787402
f 1216/1881/313 1214/1882/314 1221/1883/314 1220/1884/313 

vt 1.72181 0
vt 1.84125 0
vn -0.778457 -0.627698 -2.40318e-16
v 2.56993 2.359 2.90847
vt 1.84125 0.0787402
vt 1.72181 0.0787402
f 1214/1885/314 1212/1886/315 1222/1887/315 1221/1888/314 

vt 0.480328 0
vt 0.622093 0
vt 0.622093 0.0787402
vt 0.480328 0.0787402
f 1212/1889/315 1209/1890/310 1210/1891/310 1222/1892/315 

v 2.57247 2.36806 2.90847
vt 3.247 1.36532
vt 3.14685 1.00857
vt 3.20928 0.881288
f 1223/1893/6 1222/1894/6 1210/1895/6

v 2.56951 2.36901 2.90847
vt 3.13026 1.40267
f 1224/1896/6 1222/1894/6 1223/1893/6

vt 3.0532 1.0827
f 1224/1896/6 1221/1897/6 1222/1894/6

v 2.56631 2.36933 2.90847
vt 3.00415 1.41511
f 1225/1898/6 1221/1897/6 1224/1896/6

vt 2.93874 1.10742
f 1225/1898/6 1220/1899/6 1221/1897/6

v 2.56348 2.36903 2.90847
vt 2.89294 1.40359
f 1226/1900/6 1220/1899/6 1225/1898/6

vt 2.82763 1.08382
f 1226/1900/6 1219/1901/6 1220/1899/6

f 1186/1790/6 1219/1901/6 1226/1900/6

f 1186/1790/6 1187/1789/6 1219/1901/6

vt -3.19068 0
vn -0.213697 0.9769 3.74013e-16
vt -3.08324 0
vt -3.08324 0.0787402
vt -3.19068 0.0787402
f 1217/1902/316 1185/1903/298 1186/1904/298 1226/1905/316 

vt -3.13397 0
vn -0.00241597 0.999997 3.82856e-16
vt -3.02217 0
vt -3.02217 0.0787402
vt -3.13397 0.0787402
f 1215/1906/317 1217/1907/316 1226/1908/316 1225/1909/317 

vt -2.97734 0
vn 0.202605 0.97926 3.74917e-16
vt -2.85061 0
vt -2.85061 0.0787402
vt -2.97734 0.0787402
f 1213/1910/318 1215/1911/317 1225/1912/317 1224/1913/318 

vt -2.67654 0
vn 0.405525 0.914084 3.49963e-16
vt -2.55397 0
vt -2.55397 0.0787402
vt -2.67654 0.0787402
f 1211/1914/319 1213/1915/318 1224/1916/318 1223/1917/319 

v 2.5752 2.36648 2.90647
vt -2.24818 0
vn 0.586093 0.810243 3.10207e-16
vt -2.12409 0
vt -2.12409 0.0787402
v 2.5752 2.36648 2.90847
vt -2.24818 0.0787402
f 1227/1918/320 1211/1919/319 1223/1920/319 1228/1921/320 

vt -3.35435 1.30307
f 1207/1855/1 1211/1865/1 1227/1922/1

f 1207/1855/1 1208/1854/1 1211/1865/1

v 2.57744 2.33757 2.90647
vt -3.44265 0.164998
f 1207/1855/1 1227/1922/1 1229/1923/1

v 2.57769 2.36427 2.90647
vt -3.45231 1.21593
f 1229/1923/1 1227/1922/1 1230/1924/1

vt -1.77134 0
vn 0.733001 0.680228 2.6043e-16
vt -1.64022 0
vt -1.64022 0.0787402
v 2.57769 2.36427 2.90847
vt -1.77134 0.0787402
f 1230/1925/321 1227/1926/320 1228/1927/320 1231/1928/321 

vt 3.35435 1.30307
v 2.57744 2.33757 2.90847
vt 3.44265 0.164998
vt 3.45231 1.21593
f 1228/1929/6 1232/1930/6 1231/1931/6

f 1228/1929/6 1206/1849/6 1232/1930/6

f 1223/1893/6 1206/1849/6 1228/1929/6

f 1205/1848/6 1206/1849/6 1223/1893/6

f 1223/1893/6 1210/1895/6 1205/1848/6

vt 2.60271 0
vt 2.74006 0
vn 0.719066 -0.694942 -2.66063e-16
vt 2.74006 0.0787402
vt 2.60271 0.0787402
f 1207/1932/308 1229/1933/322 1232/1934/322 1206/1935/308 

vt 2.25561 0
v 2.57962 2.34035 2.90647
vt 2.39463 0
vn 0.847568 -0.530686 -2.03177e-16
v 2.57962 2.34035 2.90847
vt 2.39463 0.0787402
vt 2.25561 0.0787402
f 1229/1936/322 1233/1937/323 1234/1938/323 1232/1939/322 

vt -3.5285 0.274346
f 1229/1923/1 1230/1924/1 1233/1940/1

v 2.57976 2.36155 2.90647
vt -3.53393 1.10909
f 1233/1940/1 1230/1924/1 1235/1941/1

vt -1.26393 0
vn 0.852458 0.522795 2.00156e-16
vt -1.12949 0
vt -1.12949 0.0787402
v 2.57976 2.36155 2.90847
vt -1.26393 0.0787402
f 1235/1942/324 1230/1943/321 1231/1944/321 1236/1945/324 

vt 3.5285 0.274346
vt 3.53393 1.10909
f 1231/1931/6 1234/1946/6 1236/1947/6

f 1231/1931/6 1232/1930/6 1234/1946/6

v 2.58118 2.34355 2.90847
vt 3.58981 0.40023
f 1236/1947/6 1234/1946/6 1237/1948/6

vt 1.79178 0
v 2.58118 2.34355 2.90647
vt 1.9318 0
vn 0.938331 -0.345739 -1.32369e-16
vt 1.9318 0.0787402
vt 1.79178 0.0787402
f 1233/1949/323 1238/1950/325 1237/1951/325 1234/1952/323 

vt -3.58981 0.40023
f 1233/1940/1 1235/1941/1 1238/1953/1

v 2.58124 2.35847 2.90647
vt -3.59223 0.987756
f 1238/1953/1 1235/1941/1 1239/1954/1

vt -0.665401 0
vn 0.939381 0.342876 1.31272e-16
vt -0.53079 0
vt -0.53079 0.0787402
v 2.58124 2.35847 2.90847
vt -0.665401 0.0787402
f 1239/1955/326 1235/1956/324 1236/1957/324 1240/1958/326 

vt 3.59223 0.987756
f 1236/1947/6 1237/1948/6 1240/1959/6

v 2.58212 2.34716 2.90847
vt 3.6266 0.542652
f 1240/1959/6 1237/1948/6 1241/1960/6

vt 1.28535 0
v 2.58212 2.34716 2.90647
vt 1.43244 0
vn 0.986436 -0.164146 -6.28445e-17
vt 1.43244 0.0787402
vt 1.28535 0.0787402
f 1238/1961/325 1242/1962/327 1241/1963/327 1237/1964/325 

vt -3.6266 0.542652
f 1238/1953/1 1239/1954/1 1242/1965/1

v 2.58213 2.35502 2.90647
vt -3.62721 0.85193
f 1242/1965/1 1239/1954/1 1243/1966/1

vt -0.0795636 0
vn 0.986463 0.163984 6.27824e-17
vt 0.0606935 0
vt 0.0606935 0.0787402
v 2.58213 2.35502 2.90847
vt -0.0795636 0.0787402
f 1243/1967/328 1239/1968/326 1240/1969/326 1244/1970/328 

vt 3.62721 0.85193
f 1240/1959/6 1241/1960/6 1244/1971/6

v 2.58243 2.3512 2.90847
vt 3.63887 0.701611
f 1244/1971/6 1241/1960/6 1245/1972/6

vt 0.819997 0
v 2.58243 2.3512 2.90647
vt 0.979429 0
vn 1 0.000207273 7.93559e-20
vt 0.979429 0.0787402
vt 0.819997 0.0787402
f 1242/1973/327 1246/1974/329 1245/1975/329 1241/1976/327 

vt -3.63887 0.701611
f 1242/1965/1 1243/1966/1 1246/1977/1

vt 0.41811 0
vt 0.568881 0
vt 0.568881 0.0787402
vt 0.41811 0.0787402
f 1246/1978/329 1243/1979/328 1244/1980/328 1245/1981/329 

vt 2.04973 0
vt 2.18223 0
vt 2.18223 0.0787402
vt 2.04973 0.0787402
f 1182/1982/297 1184/1983/311 1187/1984/311 1183/1985/297 

g Mesh15 Group9 Model

v -0.0226214 2.35373 -4.49353
v -0.0117853 2.3503 -4.49353
v -0.0132378 2.34606 -4.49353
v -0.0151032 2.3424 -4.49353
v -0.0173815 2.33933 -4.49353
v -0.0200728 2.33684 -4.49353
v -0.0231653 2.33491 -4.49353
v -0.0266471 2.33354 -4.49353
v -0.0305183 2.33271 -4.49353
v -0.0347789 2.33244 -4.49353
v -0.0400459 2.33291 -4.49353
v -0.044822 2.33432 -4.49353
v -0.0491073 2.33667 -4.49353
v -0.0529018 2.33997 -4.49353
v -0.0560073 2.34408 -4.49353
v -0.0582255 2.34889 -4.49353
v -0.0595564 2.35438 -4.49353
v -0.06 2.36057 -4.49353
v -0.059554 2.36709 -4.49353
v -0.058216 2.37284 -4.49353
v -0.0559861 2.37782 -4.49353
v -0.0528641 2.38203 -4.49353
v -0.0490153 2.38538 -4.49353
v -0.0446049 2.38776 -4.49353
v -0.0396329 2.3892 -4.49353
v -0.0340992 2.38968 -4.49353
v -0.0292594 2.3893 -4.49353
v -0.0248962 2.38818 -4.49353
v -0.0210096 2.3863 -4.49353
v -0.0175998 2.38367 -4.49353
v -0.0142961 2.37935 -4.49353
v -0.0119364 2.37348 -4.49353
v -0.0229989 2.37084 -4.49353
v -0.0245139 2.37469 -4.49353
v -0.0270955 2.37763 -4.49353
v -0.0305454 2.3795 -4.49353
v -0.0346656 2.38012 -4.49353
v -0.0375976 2.37985 -4.49353
v -0.0402394 2.37902 -4.49353
v -0.0425908 2.37764 -4.49353
v -0.0446521 2.37571 -4.49353
v -0.0463287 2.37316 -4.49353
v -0.0475263 2.36992 -4.49353
v -0.0482448 2.366 -4.49353
v -0.0484844 2.3614 -4.49353
v -0.0482484 2.35653 -4.49353
v -0.0475405 2.35241 -4.49353
v -0.0463606 2.34905 -4.49353
v -0.0447087 2.34645 -4.49353
v -0.0426793 2.3445 -4.49353
v -0.0403668 2.3431 -4.49353
v -0.037771 2.34227 -4.49353
v -0.0348921 2.34199 -4.49353
v -0.0307484 2.3427 -4.49353
v -0.0272276 2.34482 -4.49353
v -0.0244714 2.34847 -4.49353
f 1247/241/1 1248/242/1 1249/243/1 1250/244/1 1251/245/1 1252/246/1 1253/247/1 1254/248/1 1255/249/1 1256/250/1 1257/251/1 1258/252/1 1259/253/1 1260/254/1 1261/255/1 1262/256/1 1263/257/1 1264/258/1 1265/259/1 1266/260/1 1267/261/1 1268/262/1 1269/263/1 1270/264/1 1271/265/1 1272/266/1 1273/267/1 1274/268/1 1275/269/1 1276/270/1 1277/271/1 1278/272/1 1279/273/1 1280/274/1 1281/275/1 1282/276/1 1283/277/1 1284/278/1 1285/279/1 1286/280/1 1287/281/1 1288/282/1 1289/283/1 1290/284/1 1291/285/1 1292/286/1 1293/287/1 1294/288/1 1295/289/1 1296/290/1 1297/291/1 1298/292/1 1299/293/1 1300/294/1 1301/295/1 1302/296/1 

v -0.0226214 2.35373 -4.49153
v -0.0117853 2.3503 -4.49153
f 1248/297/42 1247/298/42 1303/299/42 1304/300/42 

v -0.0244714 2.34847 -4.49153
f 1247/301/43 1302/302/44 1305/303/44 1303/304/43 

v -0.0272276 2.34482 -4.49153
f 1302/305/44 1301/306/45 1306/307/45 1305/308/44 

v -0.0307484 2.3427 -4.49153
f 1301/309/45 1300/310/46 1307/311/46 1306/312/45 

v -0.0348921 2.34199 -4.49153
f 1300/313/46 1299/314/47 1308/315/47 1307/316/46 

v -0.037771 2.34227 -4.49153
f 1299/317/47 1298/318/48 1309/319/48 1308/320/47 

v -0.0403668 2.3431 -4.49153
f 1298/321/48 1297/322/49 1310/323/49 1309/324/48 

v -0.0426793 2.3445 -4.49153
f 1297/325/49 1296/326/50 1311/327/50 1310/328/49 

v -0.0447087 2.34645 -4.49153
f 1296/329/50 1295/330/51 1312/331/51 1311/332/50 

v -0.0463606 2.34905 -4.49153
f 1295/333/51 1294/334/52 1313/335/52 1312/336/51 

v -0.0475405 2.35241 -4.49153
f 1294/337/52 1293/338/53 1314/339/53 1313/340/52 

v -0.0482484 2.35653 -4.49153
f 1293/341/53 1292/342/54 1315/343/54 1314/344/53 

v -0.0484844 2.3614 -4.49153
f 1292/345/54 1291/346/55 1316/347/55 1315/348/54 

v -0.0482448 2.366 -4.49153
f 1291/349/55 1290/350/56 1317/351/56 1316/352/55 

v -0.0475263 2.36992 -4.49153
f 1290/353/56 1289/354/57 1318/355/57 1317/356/56 

v -0.0463287 2.37316 -4.49153
f 1289/357/57 1288/358/58 1319/359/58 1318/360/57 

v -0.0446521 2.37571 -4.49153
f 1288/361/58 1287/362/59 1320/363/59 1319/364/58 

v -0.0425908 2.37764 -4.49153
f 1287/365/59 1286/366/60 1321/367/60 1320/368/59 

v -0.0402394 2.37902 -4.49153
f 1286/369/60 1285/370/61 1322/371/61 1321/372/60 

v -0.0375976 2.37985 -4.49153
f 1285/373/61 1284/374/62 1323/375/62 1322/376/61 

v -0.0346656 2.38012 -4.49153
f 1284/377/62 1283/378/63 1324/379/63 1323/380/62 

v -0.0305454 2.3795 -4.49153
f 1283/381/63 1282/382/64 1325/383/64 1324/384/63 

v -0.0270955 2.37763 -4.49153
f 1282/385/64 1281/386/65 1326/387/65 1325/388/64 

v -0.0245139 2.37469 -4.49153
f 1281/389/65 1280/390/66 1327/391/66 1326/392/65 

v -0.0229989 2.37084 -4.49153
f 1280/393/66 1279/394/67 1328/395/67 1327/396/66 

v -0.0119364 2.37348 -4.49153
f 1279/397/68 1278/398/68 1329/399/68 1328/400/68 

v -0.0142961 2.37935 -4.49153
f 1278/401/69 1277/402/70 1330/403/70 1329/404/69 

v -0.0175998 2.38367 -4.49153
f 1277/405/70 1276/406/71 1331/407/71 1330/408/70 

v -0.0210096 2.3863 -4.49153
f 1276/409/71 1275/410/72 1332/411/72 1331/412/71 

v -0.0248962 2.38818 -4.49153
f 1275/413/72 1274/414/73 1333/415/73 1332/416/72 

v -0.0292594 2.3893 -4.49153
f 1274/417/73 1273/418/74 1334/419/74 1333/420/73 

v -0.0340992 2.38968 -4.49153
f 1273/421/74 1272/422/75 1335/423/75 1334/424/74 

v -0.0396329 2.3892 -4.49153
f 1272/425/75 1271/426/76 1336/427/76 1335/428/75 

v -0.0446049 2.38776 -4.49153
f 1271/429/76 1270/430/77 1337/431/77 1336/432/76 

v -0.0490153 2.38538 -4.49153
f 1270/433/77 1269/434/78 1338/435/78 1337/436/77 

v -0.0528641 2.38203 -4.49153
f 1269/437/78 1268/438/79 1339/439/79 1338/440/78 

v -0.0559861 2.37782 -4.49153
f 1268/441/79 1267/442/80 1340/443/80 1339/444/79 

v -0.058216 2.37284 -4.49153
f 1267/445/80 1266/446/81 1341/447/81 1340/448/80 

v -0.059554 2.36709 -4.49153
f 1266/449/81 1265/450/82 1342/451/82 1341/452/81 

v -0.06 2.36057 -4.49153
f 1265/453/82 1264/454/83 1343/455/83 1342/456/82 

v -0.0595564 2.35438 -4.49153
f 1264/457/83 1263/458/84 1344/459/84 1343/460/83 

v -0.0582255 2.34889 -4.49153
f 1263/461/84 1262/462/85 1345/463/85 1344/464/84 

v -0.0560073 2.34408 -4.49153
f 1262/465/85 1261/466/86 1346/467/86 1345/468/85 

v -0.0529018 2.33997 -4.49153
f 1261/469/86 1260/470/87 1347/471/87 1346/472/86 

v -0.0491073 2.33667 -4.49153
f 1260/473/87 1259/474/88 1348/475/88 1347/476/87 

v -0.044822 2.33432 -4.49153
f 1259/477/88 1258/478/89 1349/479/89 1348/480/88 

v -0.0400459 2.33291 -4.49153
f 1258/481/89 1257/482/90 1350/483/90 1349/484/89 

v -0.0347789 2.33244 -4.49153
f 1257/485/90 1256/486/91 1351/487/91 1350/488/90 

v -0.0305183 2.33271 -4.49153
f 1256/489/91 1255/490/92 1352/491/92 1351/492/91 

v -0.0266471 2.33354 -4.49153
f 1255/493/92 1254/494/93 1353/495/93 1352/496/92 

v -0.0231653 2.33491 -4.49153
f 1254/497/93 1253/498/94 1354/499/94 1353/500/93 

v -0.0200728 2.33684 -4.49153
f 1253/501/94 1252/502/95 1355/503/95 1354/504/94 

v -0.0173815 2.33933 -4.49153
f 1252/505/95 1251/506/96 1356/507/96 1355/508/95 

v -0.0151032 2.3424 -4.49153
f 1251/509/96 1250/510/97 1357/511/97 1356/512/96 

v -0.0132378 2.34606 -4.49153
f 1250/513/97 1249/514/98 1358/515/98 1357/516/97 

f 1249/517/98 1248/518/99 1304/519/99 1358/520/98 

f 1304/521/6 1303/522/6 1305/523/6 1306/524/6 1307/525/6 1308/526/6 1309/527/6 1310/528/6 1311/529/6 1312/530/6 1313/531/6 1314/532/6 1315/533/6 1316/534/6 1317/535/6 1318/536/6 1319/537/6 1320/538/6 1321/539/6 1322/540/6 1323/541/6 1324/542/6 1325/543/6 1326/544/6 1327/545/6 1328/546/6 1329/547/6 1330/548/6 1331/549/6 1332/550/6 1333/551/6 1334/552/6 1335/553/6 1336/554/6 1337/555/6 1338/556/6 1339/557/6 1340/558/6 1341/559/6 1342/560/6 1343/258/6 1344/561/6 1345/562/6 1346/563/6 1347/564/6 1348/565/6 1349/566/6 1350/567/6 1351/568/6 1352/569/6 1353/570/6 1354/571/6 1355/572/6 1356/573/6 1357/574/6 1358/575/6 

g Mesh16 Group9 Model

v -0.00453614 2.37812 -4.49353
vt -2.18362 1.76146
v -0.00453614 2.38798 -4.49353
vt -2.18362 2.14943
v 0.0317476 2.38798 -4.49353
vt -3.61211 2.14943
v 0.0317476 2.38027 -4.49353
vt -3.61211 1.84619
v 0.0272168 2.37489 -4.49353
vt -3.43373 1.63437
v 0.0226106 2.36759 -4.49353
vt -3.25238 1.34674
v 0.0185187 2.35906 -4.49353
vt -3.09129 1.01098
v 0.0155313 2.35001 -4.49353
vt -2.97367 0.654788
v 0.0137143 2.3412 -4.49353
vt -2.90214 0.307884
v 0.0131338 2.33338 -4.49353
vt -2.87928 0
v 0.00290183 2.33338 -4.49353
vt -2.47645 0
v 0.00421858 2.34497 -4.49353
vt -2.52829 0.456345
v 0.00764024 2.35679 -4.49353
vt -2.663 0.921608
v 0.0128647 2.36809 -4.49353
vt -2.86869 1.36643
v 0.0195901 2.37812 -4.49353
vt -3.13347 1.76146
f 1359/1986/1 1360/1987/1 1361/1988/1 1362/1989/1 1363/1990/1 1364/1991/1 1365/1992/1 1366/1993/1 1367/1994/1 1368/1995/1 1369/1996/1 1370/1997/1 1371/1998/1 1372/1999/1 1373/2000/1 

vt -2.14943 0
vt -1.76146 0
v -0.00453614 2.37812 -4.49153
vt -1.76146 0.0787402
v -0.00453614 2.38798 -4.49153
vt -2.14943 0.0787402
f 1360/2001/2 1359/2002/2 1374/2003/2 1375/2004/2 

vt 2.18362 0
vt 3.13347 0
v 0.0195901 2.37812 -4.49153
vt 3.13347 0.0787402
vt 2.18362 0.0787402
f 1359/2005/3 1373/2006/3 1376/2007/3 1374/2008/3 

vt -3.20781 0
vn -0.830665 0.556773 2.13164e-16
vt -2.73226 0
vn -0.87186 0.489755 1.87506e-16
v 0.0128647 2.36809 -4.49153
vt -2.73226 0.0787402
vt -3.20781 0.0787402
f 1373/2009/330 1372/2010/331 1377/2011/331 1376/2012/330 

vt -2.44427 0
vt -1.95419 0
vn -0.936783 0.349911 1.33966e-16
v 0.00764024 2.35679 -4.49153
vt -1.95419 0.0787402
vt -2.44427 0.0787402
f 1372/2013/331 1371/2014/332 1378/2015/332 1377/2016/331 

vt -1.62587 0
vt -1.14149 0
vn -0.980566 0.196191 7.51132e-17
v 0.00421858 2.34497 -4.49153
vt -1.14149 0.0787402
vt -1.62587 0.0787402
f 1371/2017/332 1370/2018/333 1379/2019/333 1378/2020/332 

vt -0.738804 0
vt -0.279524 0
vn -0.993609 0.112873 4.32142e-17
v 0.00290183 2.33338 -4.49153
vt -0.279524 0.0787402
vt -0.738804 0.0787402
f 1370/2021/333 1369/2022/334 1380/2023/334 1379/2024/333 

vt 2.47645 0
vt 2.87928 0
v 0.0131338 2.33338 -4.49153
vt 2.87928 0.0787402
vt 2.47645 0.0787402
f 1369/2025/3 1368/2026/3 1381/2027/3 1380/2028/3 

vt 0.213143 0
vn 0.997256 -0.0740265 -2.83416e-17
vt 0.521874 0
vn 0.990393 -0.138284 -5.2943e-17
v 0.0137143 2.3412 -4.49153
vt 0.521874 0.0787402
vt 0.213143 0.0787402
f 1368/2029/335 1367/2030/336 1382/2031/336 1381/2032/335 

vt 0.887666 0
vt 1.24187 0
vn 0.966095 -0.258189 -9.88493e-17
v 0.0155313 2.35001 -4.49153
vt 1.24187 0.0787402
vt 0.887666 0.0787402
f 1367/2033/336 1366/2034/337 1383/2035/337 1382/2036/336 

vt 1.55417 0
vt 1.92928 0
vn 0.927494 -0.373839 -1.43127e-16
v 0.0185187 2.35906 -4.49153
vt 1.92928 0.0787402
vt 1.55417 0.0787402
f 1366/2037/337 1365/2038/338 1384/2039/338 1383/2040/337 

vt 2.24874 0
vt 2.62114 0
vn 0.8752 -0.483762 -1.85212e-16
v 0.0226106 2.36759 -4.49153
vt 2.62114 0.0787402
vt 2.24874 0.0787402
f 1365/2041/338 1364/2042/339 1385/2043/339 1384/2044/338 

vt 2.87382 0
vt 3.21385 0
vn 0.807311 -0.590127 -2.25934e-16
v 0.0272168 2.37489 -4.49153
vt 3.21385 0.0787402
vt 2.87382 0.0787402
f 1364/2045/339 1363/2046/340 1386/2047/340 1385/2048/339 

vt 3.46194 0
vt 3.73886 0
vn 0.764911 -0.644136 -2.46612e-16
v 0.0317476 2.38027 -4.49153
vt 3.73886 0.0787402
vt 3.46194 0.0787402
f 1363/2049/340 1362/2050/341 1387/2051/341 1386/2052/340 

vt 1.84619 0
v 0.0317476 2.38798 -4.49153
vt 1.84619 0.0787402
f 1362/2053/4 1361/1474/4 1388/1475/4 1387/2054/4 

vt -3.61211 0
vt -2.18362 0
vt -2.18362 0.0787402
vt -3.61211 0.0787402
f 1361/2055/5 1360/2056/5 1375/2057/5 1388/2058/5 

vt 2.18362 2.14943
vt 2.18362 1.76146
vt 3.13347 1.76146
vt 2.86869 1.36643
vt 2.663 0.921608
vt 2.52829 0.456345
vt 2.90214 0.307884
vt 2.97367 0.654788
vt 3.09129 1.01098
vt 3.25238 1.34674
vt 3.43373 1.63437
vt 3.61211 1.84619
vt 3.61211 2.14943
f 1375/2059/6 1374/2060/6 1376/2061/6 1377/2062/6 1378/2063/6 1379/2064/6 1380/2025/6 1381/2026/6 1382/2065/6 1383/2066/6 1384/2067/6 1385/2068/6 1386/2069/6 1387/2070/6 1388/2071/6 

g Mesh17 Group10 Model

v -0.0226214 2.35373 4.10647
v -0.0117853 2.3503 4.10647
v -0.0132378 2.34606 4.10647
v -0.0151032 2.3424 4.10647
v -0.0173815 2.33933 4.10647
v -0.0200728 2.33684 4.10647
v -0.0231653 2.33491 4.10647
v -0.0266471 2.33354 4.10647
v -0.0305183 2.33271 4.10647
v -0.0347789 2.33244 4.10647
v -0.0400459 2.33291 4.10647
v -0.044822 2.33432 4.10647
v -0.0491073 2.33667 4.10647
v -0.0529018 2.33997 4.10647
v -0.0560073 2.34408 4.10647
v -0.0582255 2.34889 4.10647
v -0.0595564 2.35438 4.10647
v -0.06 2.36057 4.10647
v -0.059554 2.36709 4.10647
v -0.058216 2.37284 4.10647
v -0.0559861 2.37782 4.10647
v -0.0528641 2.38203 4.10647
v -0.0490153 2.38538 4.10647
v -0.0446049 2.38776 4.10647
v -0.0396329 2.3892 4.10647
v -0.0340992 2.38968 4.10647
v -0.0292594 2.3893 4.10647
v -0.0248962 2.38818 4.10647
v -0.0210096 2.3863 4.10647
v -0.0175998 2.38367 4.10647
v -0.0142961 2.37935 4.10647
v -0.0119364 2.37348 4.10647
v -0.0229989 2.37084 4.10647
v -0.0245139 2.37469 4.10647
v -0.0270955 2.37763 4.10647
v -0.0305454 2.3795 4.10647
v -0.0346656 2.38012 4.10647
v -0.0375976 2.37985 4.10647
v -0.0402394 2.37902 4.10647
v -0.0425908 2.37764 4.10647
v -0.0446521 2.37571 4.10647
v -0.0463287 2.37316 4.10647
v -0.0475263 2.36992 4.10647
v -0.0482448 2.366 4.10647
v -0.0484844 2.3614 4.10647
v -0.0482484 2.35653 4.10647
v -0.0475405 2.35241 4.10647
v -0.0463606 2.34905 4.10647
v -0.0447087 2.34645 4.10647
v -0.0426793 2.3445 4.10647
v -0.0403668 2.3431 4.10647
v -0.037771 2.34227 4.10647
v -0.0348921 2.34199 4.10647
v -0.0307484 2.3427 4.10647
v -0.0272276 2.34482 4.10647
v -0.0244714 2.34847 4.10647
f 1389/241/1 1390/242/1 1391/243/1 1392/244/1 1393/245/1 1394/246/1 1395/247/1 1396/248/1 1397/249/1 1398/250/1 1399/251/1 1400/252/1 1401/253/1 1402/254/1 1403/255/1 1404/256/1 1405/257/1 1406/258/1 1407/259/1 1408/260/1 1409/261/1 1410/262/1 1411/263/1 1412/264/1 1413/265/1 1414/266/1 1415/267/1 1416/268/1 1417/269/1 1418/270/1 1419/271/1 1420/272/1 1421/273/1 1422/274/1 1423/275/1 1424/276/1 1425/277/1 1426/278/1 1427/279/1 1428/280/1 1429/281/1 1430/282/1 1431/283/1 1432/284/1 1433/285/1 1434/286/1 1435/287/1 1436/288/1 1437/289/1 1438/290/1 1439/291/1 1440/292/1 1441/293/1 1442/294/1 1443/295/1 1444/296/1 

v -0.0226214 2.35373 4.10847
v -0.0117853 2.3503 4.10847
f 1390/297/42 1389/298/42 1445/299/42 1446/300/42 

v -0.0244714 2.34847 4.10847
f 1389/301/43 1444/302/44 1447/303/44 1445/304/43 

v -0.0272276 2.34482 4.10847
f 1444/305/44 1443/306/45 1448/307/45 1447/308/44 

v -0.0307484 2.3427 4.10847
f 1443/309/45 1442/310/46 1449/311/46 1448/312/45 

v -0.0348921 2.34199 4.10847
f 1442/313/46 1441/314/47 1450/315/47 1449/316/46 

v -0.037771 2.34227 4.10847
f 1441/317/47 1440/318/48 1451/319/48 1450/320/47 

v -0.0403668 2.3431 4.10847
f 1440/321/48 1439/322/49 1452/323/49 1451/324/48 

v -0.0426793 2.3445 4.10847
f 1439/325/49 1438/326/50 1453/327/50 1452/328/49 

v -0.0447087 2.34645 4.10847
f 1438/329/50 1437/330/51 1454/331/51 1453/332/50 

v -0.0463606 2.34905 4.10847
f 1437/333/51 1436/334/52 1455/335/52 1454/336/51 

v -0.0475405 2.35241 4.10847
f 1436/337/52 1435/338/53 1456/339/53 1455/340/52 

v -0.0482484 2.35653 4.10847
f 1435/341/53 1434/342/54 1457/343/54 1456/344/53 

v -0.0484844 2.3614 4.10847
f 1434/345/54 1433/346/55 1458/347/55 1457/348/54 

v -0.0482448 2.366 4.10847
f 1433/349/55 1432/350/56 1459/351/56 1458/352/55 

v -0.0475263 2.36992 4.10847
f 1432/353/56 1431/354/57 1460/355/57 1459/356/56 

v -0.0463287 2.37316 4.10847
f 1431/357/57 1430/358/58 1461/359/58 1460/360/57 

v -0.0446521 2.37571 4.10847
f 1430/361/58 1429/362/59 1462/363/59 1461/364/58 

v -0.0425908 2.37764 4.10847
f 1429/365/59 1428/366/60 1463/367/60 1462/368/59 

v -0.0402394 2.37902 4.10847
f 1428/369/60 1427/370/61 1464/371/61 1463/372/60 

v -0.0375976 2.37985 4.10847
f 1427/373/61 1426/374/62 1465/375/62 1464/376/61 

v -0.0346656 2.38012 4.10847
f 1426/377/62 1425/378/63 1466/379/63 1465/380/62 

v -0.0305454 2.3795 4.10847
f 1425/381/63 1424/382/64 1467/383/64 1466/384/63 

v -0.0270955 2.37763 4.10847
f 1424/385/64 1423/386/65 1468/387/65 1467/388/64 

v -0.0245139 2.37469 4.10847
f 1423/389/65 1422/390/66 1469/391/66 1468/392/65 

v -0.0229989 2.37084 4.10847
f 1422/393/66 1421/394/67 1470/395/67 1469/396/66 

v -0.0119364 2.37348 4.10847
f 1421/397/68 1420/398/68 1471/399/68 1470/400/68 

v -0.0142961 2.37935 4.10847
f 1420/401/69 1419/402/70 1472/403/70 1471/404/69 

v -0.0175998 2.38367 4.10847
f 1419/405/70 1418/406/71 1473/407/71 1472/408/70 

v -0.0210096 2.3863 4.10847
f 1418/409/71 1417/410/72 1474/411/72 1473/412/71 

v -0.0248962 2.38818 4.10847
f 1417/413/72 1416/414/73 1475/415/73 1474/416/72 

v -0.0292594 2.3893 4.10847
f 1416/417/73 1415/418/74 1476/419/74 1475/420/73 

v -0.0340992 2.38968 4.10847
f 1415/421/74 1414/422/75 1477/423/75 1476/424/74 

v -0.0396329 2.3892 4.10847
f 1414/425/75 1413/426/76 1478/427/76 1477/428/75 

v -0.0446049 2.38776 4.10847
f 1413/429/76 1412/430/77 1479/431/77 1478/432/76 

v -0.0490153 2.38538 4.10847
f 1412/433/77 1411/434/78 1480/435/78 1479/436/77 

v -0.0528641 2.38203 4.10847
f 1411/437/78 1410/438/79 1481/439/79 1480/440/78 

v -0.0559861 2.37782 4.10847
f 1410/441/79 1409/442/80 1482/443/80 1481/444/79 

v -0.058216 2.37284 4.10847
f 1409/445/80 1408/446/81 1483/447/81 1482/448/80 

v -0.059554 2.36709 4.10847
f 1408/449/81 1407/450/82 1484/451/82 1483/452/81 

v -0.06 2.36057 4.10847
f 1407/453/82 1406/454/83 1485/455/83 1484/456/82 

v -0.0595564 2.35438 4.10847
f 1406/457/83 1405/458/84 1486/459/84 1485/460/83 

v -0.0582255 2.34889 4.10847
f 1405/461/84 1404/462/85 1487/463/85 1486/464/84 

v -0.0560073 2.34408 4.10847
f 1404/465/85 1403/466/86 1488/467/86 1487/468/85 

v -0.0529018 2.33997 4.10847
f 1403/469/86 1402/470/87 1489/471/87 1488/472/86 

v -0.0491073 2.33667 4.10847
f 1402/473/87 1401/474/88 1490/475/88 1489/476/87 

v -0.044822 2.33432 4.10847
f 1401/477/88 1400/478/89 1491/479/89 1490/480/88 

v -0.0400459 2.33291 4.10847
f 1400/481/89 1399/482/90 1492/483/90 1491/484/89 

v -0.0347789 2.33244 4.10847
f 1399/485/90 1398/486/91 1493/487/91 1492/488/90 

v -0.0305183 2.33271 4.10847
f 1398/489/91 1397/490/92 1494/491/92 1493/492/91 

v -0.0266471 2.33354 4.10847
f 1397/493/92 1396/494/93 1495/495/93 1494/496/92 

v -0.0231653 2.33491 4.10847
f 1396/497/93 1395/498/94 1496/499/94 1495/500/93 

v -0.0200728 2.33684 4.10847
f 1395/501/94 1394/502/95 1497/503/95 1496/504/94 

v -0.0173815 2.33933 4.10847
f 1394/505/95 1393/506/96 1498/507/96 1497/508/95 

v -0.0151032 2.3424 4.10847
f 1393/509/96 1392/510/97 1499/511/97 1498/512/96 

v -0.0132378 2.34606 4.10847
f 1392/513/97 1391/514/98 1500/515/98 1499/516/97 

f 1391/517/98 1390/518/99 1446/519/99 1500/520/98 

f 1446/521/6 1445/522/6 1447/523/6 1448/524/6 1449/525/6 1450/526/6 1451/527/6 1452/528/6 1453/529/6 1454/530/6 1455/531/6 1456/532/6 1457/533/6 1458/534/6 1459/535/6 1460/536/6 1461/537/6 1462/538/6 1463/539/6 1464/540/6 1465/541/6 1466/542/6 1467/543/6 1468/544/6 1469/545/6 1470/546/6 1471/547/6 1472/548/6 1473/549/6 1474/550/6 1475/551/6 1476/552/6 1477/553/6 1478/554/6 1479/555/6 1480/556/6 1481/557/6 1482/558/6 1483/559/6 1484/560/6 1485/258/6 1486/561/6 1487/562/6 1488/563/6 1489/564/6 1490/565/6 1491/566/6 1492/567/6 1493/568/6 1494/569/6 1495/570/6 1496/571/6 1497/572/6 1498/573/6 1499/574/6 1500/575/6 

g Mesh18 Group10 Model

v 0.00626685 2.38795 4.10647
vt -2.60893 2.14831
v 0.00720604 2.37662 4.10647
vt -2.64591 1.70237
v 0.00675297 2.37393 4.10647
vt -2.62807 1.59646
f 1501/2072/1 1502/2073/1 1503/2074/1

v 0.00956697 2.38871 4.10647
vt -2.73886 2.17814
f 1502/2073/1 1501/2072/1 1504/2075/1

vt -3.15672 0
vn -0.145855 0.989306 3.78763e-16
vt -3.02341 0
vn -0.316137 0.948714 3.63222e-16
v 0.00626685 2.38795 4.10847
vt -3.02341 0.0787402
v 0.00956697 2.38871 4.10847
vt -3.15672 0.0787402
f 1504/2076/342 1501/2077/343 1505/2078/343 1506/2079/342 

vt -3.2561 0
v 0.00342216 2.38669 4.10647
vt -3.13357 0
vn -0.503201 0.864169 3.30853e-16
v 0.00342216 2.38669 4.10847
vt -3.13357 0.0787402
vt -3.2561 0.0787402
f 1501/2080/343 1507/2081/344 1508/2082/344 1505/2083/343 

v 0.00456311 2.36325 4.10647
vt -2.54185 1.17579
vt -2.49694 2.09861
f 1509/2084/1 1507/2085/1 1501/2072/1

v 0.0010329 2.38492 4.10647
vt -2.40287 2.02902
f 1509/2084/1 1510/2086/1 1507/2085/1

v 0.0010093 2.36531 4.10647
vt -2.40194 1.25699
f 1511/2087/1 1510/2086/1 1509/2084/1

v -0.000858454 2.38276 4.10647
vt -2.32841 1.9442
f 1511/2087/1 1512/2088/1 1510/2086/1

v -0.00142125 2.36802 4.10647
vt -2.30625 1.36383
f 1513/2089/1 1512/2088/1 1511/2087/1

v -0.00220942 2.38034 4.10647
vt -2.27522 1.84879
f 1513/2089/1 1514/2090/1 1512/2088/1

v -0.00282295 2.37121 4.10647
vt -2.25106 1.48925
f 1515/2091/1 1514/2090/1 1513/2089/1

v -0.00301999 2.37765 4.10647
vt -2.24331 1.74279
f 1515/2091/1 1516/2092/1 1514/2090/1

v -0.00329018 2.37469 4.10647
vt -2.23267 1.62619
f 1516/2092/1 1515/2091/1 1517/2093/1

vt -1.31448 0
vn -0.999774 -0.0212714 -8.14391e-18
vt -1.17631 0
vn -0.962691 -0.270602 -1.03602e-16
v -0.00282295 2.37121 4.10847
vt -1.17631 0.0787402
v -0.00329018 2.37469 4.10847
vt -1.31448 0.0787402
f 1517/2094/345 1515/2095/346 1518/2096/346 1519/2097/345 

vt -0.456542 0
vt -0.319518 0
vn -0.840572 -0.541699 -2.07393e-16
v -0.00142125 2.36802 4.10847
vt -0.319518 0.0787402
vt -0.456542 0.0787402
f 1515/2098/346 1513/2099/347 1520/2100/347 1518/2101/346 

vt 0.522745 0
vt 0.666173 0
vn -0.631212 -0.77561 -2.96948e-16
v 0.0010093 2.36531 4.10847
vt 0.666173 0.0787402
vt 0.522745 0.0787402
f 1513/2102/347 1511/2103/348 1521/2104/348 1520/2105/347 

vt 1.44651 0
vt 1.60828 0
vn -0.501941 -0.864902 -3.31134e-16
v 0.00456311 2.36325 4.10847
vt 1.60828 0.0787402
vt 1.44651 0.0787402
f 1511/2106/348 1509/2107/349 1522/2108/349 1521/2109/348 

vt -2.78579 0
vn -0.510899 0.859641 3.29119e-16
v 0.000409921 2.36078 4.10647
vt -2.59558 0
vn -0.642446 0.766331 2.93395e-16
v 0.000409921 2.36078 4.10847
vt -2.59558 0.0787402
vt -2.78579 0.0787402
f 1509/2110/350 1523/2111/351 1524/2112/351 1522/2113/350 

v 0.00124056 2.33636 4.10647
vt -2.41105 0.117431
vt -2.37834 1.07862
f 1525/2114/1 1523/2115/1 1509/2084/1

v -0.00135283 2.33892 4.10647
vt -2.30894 0.218139
f 1526/2116/1 1523/2115/1 1525/2114/1

v -0.00245955 2.35745 4.10647
vt -2.26537 0.947621
f 1526/2116/1 1527/2117/1 1523/2115/1

v -0.00320524 2.34191 4.10647
vt -2.23601 0.335941
f 1528/2118/1 1527/2117/1 1526/2116/1

v -0.00413026 2.35351 4.10647
vt -2.1996 0.792472
f 1528/2118/1 1529/2119/1 1527/2117/1

v -0.00431668 2.34534 4.10647
vt -2.19226 0.470837
f 1530/2120/1 1529/2119/1 1528/2118/1

v -0.00468716 2.3492 4.10647
vt -2.17767 0.622829
f 1529/2119/1 1530/2120/1 1531/2121/1

vt -0.411956 0
vn -0.999865 0.0164289 6.28991e-18
vt -0.259267 0
vn -0.979128 -0.203245 -7.78138e-17
v -0.00431668 2.34534 4.10847
vt -0.259267 0.0787402
v -0.00468716 2.3492 4.10847
vt -0.411956 0.0787402
f 1531/2122/352 1530/2123/353 1532/2124/353 1533/2125/352 

vt 0.228561 0
vt 0.370377 0
vn -0.90729 -0.420506 -1.60994e-16
v -0.00320524 2.34191 4.10847
vt 0.370377 0.0787402
vt 0.228561 0.0787402
f 1530/2126/353 1528/2127/354 1534/2128/354 1532/2129/353 

vt 0.891356 0
vt 1.02991 0
vn -0.781766 -0.623572 -2.38739e-16
v -0.00135283 2.33892 4.10847
vt 1.02991 0.0787402
vt 0.891356 0.0787402
f 1528/2130/354 1526/2131/355 1535/2132/355 1534/2133/354 

vt 1.49067 0
vt 1.63408 0
vn -0.626773 -0.779202 -2.98323e-16
v 0.00124056 2.33636 4.10847
vt 1.63408 0.0787402
vt 1.49067 0.0787402
f 1526/2134/355 1525/2135/356 1536/2136/356 1535/2137/355 

vt 1.95766 0
v 0.00390946 2.33463 4.10647
vt 2.08297 0
vn -0.466063 -0.884752 -3.38733e-16
v 0.00390946 2.33463 4.10847
vt 2.08297 0.0787402
vt 1.95766 0.0787402
f 1525/2138/356 1537/2139/357 1538/2140/357 1536/2141/356 

vt -2.51612 0.049146
f 1525/2114/1 1509/2084/1 1537/2142/1

v 0.00689455 2.33339 4.10647
vt -2.63364 0.000371421
f 1537/2142/1 1509/2084/1 1539/2143/1

v 0.00577131 2.35022 4.10647
vt -2.58942 0.662963
f 1539/2143/1 1509/2084/1 1540/2144/1

f 1509/2084/1 1501/2072/1 1540/2144/1

v 0.00624797 2.35324 4.10647
vt -2.60819 0.78188
f 1540/2144/1 1501/2072/1 1541/2145/1

f 1541/2145/1 1501/2072/1 1503/2074/1

v 0.00767799 2.35604 4.10647
vt -2.66449 0.891879
f 1541/2145/1 1503/2074/1 1542/2146/1

v 0.00720132 2.37111 4.10647
vt -2.64572 1.48535
f 1542/2146/1 1503/2074/1 1543/2147/1

vt 1.05186 0
vn 0.935524 0.353264 1.3525e-16
vt 1.16436 0
vn 0.999989 -0.00465438 -1.78196e-18
v 0.00675297 2.37393 4.10847
vt 1.16436 0.0787402
v 0.00720132 2.37111 4.10847
vt 1.05186 0.0787402
f 1543/2148/358 1503/2149/359 1544/2150/359 1545/2151/358 

vt 2.01076 0
vt 2.11817 0
vn 0.932286 -0.361723 -1.38488e-16
v 0.00720604 2.37662 4.10847
vt 2.11817 0.0787402
vt 2.01076 0.0787402
f 1503/2152/359 1502/2153/360 1546/2154/360 1544/2155/359 

vt 2.86545 0
v 0.00856526 2.37873 4.10647
vt 2.96409 0
vn 0.705669 -0.708541 -2.7127e-16
v 0.00856526 2.37873 4.10847
vt 2.96409 0.0787402
vt 2.86545 0.0787402
f 1502/2156/360 1547/2157/361 1548/2158/361 1546/2159/360 

vt -2.69942 1.78524
f 1502/2073/1 1504/2075/1 1547/2160/1

v 0.010689 2.38009 4.10647
vt -2.78303 1.83876
f 1547/2160/1 1504/2075/1 1549/2161/1

v 0.0133225 2.38896 4.10647
vt -2.88671 2.18808
f 1549/2161/1 1504/2075/1 1550/2162/1

vt -3.02699 0
vn 0.000275593 1 3.82857e-16
vt -2.8788 0
vt -2.8788 0.0787402
v 0.0133225 2.38896 4.10847
vt -3.02699 0.0787402
f 1550/2163/362 1504/2164/342 1506/2165/342 1551/2166/362 

vt 2.73886 2.17814
v 0.010689 2.38009 4.10847
vt 2.78303 1.83876
vt 2.88671 2.18808
f 1506/2167/6 1552/2168/6 1551/2169/6

vt 2.69942 1.78524
f 1506/2167/6 1548/2170/6 1552/2168/6

vt 2.64591 1.70237
f 1506/2167/6 1546/2171/6 1548/2170/6

vt 2.60893 2.14831
f 1505/2172/6 1546/2171/6 1506/2167/6

vt 2.62807 1.59646
f 1546/2171/6 1505/2172/6 1544/2173/6

v 0.00624797 2.35324 4.10847
vt 2.60819 0.78188
f 1505/2172/6 1553/2174/6 1544/2173/6

v 0.00577131 2.35022 4.10847
vt 2.58942 0.662963
f 1505/2172/6 1554/2175/6 1553/2174/6

vt 2.54185 1.17579
f 1505/2172/6 1522/2176/6 1554/2175/6

vt 2.49694 2.09861
f 1508/2177/6 1522/2176/6 1505/2172/6

v 0.0010329 2.38492 4.10847
vt 2.40287 2.02902
f 1555/2178/6 1522/2176/6 1508/2177/6

vt 2.40194 1.25699
f 1555/2178/6 1521/2179/6 1522/2176/6

v -0.000858454 2.38276 4.10847
vt 2.32841 1.9442
f 1556/2180/6 1521/2179/6 1555/2178/6

vt 2.30625 1.36383
f 1556/2180/6 1520/2181/6 1521/2179/6

v -0.00220942 2.38034 4.10847
vt 2.27522 1.84879
f 1557/2182/6 1520/2181/6 1556/2180/6

vt 2.25106 1.48925
f 1557/2182/6 1518/2183/6 1520/2181/6

v -0.00301999 2.37765 4.10847
vt 2.24331 1.74279
f 1558/2184/6 1518/2183/6 1557/2182/6

vt 2.23267 1.62619
f 1518/2183/6 1558/2184/6 1519/2185/6

vt -1.9394 0
vn -0.981681 0.190529 7.29455e-17
vt -1.82232 0
vt -1.82232 0.0787402
vt -1.9394 0.0787402
f 1516/2186/363 1517/2187/345 1519/2188/345 1558/2189/363 

vt -2.42619 0
vn -0.920873 0.389863 1.49262e-16
vt -2.31548 0
vt -2.31548 0.0787402
vt -2.42619 0.0787402
f 1514/2190/364 1516/2191/363 1558/2192/363 1557/2193/364 

vt -2.83189 0
vn -0.817061 0.576551 2.20736e-16
vt -2.72265 0
vt -2.72265 0.0787402
vt -2.83189 0.0787402
f 1512/2194/365 1514/2195/364 1557/2196/364 1556/2197/365 

vt -3.11006 0
vn -0.676961 0.736019 2.8179e-16
vt -2.99719 0
vt -2.99719 0.0787402
vt -3.11006 0.0787402
f 1510/2198/366 1512/2199/365 1556/2200/365 1555/2201/366 

vt -3.25545 0
vt -3.13845 0
vt -3.13845 0.0787402
vt -3.25545 0.0787402
f 1507/2202/344 1510/2203/366 1555/2204/366 1508/2205/344 

v 0.00689455 2.33339 4.10847
vt 2.63364 0.000371421
f 1522/2176/6 1559/2206/6 1554/2175/6

vt 2.51612 0.049146
f 1522/2176/6 1538/2207/6 1559/2206/6

vt 2.41105 0.117431
f 1522/2176/6 1536/2208/6 1538/2207/6

vt 2.37834 1.07862
f 1524/2209/6 1536/2208/6 1522/2176/6

vt 2.30894 0.218139
f 1524/2209/6 1535/2210/6 1536/2208/6

v -0.00245955 2.35745 4.10847
vt 2.26537 0.947621
f 1560/2211/6 1535/2210/6 1524/2209/6

vt 2.23601 0.335941
f 1560/2211/6 1534/2212/6 1535/2210/6

v -0.00413026 2.35351 4.10847
vt 2.1996 0.792472
f 1561/2213/6 1534/2212/6 1560/2211/6

vt 2.19226 0.470837
f 1561/2213/6 1532/2214/6 1534/2212/6

vt 2.17767 0.622829
f 1532/2214/6 1561/2213/6 1533/2215/6

vt -1.06787 0
vn -0.965156 0.261675 1.00184e-16
vt -0.896819 0
vt -0.896819 0.0787402
vt -1.06787 0.0787402
f 1529/2216/367 1531/2217/352 1533/2218/352 1561/2219/367 

vt -1.75668 0
vn -0.849205 0.528064 2.02173e-16
vt -1.58817 0
vt -1.58817 0.0787402
vt -1.75668 0.0787402
f 1527/2220/368 1529/2221/367 1561/2222/367 1560/2223/368 

vt -2.37008 0
vt -2.1971 0
vt -2.1971 0.0787402
vt -2.37008 0.0787402
f 1523/2224/351 1527/2225/368 1560/2226/368 1524/2227/351 

vt 2.30509 0
vt 2.43233 0
vn -0.302608 -0.953115 -3.64907e-16
vt 2.43233 0.0787402
vt 2.30509 0.0787402
f 1537/2228/357 1539/2229/369 1559/2230/369 1538/2231/357 

vt 2.56924 0
v 0.0101959 2.33265 4.10647
vt 2.70247 0
vn -0.14442 -0.989517 -3.78843e-16
v 0.0101959 2.33265 4.10847
vt 2.70247 0.0787402
vt 2.56924 0.0787402
f 1539/2232/369 1562/2233/370 1563/2234/370 1559/2235/369 

v 0.0080178 2.34339 4.10647
vt -2.67787 0.393913
vt -2.76362 -0.0288932
f 1539/2143/1 1564/2236/1 1562/2237/1

v 0.00633293 2.34632 4.10647
vt -2.61153 0.509486
f 1539/2143/1 1565/2238/1 1564/2236/1

f 1539/2143/1 1540/2144/1 1565/2238/1

vt 0.131888 0
vn 0.945371 0.325997 1.2481e-16
vt 0.286951 0
vn 0.999977 -0.00671912 -2.57246e-18
vt 0.286951 0.0787402
v 0.00633293 2.34632 4.10847
vt 0.131888 0.0787402
f 1565/2239/371 1540/2240/372 1554/2241/372 1566/2242/371 

vt 1.0585 0
vt 1.17889 0
vn 0.950861 -0.309619 -1.1854e-16
vt 1.17889 0.0787402
vt 1.0585 0.0787402
f 1540/2243/372 1541/2244/373 1553/2245/373 1554/2246/372 

vt 1.88434 0
vt 2.00791 0
vn 0.781644 -0.623725 -2.38797e-16
v 0.00767799 2.35604 4.10847
vt 2.00791 0.0787402
vt 1.88434 0.0787402
f 1541/2247/373 1542/2248/374 1567/2249/374 1553/2250/373 

vt 2.61571 0
v 0.0100802 2.35805 4.10647
vt 2.73904 0
vn 0.431292 -0.902213 -3.45418e-16
v 0.0100802 2.35805 4.10847
vt 2.73904 0.0787402
vt 2.61571 0.0787402
f 1542/2251/374 1568/2252/375 1569/2253/375 1567/2254/374 

v 0.00854639 2.36899 4.10647
vt -2.69868 1.40174
vt -2.75906 0.971033
f 1542/2146/1 1570/2255/1 1568/2256/1

f 1542/2146/1 1543/2147/1 1570/2255/1

vt -0.259722 0
vn 0.707922 0.706291 2.70408e-16
vt -0.16075 0
vt -0.16075 0.0787402
v 0.00854639 2.36899 4.10847
vt -0.259722 0.0787402
f 1570/2257/376 1543/2258/358 1545/2259/358 1571/2260/376 

vt 2.64572 1.48535
vt 2.66449 0.891879
vt 2.69868 1.40174
f 1545/2261/6 1567/2262/6 1571/2263/6

f 1544/2173/6 1567/2262/6 1545/2261/6

f 1544/2173/6 1553/2174/6 1567/2262/6

vt 2.75906 0.971033
f 1571/2263/6 1567/2262/6 1569/2264/6

v 0.0106371 2.36765 4.10847
vt 2.78099 1.34934
f 1571/2263/6 1569/2264/6 1572/2265/6

v 0.0134736 2.35872 4.10847
vt 2.89266 0.997418
f 1572/2265/6 1569/2264/6 1573/2266/6

vt 2.89492 0
v 0.0134736 2.35872 4.10647
vt 3.0311 0
vn 0.00249942 -0.999997 -3.82856e-16
vt 3.0311 0.0787402
vt 2.89492 0.0787402
f 1568/2267/375 1574/2268/377 1573/2269/377 1569/2270/375 

v 0.0106371 2.36765 4.10647
vt -2.78099 1.34934
vt -2.89266 0.997418
f 1568/2256/1 1575/2271/1 1574/2272/1

f 1568/2256/1 1570/2255/1 1575/2271/1

vt -1.6214 0
vn 0.357229 0.934017 3.57595e-16
vt -1.52382 0
vt -1.52382 0.0787402
vt -1.6214 0.0787402
f 1575/2273/378 1570/2274/376 1571/2275/376 1572/2276/378 

v 0.0133225 2.36721 4.10647
vt -2.63103 0
vn 0.000132175 1 3.82857e-16
vt -2.52387 0
vt -2.52387 0.0787402
v 0.0133225 2.36721 4.10847
vt -2.63103 0.0787402
f 1576/2277/379 1575/2278/378 1572/2279/378 1577/2280/379 

vt -2.88671 1.33187
f 1574/2272/1 1575/2271/1 1576/2281/1

v 0.016041 2.36766 4.10647
vt -2.99374 1.34952
f 1574/2272/1 1576/2281/1 1578/2282/1

vt -3.17344 0
vn -0.35697 0.934116 3.57633e-16
vt -3.06497 0
vt -3.06497 0.0787402
v 0.016041 2.36766 4.10847
vt -3.17344 0.0787402
f 1578/2283/380 1576/2284/379 1577/2285/379 1579/2286/380 

vt 2.88671 1.33187
vt 2.99374 1.34952
f 1577/2287/6 1573/2266/6 1579/2288/6

f 1572/2265/6 1573/2266/6 1577/2287/6

v 0.0165413 2.35813 4.10847
vt 3.01344 0.974192
f 1579/2288/6 1573/2266/6 1580/2289/6

vt 2.65225 0
v 0.0165413 2.35813 4.10647
vt 2.77524 0
vn -0.393715 -0.919233 -3.51935e-16
vt 2.77524 0.0787402
vt 2.65225 0.0787402
f 1574/2290/377 1581/2291/381 1580/2292/381 1573/2293/377 

vt -3.01344 0.974192
f 1574/2272/1 1578/2282/1 1581/2294/1

v 0.0181553 2.369 4.10647
vt -3.07698 1.40248
f 1581/2294/1 1578/2282/1 1582/2295/1

vt -3.34896 0
vn -0.707207 0.707006 2.70682e-16
vt -3.2503 0
vt -3.2503 0.0787402
v 0.0181553 2.369 4.10847
vt -3.34896 0.0787402
f 1582/2296/382 1578/2297/380 1579/2298/380 1583/2299/382 

vt 3.07698 1.40248
f 1579/2288/6 1580/2289/6 1583/2300/6

v 0.0190237 2.35636 4.10847
vt 3.11117 0.904514
f 1583/2300/6 1580/2289/6 1584/2301/6

vt 1.88818 0
v 0.0190237 2.35636 4.10647
vt 2.00821 0
vn -0.734713 -0.678378 -2.59722e-16
vt 2.00821 0.0787402
vt 1.88818 0.0787402
f 1581/2302/381 1585/2303/383 1584/2304/383 1580/2305/381 

vt -3.11117 0.904514
f 1581/2294/1 1582/2295/1 1585/2306/1

v 0.0195146 2.37114 4.10647
vt -3.13049 1.48665
f 1585/2306/1 1582/2295/1 1586/2307/1

vt -2.93413 0
vn -0.934975 0.354714 1.35805e-16
vt -2.83439 0
vt -2.83439 0.0787402
v 0.0195146 2.37114 4.10847
vt -2.93413 0.0787402
f 1586/2308/384 1582/2309/382 1583/2310/382 1587/2311/384 

vt 3.13049 1.48665
f 1583/2300/6 1584/2301/6 1587/2312/6

v 0.0206661 2.35361 4.10847
vt 3.17583 0.796559
f 1587/2312/6 1584/2301/6 1588/2313/6

vt 0.822693 0
v 0.0206661 2.35361 4.10647
vt 0.948531 0
vn -0.940306 -0.340329 -1.30297e-16
vt 0.948531 0.0787402
vt 0.822693 0.0787402
f 1585/2314/383 1589/2315/385 1588/2316/385 1584/2317/383 

vt -3.17583 0.796559
f 1585/2306/1 1586/2307/1 1589/2318/1

v 0.0199676 2.37397 4.10647
vt -3.14833 1.59795
f 1589/2318/1 1586/2307/1 1590/2319/1

vt -2.07603 0
vn -0.999995 -0.00325896 -1.24772e-18
vt -1.96331 0
vt -1.96331 0.0787402
v 0.0199676 2.37397 4.10847
vt -2.07603 0.0787402
f 1590/2320/386 1586/2321/384 1587/2322/384 1591/2323/386 

vt 3.14833 1.59795
f 1587/2312/6 1588/2313/6 1591/2324/6

v 0.020331 2.38795 4.10847
vt 3.16264 2.14831
f 1591/2324/6 1588/2313/6 1592/2325/6

v 0.0231734 2.38669 4.10847
vt 3.27454 2.09861
f 1592/2325/6 1588/2313/6 1593/2326/6

v 0.0212136 2.35011 4.10847
vt 3.19739 0.658504
f 1593/2326/6 1588/2313/6 1594/2327/6

vt -0.29714 0
v 0.0212136 2.35011 4.10647
vt -0.157412 0
vn -0.999956 -0.00943169 -3.61099e-18
vt -0.157412 0.0787402
vt -0.29714 0.0787402
f 1589/2328/385 1595/2329/387 1594/2330/387 1588/2331/385 

v 0.0231734 2.38669 4.10647
vt -3.27454 2.09861
vt -3.19739 0.658504
f 1589/2318/1 1596/2332/1 1595/2333/1

v 0.020331 2.38795 4.10647
vt -3.16264 2.14831
f 1589/2318/1 1597/2334/1 1596/2332/1

f 1589/2318/1 1590/2319/1 1597/2334/1

v 0.0195193 2.37665 4.10647
vt -3.13068 1.70367
f 1598/2335/1 1597/2334/1 1590/2319/1

v 0.0181742 2.37875 4.10647
vt -3.07773 1.78599
f 1599/2336/1 1597/2334/1 1598/2335/1

v 0.0170474 2.38871 4.10647
vt -3.03336 2.17814
f 1599/2336/1 1600/2337/1 1597/2334/1

v 0.0160929 2.38009 4.10647
vt -2.99578 1.83894
f 1601/2338/1 1600/2337/1 1599/2336/1

v 0.0134358 2.38054 4.10647
vt -2.89117 1.85659
f 1602/2339/1 1600/2337/1 1601/2338/1

f 1602/2339/1 1550/2162/1 1600/2337/1

f 1549/2161/1 1550/2162/1 1602/2339/1

vt 3.04518 0
vn 0.358252 -0.933625 -3.57445e-16
vt 3.15479 0
vn -0.00184388 -0.999998 -3.82856e-16
v 0.0134358 2.38054 4.10847
vt 3.15479 0.0787402
vt 3.04518 0.0787402
f 1549/2340/388 1602/2341/389 1603/2342/389 1552/2343/388 

vt 2.54196 0
vt 2.64805 0
vn -0.362037 -0.932164 -3.56885e-16
v 0.0160929 2.38009 4.10847
vt 2.64805 0.0787402
vt 2.54196 0.0787402
f 1602/2344/389 1601/2345/390 1604/2346/390 1603/2347/389 

vt 1.51795 0
vt 1.61551 0
vn -0.707835 -0.706378 -2.70442e-16
v 0.0181742 2.37875 4.10847
vt 1.61551 0.0787402
vt 1.51795 0.0787402
f 1601/2348/390 1599/2349/391 1605/2350/391 1604/2351/390 

vt 0.163189 0
vt 0.261065 0
vn -0.932848 -0.360269 -1.37932e-16
v 0.0195193 2.37665 4.10847
vt 0.261065 0.0787402
vt 0.163189 0.0787402
f 1599/2352/391 1598/2353/392 1606/2354/392 1605/2355/391 

vt -1.16486 0
vt -1.05767 0
vt -1.05767 0.0787402
vt -1.16486 0.0787402
f 1598/2356/392 1590/2357/386 1591/2358/386 1606/2359/392 

vt 3.13068 1.70367
f 1592/2325/6 1606/2360/6 1591/2324/6

vt 3.07773 1.78599
f 1592/2325/6 1605/2361/6 1606/2360/6

v 0.0170474 2.38871 4.10847
vt 3.03336 2.17814
f 1607/2362/6 1605/2361/6 1592/2325/6

vt 2.99578 1.83894
f 1607/2362/6 1604/2363/6 1605/2361/6

vt 2.89117 1.85659
f 1607/2362/6 1603/2364/6 1604/2363/6

f 1551/2169/6 1603/2364/6 1607/2362/6

f 1551/2169/6 1552/2168/6 1603/2364/6

vt -2.87911 0
vn 0.14667 0.989186 3.78716e-16
vt -2.73213 0
vt -2.73213 0.0787402
vt -2.87911 0.0787402
f 1600/2365/393 1550/2366/362 1551/2367/362 1607/2368/393 

vt -2.5988 0
vn 0.316803 0.948491 3.63136e-16
vt -2.46613 0
vt -2.46613 0.0787402
vt -2.5988 0.0787402
f 1597/2369/394 1600/2370/393 1607/2371/393 1592/2372/394 

vt -2.14074 0
vn 0.502317 0.864684 3.3105e-16
vt -2.01829 0
vt -2.01829 0.0787402
vt -2.14074 0.0787402
f 1596/2373/395 1597/2374/394 1592/2375/394 1593/2376/395 

v 0.0255744 2.38492 4.10647
vt -1.51038 0
vn 0.674504 0.738272 2.82652e-16
vt -1.393 0
vt -1.393 0.0787402
v 0.0255744 2.38492 4.10847
vt -1.51038 0.0787402
f 1608/2377/396 1596/2378/395 1593/2379/395 1609/2380/396 

v 0.0255272 2.36519 4.10647
vt -3.36721 1.25216
vt -3.36907 2.02902
f 1610/2381/1 1596/2332/1 1608/2382/1

v 0.0223085 2.36325 4.10647
vt -3.24049 1.17579
f 1611/2383/1 1596/2332/1 1610/2381/1

f 1595/2333/1 1596/2332/1 1611/2383/1

v 0.0241739 2.3351 4.10647
vt -3.31393 0.067541
f 1612/2384/1 1595/2333/1 1611/2383/1

v 0.0211239 2.3336 4.10647
vt -3.19386 0.00854694
f 1613/2385/1 1595/2333/1 1612/2384/1

v 0.0206756 2.34618 4.10647
vt -3.1762 0.503726
f 1613/2385/1 1614/2386/1 1595/2333/1

v 0.0190615 2.34329 4.10647
vt -3.11266 0.390197
f 1613/2385/1 1615/2387/1 1614/2386/1

v 0.0176704 2.3327 4.10647
vt -3.05789 -0.0268494
f 1616/2388/1 1615/2387/1 1613/2385/1

v 0.0166262 2.34152 4.10647
vt -3.01678 0.320519
f 1616/2388/1 1617/2389/1 1615/2387/1

v 0.0138134 2.3324 4.10647
vt -2.90604 -0.0386481
f 1618/2390/1 1617/2389/1 1616/2388/1

v 0.0136246 2.34093 4.10647
vt -2.89861 0.297293
f 1618/2390/1 1619/2391/1 1617/2389/1

v 0.0105427 2.34155 4.10647
vt -2.77727 0.321448
f 1618/2390/1 1620/2392/1 1619/2391/1

f 1562/2237/1 1620/2392/1 1618/2390/1

f 1562/2237/1 1564/2236/1 1620/2392/1

vt -2.05491 0
vn 0.401551 0.915837 3.50634e-16
vt -1.93189 0
vn 0.744528 0.667591 2.55592e-16
v 0.0080178 2.34339 4.10847
vt -1.93189 0.0787402
v 0.0105427 2.34155 4.10847
vt -2.05491 0.0787402
f 1620/2393/397 1564/2394/398 1621/2395/398 1622/2396/397 

vt -0.991377 0
vt -0.858121 0
vt -0.858121 0.0787402
vt -0.991377 0.0787402
f 1564/2397/398 1565/2398/371 1566/2399/371 1621/2400/398 

vt 2.61153 0.509486
vt 2.67787 0.393913
f 1566/2401/6 1559/2206/6 1621/2402/6

f 1554/2175/6 1559/2206/6 1566/2401/6

vt 2.76362 -0.0288932
f 1621/2402/6 1559/2206/6 1563/2403/6

vt 2.77727 0.321448
f 1621/2402/6 1563/2403/6 1622/2404/6

v 0.0138134 2.3324 4.10847
vt 2.90604 -0.0386481
f 1622/2404/6 1563/2403/6 1623/2405/6

vt 2.75913 0
vt 2.90189 0
vn 0.00457867 -0.99999 -3.82853e-16
vt 2.90189 0.0787402
vt 2.75913 0.0787402
f 1562/2406/370 1618/2407/399 1623/2408/399 1563/2409/370 

vt 2.89431 0
vt 3.04662 0
vn 0.165349 -0.986235 -3.77587e-16
v 0.0176704 2.3327 4.10847
vt 3.04662 0.0787402
vt 2.89431 0.0787402
f 1618/2410/399 1616/2411/400 1624/2412/400 1623/2413/399 

vt 2.95249 0
vt 3.09299 0
vn 0.348219 -0.937413 -3.58895e-16
v 0.0211239 2.3336 4.10847
vt 3.09299 0.0787402
vt 2.95249 0.0787402
f 1616/2414/400 1613/2415/401 1625/2416/401 1624/2417/400 

vt 2.87035 0
vt 3.00414 0
vn 0.534118 -0.84541 -3.23671e-16
v 0.0241739 2.3351 4.10847
vt 3.00414 0.0787402
vt 2.87035 0.0787402
f 1613/2418/401 1612/2419/402 1626/2420/402 1625/2421/401 

vt 2.63894 0
v 0.0268204 2.33719 4.10647
vt 2.77189 0
vn 0.69908 -0.715044 -2.73759e-16
v 0.0268204 2.33719 4.10847
vt 2.77189 0.0787402
vt 2.63894 0.0787402
f 1612/2422/402 1627/2423/403 1628/2424/403 1626/2425/402 

v 0.0263626 2.36097 4.10647
vt -3.4001 1.08623
vt -3.41813 0.150133
f 1612/2384/1 1629/2426/1 1627/2427/1

f 1612/2384/1 1611/2383/1 1629/2426/1

vt -2.43365 0
vn 0.615278 0.78831 3.0181e-16
vt -2.25064 0
vn 0.489345 0.872091 3.33886e-16
v 0.0223085 2.36325 4.10847
vt -2.25064 0.0787402
v 0.0263626 2.36097 4.10847
vt -2.43365 0.0787402
f 1629/2428/404 1611/2429/405 1630/2430/405 1631/2431/404 

vt 3.38236 0
vn 0.516156 -0.856494 -3.27915e-16
vt 3.53031 0
vn 0.634738 -0.772727 -2.95844e-16
v 0.0255272 2.36519 4.10847
vt 3.53031 0.0787402
vt 3.38236 0.0787402
f 1611/2432/406 1610/2433/407 1632/2434/407 1630/2435/406 

vt 3.19156 0
v 0.0279342 2.36783 4.10647
vt 3.33243 0
vn 0.832417 -0.55415 -2.1216e-16
v 0.0279342 2.36783 4.10847
vt 3.33243 0.0787402
vt 3.19156 0.0787402
f 1610/2436/407 1633/2437/408 1634/2438/408 1632/2439/407 

vt -3.46198 1.3564
f 1610/2381/1 1608/2382/1 1633/2440/1

v 0.0274823 2.38276 4.10647
vt -3.44419 1.9442
f 1633/2440/1 1608/2382/1 1635/2441/1

vt -0.82784 0
vn 0.814743 0.579823 2.21989e-16
vt -0.714541 0
vt -0.714541 0.0787402
v 0.0274823 2.38276 4.10847
vt -0.82784 0.0787402
f 1635/2442/409 1608/2443/396 1609/2444/396 1636/2445/409 

vt 3.36907 2.02902
vt 3.46198 1.3564
vt 3.44419 1.9442
f 1609/2446/6 1634/2447/6 1636/2448/6

vt 3.36721 1.25216
f 1609/2446/6 1632/2449/6 1634/2447/6

f 1593/2326/6 1632/2449/6 1609/2446/6

vt 3.24049 1.17579
f 1593/2326/6 1630/2450/6 1632/2449/6

f 1593/2326/6 1594/2327/6 1630/2450/6

vt 3.31393 0.067541
f 1594/2327/6 1626/2451/6 1630/2450/6

vt 3.19386 0.00854694
f 1594/2327/6 1625/2452/6 1626/2451/6

v 0.0206756 2.34618 4.10847
vt 3.1762 0.503726
f 1637/2453/6 1625/2452/6 1594/2327/6

v 0.0190615 2.34329 4.10847
vt 3.11266 0.390197
f 1638/2454/6 1625/2452/6 1637/2453/6

vt 3.05789 -0.0268494
f 1638/2454/6 1624/2455/6 1625/2452/6

v 0.0166262 2.34152 4.10847
vt 3.01678 0.320519
f 1639/2456/6 1624/2455/6 1638/2454/6

f 1639/2456/6 1623/2405/6 1624/2455/6

v 0.0136246 2.34093 4.10847
vt 2.89861 0.297293
f 1640/2457/6 1623/2405/6 1639/2456/6

f 1622/2404/6 1623/2405/6 1640/2457/6

vt -2.78477 0
vn 0.00122231 0.999999 3.82857e-16
vt -2.66106 0
vt -2.66106 0.0787402
vt -2.78477 0.0787402
f 1619/2458/410 1620/2459/397 1622/2460/397 1640/2461/410 

vt -3.02196 0
vn -0.399764 0.916618 3.50934e-16
vt -2.90153 0
vt -2.90153 0.0787402
vt -3.02196 0.0787402
f 1617/2462/411 1619/2463/410 1640/2464/410 1639/2465/411 

vt -2.74734 0
vn -0.747625 0.664121 2.54263e-16
vt -2.62882 0
vt -2.62882 0.0787402
vt -2.74734 0.0787402
f 1615/2466/412 1617/2467/411 1639/2468/411 1638/2469/412 

vt -1.99091 0
vn -0.94824 0.317555 1.21578e-16
vt -1.8608 0
vt -1.8608 0.0787402
vt -1.99091 0.0787402
f 1614/2470/413 1615/2471/412 1638/2472/412 1637/2473/413 

vt -1.08596 0
vt -0.929736 0
vt -0.929736 0.0787402
vt -1.08596 0.0787402
f 1595/2474/387 1614/2475/413 1637/2476/413 1594/2477/387 

vt 3.4001 1.08623
f 1630/2450/6 1626/2451/6 1631/2478/6

vt 3.41813 0.150133
f 1631/2478/6 1626/2451/6 1628/2479/6

v 0.0293123 2.35785 4.10847
vt 3.51623 0.963229
f 1631/2478/6 1628/2479/6 1641/2480/6

v 0.0289595 2.33977 4.10847
vt 3.50234 0.251584
f 1641/2480/6 1628/2479/6 1642/2481/6

vt 2.29877 0
v 0.0289595 2.33977 4.10647
vt 2.43062 0
vn 0.83295 -0.553348 -2.11853e-16
vt 2.43062 0.0787402
vt 2.29877 0.0787402
f 1627/2482/403 1643/2483/414 1642/2484/414 1628/2485/403 

v 0.0293123 2.35785 4.10647
vt -3.51623 0.963229
vt -3.50234 0.251584
f 1627/2427/1 1644/2486/1 1643/2487/1

f 1627/2427/1 1629/2426/1 1644/2486/1

vt -1.71347 0
vn 0.826373 0.563123 2.15596e-16
vt -1.54431 0
vt -1.54431 0.0787402
vt -1.71347 0.0787402
f 1644/2488/415 1629/2489/404 1631/2490/404 1641/2491/415 

v 0.0311104 2.35402 4.10647
vt -0.791338 0
vn 0.958819 0.284017 1.08738e-16
vt -0.625016 0
vt -0.625016 0.0787402
v 0.0311104 2.35402 4.10847
vt -0.791338 0.0787402
f 1645/2492/416 1644/2493/415 1641/2494/415 1646/2495/416 

v 0.0304875 2.34271 4.10647
vt -3.5625 0.367157
vt -3.58703 0.812725
f 1647/2496/1 1644/2486/1 1645/2497/1

f 1643/2487/1 1644/2486/1 1647/2496/1

vt 1.8402 0
vt 1.97049 0
vn 0.930262 -0.366895 -1.40468e-16
v 0.0304875 2.34271 4.10847
vt 1.97049 0.0787402
vt 1.8402 0.0787402
f 1643/2498/414 1647/2499/417 1648/2500/417 1642/2501/414 

vt 1.30884 0
v 0.0314042 2.346 4.10647
vt 1.44346 0
vn 0.984298 -0.176514 -6.75796e-17
v 0.0314042 2.346 4.10847
vt 1.44346 0.0787402
vt 1.30884 0.0787402
f 1647/2502/417 1649/2503/418 1650/2504/418 1648/2505/417 

vt -3.59859 0.49685
f 1647/2496/1 1645/2497/1 1649/2506/1

v 0.0317098 2.34965 4.10647
vt -3.61062 0.640666
f 1649/2506/1 1645/2497/1 1651/2507/1

vt 0.144126 0
vn 0.999651 0.0264153 1.01133e-17
vt 0.317795 0
vt 0.317795 0.0787402
v 0.0317098 2.34965 4.10847
vt 0.144126 0.0787402
f 1651/2508/419 1645/2509/416 1646/2510/416 1652/2511/419 

vt 3.58703 0.812725
vt 3.59859 0.49685
vt 3.61062 0.640666
f 1646/2512/6 1650/2513/6 1652/2514/6

vt 3.5625 0.367157
f 1646/2512/6 1648/2515/6 1650/2513/6

f 1641/2480/6 1648/2515/6 1646/2512/6

f 1641/2480/6 1642/2481/6 1648/2515/6

vt 0.795115 0
vt 0.939433 0
vt 0.939433 0.0787402
vt 0.795115 0.0787402
f 1649/2516/418 1651/2517/419 1652/2518/419 1650/2519/418 

v 0.0288451 2.38034 4.10847
vt 3.49784 1.84879
f 1636/2448/6 1634/2447/6 1653/2520/6

v 0.029435 2.37105 4.10847
vt 3.52106 1.48293
f 1653/2520/6 1634/2447/6 1654/2521/6

vt 2.69379 0
v 0.029435 2.37105 4.10647
vt 2.83344 0
vn 0.959169 -0.282834 -1.08285e-16
vt 2.83344 0.0787402
vt 2.69379 0.0787402
f 1633/2522/408 1655/2523/420 1654/2524/420 1634/2525/408 

v 0.0288451 2.38034 4.10647
vt -3.49784 1.84879
vt -3.52106 1.48293
f 1633/2440/1 1656/2526/1 1655/2527/1

f 1633/2440/1 1635/2441/1 1656/2526/1

vt -0.102948 0
vn 0.919676 0.392677 1.50339e-16
vt 0.0065146 0
vt 0.0065146 0.0787402
vt -0.102948 0.0787402
f 1656/2528/421 1635/2529/409 1636/2530/409 1653/2531/421 

v 0.0296627 2.37765 4.10647
vt 0.641844 0
vn 0.981375 0.1921 7.35466e-17
vt 0.752628 0
vt 0.752628 0.0787402
v 0.0296627 2.37765 4.10847
vt 0.641844 0.0787402
f 1657/2532/422 1656/2533/421 1653/2534/421 1658/2535/422 

vt -3.53003 1.74279
f 1655/2527/1 1656/2526/1 1657/2536/1

v 0.0299353 2.37469 4.10647
vt -3.54076 1.62619
f 1655/2527/1 1657/2536/1 1659/2537/1

vt 1.29486 0
vn 0.999749 -0.0224252 -8.58563e-18
vt 1.41195 0
vt 1.41195 0.0787402
v 0.0299353 2.37469 4.10847
vt 1.29486 0.0787402
f 1659/2538/423 1657/2539/422 1658/2540/422 1660/2541/423 

vt 3.53003 1.74279
vt 3.54076 1.62619
f 1658/2542/6 1654/2521/6 1660/2543/6

f 1653/2520/6 1654/2521/6 1658/2542/6

vt 1.94869 0
vt 2.0933 0
vt 2.0933 0.0787402
vt 1.94869 0.0787402
f 1655/2544/420 1659/2545/423 1660/2546/423 1654/2547/420 

vt 3.23599 0
vt 3.33526 0
vt 3.33526 0.0787402
vt 3.23599 0.0787402
f 1547/2548/361 1549/2549/388 1552/2550/388 1548/2551/361 

g Mesh19 Group11 Model

v -2.61 1.27038 -3.28353
v -2.61 1.32573 -3.28353
v -2.59327 1.32573 -3.28353
vt -0.658504 2.17916
v -2.58323 1.28798 -3.28353
vt -1.0539 0.692693
v -2.5733 1.32573 -3.28353
vt -1.44484 2.17916
v -2.55654 1.32573 -3.28353
vt -2.10483 2.17916
v -2.55654 1.27038 -3.28353
vt -2.10483 0
v -2.56692 1.27038 -3.28353
vt -1.69606 0
v -2.56692 1.31395 -3.28353
vt -1.69606 1.71538
v -2.57791 1.27038 -3.28353
vt -1.26349 0
v -2.58867 1.27038 -3.28353
vt -0.839853 0
v -2.59962 1.31395 -3.28353
vt -0.408778 1.71538
v -2.59962 1.27038 -3.28353
vt -0.408778 0
f 1661/1/1 1662/22/1 1663/2552/1 1664/2553/1 1665/2554/1 1666/2555/1 1667/2556/1 1668/2557/1 1669/2558/1 1670/2559/1 1671/2560/1 1672/2561/1 1673/2562/1 

v -2.61 1.27038 -3.28153
v -2.61 1.32573 -3.28153
f 1662/27/2 1661/1/2 1674/8/2 1675/28/2 

vt 0.408778 0
v -2.59962 1.27038 -3.28153
vt 0.408778 0.0787402
f 1661/1/3 1673/2563/3 1676/2564/3 1674/8/3 

vt 1.71538 0
v -2.59962 1.31395 -3.28153
vt 1.71538 0.0787402
f 1673/1/4 1672/2565/4 1677/2566/4 1676/8/4 

vt -1.56403 0
vn -0.969845 -0.243722 -9.33106e-17
vt 0.20469 0
v -2.58867 1.27038 -3.28153
vt 0.20469 0.0787402
vt -1.56403 0.0787402
f 1672/2567/424 1671/2568/424 1678/2569/424 1677/2570/424 

vt 0.839853 0
vt 1.26349 0
v -2.57791 1.27038 -3.28153
vt 1.26349 0.0787402
vt 0.839853 0.0787402
f 1671/2571/3 1670/2572/3 1679/2573/3 1678/2574/3 

vt 0.30894 0
vn 0.969646 -0.244512 -9.36132e-17
vt 2.07802 0
v -2.56692 1.31395 -3.28153
vt 2.07802 0.0787402
vt 0.30894 0.0787402
f 1670/2575/425 1669/2576/425 1680/2577/425 1679/2578/425 

vt -1.71538 0
v -2.56692 1.27038 -3.28153
vt -1.71538 0.0787402
f 1669/2579/2 1668/1/2 1681/8/2 1680/2580/2 

vt 1.69606 0
vt 2.10483 0
v -2.55654 1.27038 -3.28153
vt 2.10483 0.0787402
vt 1.69606 0.0787402
f 1668/2581/3 1667/2582/3 1682/2583/3 1681/2584/3 

vt 2.17916 0
v -2.55654 1.32573 -3.28153
vt 2.17916 0.0787402
f 1667/1/4 1666/2585/4 1683/2586/4 1682/8/4 

vt -1.44484 0
v -2.5733 1.32573 -3.28153
vt -1.44484 0.0787402
vt -2.10483 0.0787402
f 1666/2556/5 1665/2587/5 1684/2588/5 1683/2589/5 

vt -2.47499 0
vn -0.967112 0.25435 9.73798e-17
vt -0.937972 0
v -2.58323 1.28798 -3.28153
vt -0.937972 0.0787402
vt -2.47499 0.0787402
f 1665/2590/426 1664/2591/426 1685/2592/426 1684/2593/426 

vt 0.398497 0
vn 0.966395 0.257061 9.84176e-17
vt 1.93665 0
v -2.59327 1.32573 -3.28153
vt 1.93665 0.0787402
vt 0.398497 0.0787402
f 1664/2594/427 1663/2595/427 1686/2596/427 1685/2597/427 

vt -0.658504 0
vt -0.658504 0.0787402
f 1663/2598/5 1662/1/5 1675/8/5 1686/2599/5 

vt 0.408778 1.71538
vt 1.69606 1.71538
vt 2.10483 2.17916
vt 1.44484 2.17916
vt 1.0539 0.692693
vt 0.658504 2.17916
f 1675/22/6 1674/1/6 1676/2563/6 1677/2600/6 1678/2571/6 1679/2572/6 1680/2601/6 1681/2581/6 1682/2582/6 1683/2602/6 1684/2603/6 1685/2604/6 1686/2605/6 

g Mesh20 Group11 Model

v -2.52063 1.27038 -3.28353
vt -3.51846 0
v -2.53124 1.27038 -3.28353
vt -3.10077 0
v -2.53124 1.31037 -3.28353
vt -3.10077 1.57417
v -2.53757 1.30564 -3.28353
vt -2.85141 1.38799
v -2.54495 1.30232 -3.28353
vt -2.56118 1.25755
v -2.54495 1.31195 -3.28353
vt -2.56118 1.6366
v -2.54061 1.31392 -3.28353
vt -2.73175 1.71408
v -2.53592 1.3171 -3.28353
vt -2.91644 1.8395
v -2.53182 1.32122 -3.28353
vt -3.0781 2.00134
v -2.52924 1.32596 -3.28353
vt -3.17955 2.18808
v -2.52063 1.32596 -3.28353
vt -3.51846 2.18808
f 1687/2606/1 1688/2607/1 1689/2608/1 1690/2609/1 1691/2610/1 1692/2611/1 1693/2612/1 1694/2613/1 1695/2614/1 1696/2615/1 1697/2616/1 

vt 3.10077 0
vt 3.51846 0
v -2.52063 1.27038 -3.28153
vt 3.51846 0.0787402
v -2.53124 1.27038 -3.28153
vt 3.10077 0.0787402
f 1688/2617/3 1687/2618/3 1698/2619/3 1699/2620/3 

v -2.52063 1.32596 -3.28153
f 1687/1/4 1697/591/4 1700/592/4 1698/8/4 

vt -3.17955 0
v -2.52924 1.32596 -3.28153
vt -3.17955 0.0787402
vt -3.51846 0.0787402
f 1697/2606/5 1696/2621/5 1701/2622/5 1700/2623/5 

vt -3.44051 0
vt -3.22799 0
v -2.53182 1.32122 -3.28153
vt -3.22799 0.0787402
vt -3.44051 0.0787402
f 1696/2624/100 1695/2625/101 1702/2626/101 1701/2627/100 

vt -3.59127 0
vt -3.36252 0
v -2.53592 1.3171 -3.28153
vt -3.36252 0.0787402
vt -3.59127 0.0787402
f 1695/2628/101 1694/2629/102 1703/2630/102 1702/2631/101 

vt -3.44613 0
vt -3.22288 0
v -2.54061 1.31392 -3.28153
vt -3.22288 0.0787402
vt -3.44613 0.0787402
f 1694/2632/102 1693/2633/103 1704/2634/103 1703/2635/102 

vt -3.19608 0
vt -3.00873 0
v -2.54495 1.31195 -3.28153
vt -3.00873 0.0787402
vt -3.19608 0.0787402
f 1693/2636/103 1692/2637/104 1705/2638/104 1704/2639/103 

v -2.54495 1.30232 -3.28153
f 1692/612/2 1691/613/2 1706/614/2 1705/615/2 

vt 2.8516 0
vt 3.1698 0
v -2.53757 1.30564 -3.28153
vt 3.1698 0.0787402
vt 2.8516 0.0787402
f 1691/2640/105 1690/2641/106 1707/2642/106 1706/2643/105 

vt 3.1152 0
vt 3.4264 0
v -2.53124 1.31037 -3.28153
vt 3.4264 0.0787402
vt 3.1152 0.0787402
f 1690/2644/106 1689/2645/107 1708/2646/107 1707/2647/106 

f 1689/624/2 1688/1/2 1699/8/2 1708/625/2 

vt 3.51846 2.18808
vt 3.17955 2.18808
vt 3.0781 2.00134
vt 2.91644 1.8395
vt 2.73175 1.71408
vt 2.56118 1.6366
vt 2.56118 1.25755
vt 2.85141 1.38799
vt 3.10077 1.57417
f 1699/2617/6 1698/2618/6 1700/2648/6 1701/2649/6 1702/2650/6 1703/2651/6 1704/2652/6 1705/2653/6 1706/2654/6 1707/2655/6 1708/2656/6 

g Mesh21 Group12 Model

v 2.49 1.27038 -3.28353
v 2.49 1.32573 -3.28353
v 2.50673 1.32573 -3.28353
v 2.51677 1.28798 -3.28353
v 2.5267 1.32573 -3.28353
v 2.54346 1.32573 -3.28353
v 2.54346 1.27038 -3.28353
v 2.53308 1.27038 -3.28353
v 2.53308 1.31395 -3.28353
v 2.52209 1.27038 -3.28353
v 2.51133 1.27038 -3.28353
v 2.50038 1.31395 -3.28353
v 2.50038 1.27038 -3.28353
f 1709/1/1 1710/22/1 1711/2552/1 1712/2553/1 1713/2554/1 1714/2555/1 1715/2556/1 1716/2557/1 1717/2558/1 1718/2559/1 1719/2560/1 1720/2561/1 1721/2562/1 

v 2.49 1.27038 -3.28153
v 2.49 1.32573 -3.28153
f 1710/27/2 1709/1/2 1722/8/2 1723/28/2 

v 2.50038 1.27038 -3.28153
f 1709/1/3 1721/2563/3 1724/2564/3 1722/8/3 

v 2.50038 1.31395 -3.28153
f 1721/1/4 1720/2565/4 1725/2566/4 1724/8/4 

v 2.51133 1.27038 -3.28153
f 1720/2567/424 1719/2568/424 1726/2569/424 1725/2570/424 

v 2.52209 1.27038 -3.28153
f 1719/2571/3 1718/2572/3 1727/2573/3 1726/2574/3 

v 2.53308 1.31395 -3.28153
f 1718/2575/425 1717/2576/425 1728/2577/425 1727/2578/425 

v 2.53308 1.27038 -3.28153
f 1717/2579/2 1716/1/2 1729/8/2 1728/2580/2 

v 2.54346 1.27038 -3.28153
f 1716/2581/3 1715/2582/3 1730/2583/3 1729/2584/3 

v 2.54346 1.32573 -3.28153
f 1715/1/4 1714/2585/4 1731/2586/4 1730/8/4 

v 2.5267 1.32573 -3.28153
f 1714/2556/5 1713/2587/5 1732/2588/5 1731/2589/5 

v 2.51677 1.28798 -3.28153
f 1713/2590/426 1712/2591/426 1733/2592/426 1732/2593/426 

v 2.50673 1.32573 -3.28153
f 1712/2594/427 1711/2595/427 1734/2596/427 1733/2597/427 

f 1711/2598/5 1710/1/5 1723/8/5 1734/2599/5 

f 1723/22/6 1722/1/6 1724/2563/6 1725/2600/6 1726/2571/6 1727/2572/6 1728/2601/6 1729/2581/6 1730/2582/6 1731/2602/6 1732/2603/6 1733/2604/6 1734/2605/6 

g Mesh22 Group12 Model

v 2.58805 1.28024 -3.28353
vt -3.86035 0.387967
v 2.58805 1.27038 -3.28353
vt -3.86035 0
v 2.55086 1.27038 -3.28353
vt -2.39618 0
v 2.55207 1.27582 -3.28353
vt -2.44375 0.214237
v 2.55449 1.28097 -3.28353
vt -2.53888 0.416953
v 2.55898 1.28679 -3.28353
vt -2.71577 0.646055
v 2.56642 1.29424 -3.28353
vt -3.0086 0.939446
v 2.57522 1.3033 -3.28353
vt -3.35495 1.2962
v 2.57686 1.30657 -3.28353
vt -3.41961 1.42478
v 2.57741 1.3098 -3.28353
vt -3.44117 1.55187
v 2.57693 1.31294 -3.28353
vt -3.4224 1.67543
v 2.5755 1.31525 -3.28353
vt -3.3661 1.76666
v 2.57323 1.31668 -3.28353
vt -3.27673 1.82296
v 2.57023 1.31716 -3.28353
vt -3.15874 1.84173
v 2.56725 1.31666 -3.28353
vt -3.04131 1.82203
v 2.56495 1.31516 -3.28353
vt -2.95063 1.76295
v 2.5634 1.3125 -3.28353
vt -2.88969 1.65815
v 2.56268 1.30852 -3.28353
vt -2.86144 1.50133
v 2.55211 1.30957 -3.28353
vt -2.44523 1.54295
v 2.55283 1.31364 -3.28353
vt -2.47376 1.70321
v 2.55406 1.3171 -3.28353
vt -2.52216 1.83913
v 2.5558 1.31993 -3.28353
vt -2.59044 1.95071
v 2.55804 1.32215 -3.28353
vt -2.67861 2.03794
v 2.56068 1.32381 -3.28353
vt -2.78285 2.10363
v 2.56364 1.32501 -3.28353
vt -2.89935 2.15054
v 2.5705 1.32596 -3.28353
vt -3.16914 2.18808
v 2.57437 1.32568 -3.28353
vt -3.32178 2.17721
v 2.57781 1.32485 -3.28353
vt -3.45715 2.1446
v 2.58081 1.32347 -3.28353
vt -3.57523 2.09025
v 2.58337 1.32154 -3.28353
vt -3.67603 2.01416
v 2.58542 1.3192 -3.28353
vt -3.75667 1.92191
v 2.58688 1.31659 -3.28353
vt -3.81427 1.81906
v 2.58776 1.3137 -3.28353
vt -3.84883 1.70563
v 2.58805 1.31055 -3.28353
vt -3.86035 1.5816
v 2.58772 1.30691 -3.28353
vt -3.84716 1.43797
v 2.58671 1.30344 -3.28353
vt -3.80758 1.3014
v 2.58498 1.29998 -3.28353
vt -3.73939 1.1652
v 2.58246 1.29636 -3.28353
vt -3.64035 1.02269
v 2.57552 1.2893 -3.28353
vt -3.36684 0.744719
v 2.56916 1.28318 -3.28353
vt -3.11637 0.503912
v 2.56698 1.28024 -3.28353
vt -3.0309 0.387967
f 1735/2657/1 1736/2658/1 1737/2659/1 1738/2660/1 1739/2661/1 1740/2662/1 1741/2663/1 1742/2664/1 1743/2665/1 1744/2666/1 1745/2667/1 1746/2668/1 1747/2669/1 1748/2670/1 1749/2671/1 1750/2672/1 1751/2673/1 1752/2674/1 1753/2675/1 1754/2676/1 1755/2677/1 1756/2678/1 1757/2679/1 1758/2680/1 1759/2681/1 1760/2682/1 1761/2683/1 1762/2684/1 1763/2685/1 1764/2686/1 1765/2687/1 1766/2688/1 1767/2689/1 1768/2690/1 1769/2691/1 1770/2692/1 1771/2693/1 1772/2694/1 1773/2695/1 1774/2696/1 1775/2697/1 

v 2.58805 1.28024 -3.28153
v 2.58805 1.27038 -3.28153
f 1736/1/4 1735/676/4 1776/677/4 1777/8/4 

vt -3.0309 0
v 2.56698 1.28024 -3.28153
vt -3.0309 0.0787402
vt -3.86035 0.0787402
f 1735/2658/5 1775/2698/5 1778/2699/5 1776/2700/5 

vt 2.11075 0
vt 2.25479 0
v 2.56916 1.28318 -3.28153
vt 2.25479 0.0787402
vt 2.11075 0.0787402
f 1775/2701/108 1774/2702/109 1779/2703/109 1778/2704/108 

vt 2.59576 0
vt 2.94321 0
v 2.57552 1.2893 -3.28153
vt 2.94321 0.0787402
vt 2.59576 0.0787402
f 1774/2705/109 1773/2706/110 1780/2707/110 1779/2708/109 

vt 2.89223 0
vt 3.28219 0
v 2.58246 1.29636 -3.28153
vt 3.28219 0.0787402
vt 2.89223 0.0787402
f 1773/2709/110 1772/2710/111 1781/2711/111 1780/2712/110 

vt 2.91721 0
vt 3.09076 0
v 2.58498 1.29998 -3.28153
vt 3.09076 0.0787402
vt 2.91721 0.0787402
f 1772/2713/111 1771/2714/112 1782/2715/112 1781/2716/111 

vt 2.71603 0
vt 2.86835 0
v 2.58671 1.30344 -3.28153
vt 2.86835 0.0787402
vt 2.71603 0.0787402
f 1771/2717/112 1770/2718/113 1783/2719/113 1782/2720/112 

vt 2.30979 0
vt 2.45198 0
v 2.58772 1.30691 -3.28153
vt 2.45198 0.0787402
vt 2.30979 0.0787402
f 1770/2721/113 1769/2722/114 1784/2723/114 1783/2724/113 

vt 1.78382 0
vt 1.92805 0
v 2.58805 1.31055 -3.28153
vt 1.92805 0.0787402
vt 1.78382 0.0787402
f 1769/2725/114 1768/2726/115 1785/2727/115 1784/2728/114 

vt 1.2178 0
vt 1.34236 0
v 2.58776 1.3137 -3.28153
vt 1.34236 0.0787402
vt 1.2178 0.0787402
f 1768/2729/115 1767/2730/116 1786/2731/116 1785/2732/115 

vt 0.509874 0
vt 0.628457 0
v 2.58688 1.31659 -3.28153
vt 0.628457 0.0787402
vt 0.509874 0.0787402
f 1767/2733/116 1766/2734/117 1787/2735/117 1786/2736/116 

vt -0.276758 0
vt -0.158881 0
v 2.58542 1.3192 -3.28153
vt -0.158881 0.0787402
vt -0.276758 0.0787402
f 1766/2737/117 1765/2738/118 1788/2739/118 1787/2740/117 

vt -1.02536 0
vt -0.902831 0
v 2.58337 1.32154 -3.28153
vt -0.902831 0.0787402
vt -1.02536 0.0787402
f 1765/2741/118 1764/2742/119 1789/2743/119 1788/2744/118 

vt -1.72052 0
vt -1.59423 0
v 2.58081 1.32347 -3.28153
vt -1.59423 0.0787402
vt -1.72052 0.0787402
f 1764/2745/119 1763/2746/120 1790/2747/120 1789/2748/119 

vt -2.37378 0
vt -2.24379 0
v 2.57781 1.32485 -3.28153
vt -2.24379 0.0787402
vt -2.37378 0.0787402
f 1763/2749/120 1762/2750/121 1791/2751/121 1790/2752/120 

vt -2.85872 0
vt -2.71948 0
v 2.57437 1.32568 -3.28153
vt -2.71948 0.0787402
vt -2.85872 0.0787402
f 1762/2753/121 1761/2754/122 1792/2755/122 1791/2756/121 

vt -3.15875 0
vt -3.00572 0
v 2.5705 1.32596 -3.28153
vt -3.00572 0.0787402
vt -3.15875 0.0787402
f 1761/2757/122 1760/2758/123 1793/2759/123 1792/2760/122 

vt -3.44041 0
vt -3.16802 0
v 2.56364 1.32501 -3.28153
vt -3.16802 0.0787402
vt -3.44041 0.0787402
f 1760/2761/123 1759/2762/124 1794/2763/124 1793/2764/123 

vt -3.49281 0
vt -3.36722 0
v 2.56068 1.32381 -3.28153
vt -3.36722 0.0787402
vt -3.49281 0.0787402
f 1759/2765/124 1758/2766/125 1795/2767/125 1794/2768/124 

vt -3.47588 0
vt -3.35268 0
v 2.55804 1.32215 -3.28153
vt -3.35268 0.0787402
vt -3.47588 0.0787402
f 1758/2769/125 1757/2770/126 1796/2771/126 1795/2772/125 

vt -3.33746 0
vt -3.21343 0
v 2.5558 1.31993 -3.28153
vt -3.21343 0.0787402
vt -3.33746 0.0787402
f 1757/2773/126 1756/2774/127 1797/2775/127 1796/2776/126 

vt -3.01605 0
vt -2.88524 0
v 2.55406 1.3171 -3.28153
vt -2.88524 0.0787402
vt -3.01605 0.0787402
f 1756/2777/127 1755/2778/128 1798/2779/128 1797/2780/127 

vt -2.57868 0
vt -2.4344 0
v 2.55283 1.31364 -3.28153
vt -2.4344 0.0787402
vt -2.57868 0.0787402
f 1755/2781/128 1754/2782/129 1799/2783/129 1798/2784/128 

vt -2.11031 0
vt -1.94753 0
v 2.55211 1.30957 -3.28153
vt -1.94753 0.0787402
vt -2.11031 0.0787402
f 1754/2785/129 1753/2786/130 1800/2787/130 1799/2788/129 

vt 2.27957 0
vt 2.69786 0
v 2.56268 1.30852 -3.28153
vt 2.69786 0.0787402
vt 2.27957 0.0787402
f 1753/2789/131 1752/2790/131 1801/2791/131 1800/2792/131 

vt 1.98473 0
vt 2.14407 0
v 2.5634 1.3125 -3.28153
vt 2.14407 0.0787402
vt 1.98473 0.0787402
f 1752/2793/132 1751/2794/133 1802/2795/133 1801/2796/132 

vt 2.88611 0
vt 3.00734 0
v 2.56495 1.31516 -3.28153
vt 3.00734 0.0787402
vt 2.88611 0.0787402
f 1751/2797/133 1750/2798/134 1803/2799/134 1802/2800/133 

vt 3.43457 0
vt 3.5428 0
v 2.56725 1.31666 -3.28153
vt 3.5428 0.0787402
vt 3.43457 0.0787402
f 1750/2801/134 1749/2802/135 1804/2803/135 1803/2804/134 

vt 3.3008 0
vt 3.41987 0
v 2.57023 1.31716 -3.28153
vt 3.41987 0.0787402
vt 3.3008 0.0787402
f 1749/2805/135 1748/2806/136 1805/2807/136 1804/2808/135 

vt 2.83023 0
vt 2.9497 0
v 2.57323 1.31668 -3.28153
vt 2.9497 0.0787402
vt 2.83023 0.0787402
f 1748/2809/136 1747/2810/137 1806/2811/137 1805/2812/136 

vt 1.80084 0
vt 1.90647 0
v 2.5755 1.31525 -3.28153
vt 1.90647 0.0787402
vt 1.80084 0.0787402
f 1747/2813/137 1746/2814/138 1807/2815/138 1806/2816/137 

vt 0.264312 0
vt 0.371517 0
v 2.57693 1.31294 -3.28153
vt 0.371517 0.0787402
vt 0.264312 0.0787402
f 1746/2817/138 1745/2818/139 1808/2819/139 1807/2820/138 

vt -1.14254 0
vt -1.01756 0
v 2.57741 1.3098 -3.28153
vt -1.01756 0.0787402
vt -1.14254 0.0787402
f 1745/2821/139 1744/2822/140 1809/2823/140 1808/2824/139 

vt -2.10539 0
vt -1.97649 0
v 2.57686 1.30657 -3.28153
vt -1.97649 0.0787402
vt -2.10539 0.0787402
f 1744/2825/140 1743/2826/141 1810/2827/141 1809/2828/140 

vt -2.80924 0
vt -2.66532 0
v 2.57522 1.3033 -3.28153
vt -2.66532 0.0787402
vt -2.80924 0.0787402
f 1743/2829/141 1742/2830/142 1811/2831/142 1810/2832/141 

vt -3.26696 0
vt -2.76974 0
v 2.56642 1.29424 -3.28153
vt -2.76974 0.0787402
vt -3.26696 0.0787402
f 1742/2833/142 1741/2834/143 1812/2835/143 1811/2836/142 

vt -2.7903 0
vt -2.37578 0
v 2.55898 1.28679 -3.28153
vt -2.37578 0.0787402
vt -2.7903 0.0787402
f 1741/2837/143 1740/2838/144 1813/2839/144 1812/2840/143 

vt -2.17108 0
vt -1.88163 0
v 2.55449 1.28097 -3.28153
vt -1.88163 0.0787402
vt -2.17108 0.0787402
f 1740/2841/144 1739/2842/145 1814/2843/145 1813/2844/144 

vt -1.45607 0
vt -1.23214 0
v 2.55207 1.27582 -3.28153
vt -1.23214 0.0787402
vt -1.45607 0.0787402
f 1739/2845/145 1738/2846/146 1815/2847/146 1814/2848/145 

vt -0.738828 0
vt -0.519374 0
v 2.55086 1.27038 -3.28153
vt -0.519374 0.0787402
vt -0.738828 0.0787402
f 1738/2849/146 1737/2850/147 1816/2851/147 1815/2852/146 

vt 2.39618 0
vt 3.86035 0
vt 3.86035 0.0787402
vt 2.39618 0.0787402
f 1737/2853/3 1736/2854/3 1777/2855/3 1816/2856/3 

vt 3.86035 0.387967
vt 3.0309 0.387967
vt 3.11637 0.503912
vt 3.36684 0.744719
vt 3.64035 1.02269
vt 3.73939 1.1652
vt 3.80758 1.3014
vt 3.84716 1.43797
vt 3.86035 1.5816
vt 3.84883 1.70563
vt 3.81427 1.81906
vt 3.75667 1.92191
vt 3.67603 2.01416
vt 3.57523 2.09025
vt 3.45715 2.1446
vt 3.32178 2.17721
vt 3.16914 2.18808
vt 2.89935 2.15054
vt 2.78285 2.10363
vt 2.67861 2.03794
vt 2.59044 1.95071
vt 2.52216 1.83913
vt 2.47376 1.70321
vt 2.44523 1.54295
vt 2.86144 1.50133
vt 2.88969 1.65815
vt 2.95063 1.76295
vt 3.04131 1.82203
vt 3.15874 1.84173
vt 3.27673 1.82296
vt 3.3661 1.76666
vt 3.4224 1.67543
vt 3.44117 1.55187
vt 3.41961 1.42478
vt 3.35495 1.2962
vt 3.0086 0.939446
vt 2.71577 0.646055
vt 2.53888 0.416953
vt 2.44375 0.214237
f 1777/2854/6 1776/2857/6 1778/2858/6 1779/2859/6 1780/2860/6 1781/2861/6 1782/2862/6 1783/2863/6 1784/2864/6 1785/2865/6 1786/2866/6 1787/2867/6 1788/2868/6 1789/2869/6 1790/2870/6 1791/2871/6 1792/2872/6 1793/2873/6 1794/2874/6 1795/2875/6 1796/2876/6 1797/2877/6 1798/2878/6 1799/2879/6 1800/2880/6 1801/2881/6 1802/2882/6 1803/2883/6 1804/2884/6 1805/2885/6 1806/2886/6 1807/2887/6 1808/2888/6 1809/2889/6 1810/2890/6 1811/2891/6 1812/2892/6 1813/2893/6 1814/2894/6 1815/2895/6 1816/2853/6 

g Mesh23 Group13 Model

v -2.46 1.27038 0.0064671
v -2.46 1.32573 0.0064671
v -2.44327 1.32573 0.0064671
v -2.43323 1.28798 0.0064671
v -2.4233 1.32573 0.0064671
v -2.40654 1.32573 0.0064671
v -2.40654 1.27038 0.0064671
v -2.41692 1.27038 0.0064671
v -2.41692 1.31395 0.0064671
v -2.42791 1.27038 0.0064671
v -2.43867 1.27038 0.0064671
v -2.44962 1.31395 0.0064671
v -2.44962 1.27038 0.0064671
f 1817/1/1 1818/22/1 1819/2552/1 1820/2553/1 1821/2554/1 1822/2555/1 1823/2556/1 1824/2557/1 1825/2558/1 1826/2559/1 1827/2560/1 1828/2561/1 1829/2562/1 

v -2.46 1.27038 0.0084671
v -2.46 1.32573 0.0084671
f 1818/27/2 1817/1/2 1830/8/2 1831/28/2 

v -2.44962 1.27038 0.0084671
f 1817/1/3 1829/2563/3 1832/2564/3 1830/8/3 

v -2.44962 1.31395 0.0084671
f 1829/1/4 1828/2565/4 1833/2566/4 1832/8/4 

v -2.43867 1.27038 0.0084671
f 1828/2567/424 1827/2568/424 1834/2569/424 1833/2570/424 

v -2.42791 1.27038 0.0084671
f 1827/2571/3 1826/2572/3 1835/2573/3 1834/2574/3 

v -2.41692 1.31395 0.0084671
f 1826/2575/425 1825/2576/425 1836/2577/425 1835/2578/425 

v -2.41692 1.27038 0.0084671
f 1825/2579/2 1824/1/2 1837/8/2 1836/2580/2 

v -2.40654 1.27038 0.0084671
f 1824/2581/3 1823/2582/3 1838/2583/3 1837/2584/3 

v -2.40654 1.32573 0.0084671
f 1823/1/4 1822/2585/4 1839/2586/4 1838/8/4 

v -2.4233 1.32573 0.0084671
f 1822/2556/5 1821/2587/5 1840/2588/5 1839/2589/5 

v -2.43323 1.28798 0.0084671
f 1821/2590/426 1820/2591/426 1841/2592/426 1840/2593/426 

v -2.44327 1.32573 0.0084671
f 1820/2594/427 1819/2595/427 1842/2596/427 1841/2597/427 

f 1819/2598/5 1818/1/5 1831/8/5 1842/2599/5 

f 1831/22/6 1830/1/6 1832/2563/6 1833/2600/6 1834/2571/6 1835/2572/6 1836/2601/6 1837/2581/6 1838/2582/6 1839/2602/6 1840/2603/6 1841/2604/6 1842/2605/6 

g Mesh24 Group13 Model

v -2.39816 1.28507 0.0064671
vt -2.43483 0.578235
v -2.38789 1.28631 0.0064671
vt -2.83915 0.627288
v -2.38698 1.28285 0.0064671
vt -2.87482 0.490905
v -2.38524 1.28031 0.0064671
vt -2.9432 0.39094
v -2.38286 1.27875 0.0064671
vt -3.03685 0.329623
v -2.38003 1.27823 0.0064671
vt -3.14833 0.309185
v -2.37701 1.27886 0.0064671
vt -3.26744 0.333711
v -2.3745 1.28073 0.0064671
vt -3.3661 0.407291
v -2.37282 1.28365 0.0064671
vt -3.43243 0.522492
v -2.37225 1.28745 0.0064671
vt -3.45454 0.671882
v -2.37279 1.29103 0.0064671
vt -3.43336 0.813096
v -2.37441 1.29379 0.0064671
vt -3.36982 0.921608
v -2.37679 1.29555 0.0064671
vt -3.2758 0.990729
v -2.37965 1.29613 0.0064671
vt -3.1632 1.01377
v -2.38453 1.29534 0.0064671
vt -2.97144 0.982553
v -2.38335 1.30398 0.0064671
vt -3.01752 1.32295
v -2.37956 1.3044 0.0064671
vt -3.16691 1.33912
v -2.37679 1.30585 0.0064671
vt -3.27617 1.39653
v -2.37509 1.30816 0.0064671
vt -3.34306 1.48739
v -2.37452 1.31112 0.0064671
vt -3.36536 1.6039
v -2.37494 1.31363 0.0064671
vt -3.349 1.70275
v -2.37618 1.31558 0.0064671
vt -3.29995 1.7793
v -2.37812 1.31682 0.0064671
vt -3.22377 1.82835
v -2.3806 1.31724 0.0064671
vt -3.12604 1.8447
v -2.38312 1.31676 0.0064671
vt -3.02681 1.82612
v -2.38524 1.31535 0.0064671
vt -2.9432 1.77038
v -2.38679 1.31303 0.0064671
vt -2.88225 1.67896
v -2.38758 1.30984 0.0064671
vt -2.85104 1.55336
v -2.39736 1.3115 0.0064671
vt -2.46604 1.61876
v -2.39608 1.31601 0.0064671
vt -2.5164 1.79658
v -2.39429 1.31952 0.0064671
vt -2.58719 1.93463
v -2.39182 1.3222 0.0064671
vt -2.68418 2.04017
v -2.38855 1.32424 0.0064671
vt -2.81313 2.12044
v -2.38464 1.32553 0.0064671
vt -2.9668 2.17117
v -2.3803 1.32596 0.0064671
vt -3.13793 2.18808
v -2.37658 1.32565 0.0064671
vt -3.28416 2.17581
v -2.37326 1.32471 0.0064671
vt -3.41515 2.13902
v -2.37031 1.32316 0.0064671
vt -3.53091 2.07771
v -2.36776 1.32097 0.0064671
vt -3.63143 1.99186
v -2.36484 1.31663 0.0064671
vt -3.74626 1.82092
v -2.36387 1.31176 0.0064671
vt -3.78454 1.62917
v -2.36437 1.3083 0.0064671
vt -3.76494 1.49297
v -2.36586 1.30521 0.0064671
vt -3.70613 1.37126
v -2.36835 1.30249 0.0064671
vt -3.60811 1.26405
v -2.37184 1.30013 0.0064671
vt -3.4709 1.17133
v -2.36756 1.29848 0.0064671
vt -3.63942 1.1063
v -2.36423 1.29556 0.0064671
vt -3.77042 0.991472
v -2.36209 1.29165 0.0064671
vt -3.85459 0.837251
v -2.36138 1.28699 0.0064671
vt -3.88265 0.654044
v -2.36171 1.28349 0.0064671
vt -3.86955 0.515896
v -2.36271 1.28025 0.0064671
vt -3.83025 0.388339
v -2.36438 1.27727 0.0064671
vt -3.76475 0.271373
v -2.3667 1.27457 0.0064671
vt -3.67305 0.164998
v -2.36953 1.27233 0.0064671
vt -3.56185 0.0765526
v -2.37268 1.27072 0.0064671
vt -3.43782 0.0133779
v -2.37616 1.26976 0.0064671
vt -3.30097 -0.0245268
v -2.37996 1.26944 0.0064671
vt -3.15131 -0.0371616
v -2.38355 1.26971 0.0064671
vt -3.00972 -0.0265242
v -2.38683 1.27052 0.0064671
vt -2.88077 0.00538822
v -2.38978 1.27187 0.0064671
vt -2.76445 0.0585758
v -2.39242 1.27376 0.0064671
vt -2.66077 0.133039
v -2.39463 1.27609 0.0064671
vt -2.57363 0.224689
v -2.39632 1.27875 0.0064671
vt -2.50692 0.329438
v -2.3975 1.28174 0.0064671
vt -2.46066 0.447286
f 1843/2896/1 1844/2897/1 1845/2898/1 1846/2899/1 1847/2900/1 1848/2901/1 1849/2902/1 1850/2903/1 1851/2904/1 1852/2905/1 1853/2906/1 1854/2907/1 1855/2908/1 1856/2909/1 1857/2910/1 1858/2911/1 1859/2912/1 1860/2913/1 1861/2914/1 1862/2915/1 1863/2916/1 1864/2917/1 1865/2918/1 1866/2919/1 1867/2920/1 1868/2921/1 1869/2922/1 1870/2923/1 1871/2924/1 1872/2925/1 1873/2926/1 1874/2927/1 1875/2928/1 1876/2929/1 1877/2930/1 1878/2931/1 1879/2932/1 1880/2933/1 1881/2934/1 1882/2935/1 1883/2936/1 1884/2937/1 1885/2938/1 1886/2939/1 1887/2940/1 1888/2941/1 1889/2942/1 1890/2943/1 1891/2944/1 1892/2945/1 1893/2946/1 1894/2947/1 1895/2948/1 1896/2949/1 1897/2950/1 1898/2951/1 1899/2952/1 1900/2953/1 1901/2954/1 1902/2955/1 1903/2956/1 1904/2957/1 1905/2958/1 1906/2959/1 

vt -2.89403 0
vt -2.48675 0
v -2.39816 1.28507 0.0084671
vt -2.48675 0.0787402
v -2.38789 1.28631 0.0084671
vt -2.89403 0.0787402
f 1844/2960/148 1843/2961/148 1907/2962/148 1908/2963/148 

vt -0.0961556 0
vt 0.0373157 0
v -2.3975 1.28174 0.0084671
vt 0.0373157 0.0787402
vt -0.0961556 0.0787402
f 1843/2964/149 1906/2965/150 1909/2966/150 1907/2967/149 

vt 0.482862 0
vt 0.609467 0
v -2.39632 1.27875 0.0084671
vt 0.609467 0.0787402
vt 0.482862 0.0787402
f 1906/2968/150 1905/2969/151 1910/2970/151 1909/2971/150 

vt 1.0687 0
vt 1.19288 0
v -2.39463 1.27609 0.0084671
vt 1.19288 0.0787402
vt 1.0687 0.0787402
f 1905/2972/151 1904/2973/152 1911/2974/152 1910/2975/151 

vt 1.61057 0
vt 1.73704 0
v -2.39242 1.27376 0.0084671
vt 1.73704 0.0787402
vt 1.61057 0.0787402
f 1904/2976/152 1903/2977/153 1912/2978/153 1911/2979/152 

vt 2.08355 0
vt 2.2112 0
v -2.38978 1.27187 0.0084671
vt 2.2112 0.0787402
vt 2.08355 0.0787402
f 1903/2980/153 1902/2981/154 1913/2982/154 1912/2983/153 

vt 2.48972 0
vt 2.61762 0
v -2.38683 1.27052 0.0084671
vt 2.61762 0.0787402
vt 2.48972 0.0787402
f 1902/2984/154 1901/2985/155 1914/2986/155 1913/2987/154 

vt 2.79511 0
vt 2.92795 0
v -2.38355 1.26971 0.0084671
vt 2.92795 0.0787402
vt 2.79511 0.0787402
f 1901/2988/155 1900/2989/156 1915/2990/156 1914/2991/155 

vt 3.00325 0
vt 3.14523 0
v -2.37996 1.26944 0.0084671
vt 3.14523 0.0787402
vt 3.00325 0.0787402
f 1900/2992/156 1899/2993/157 1916/2994/157 1915/2995/156 

vt 3.13701 0
vt 3.28721 0
v -2.37616 1.26976 0.0084671
vt 3.28721 0.0787402
vt 3.13701 0.0787402
f 1899/2996/157 1898/2997/158 1917/2998/158 1916/2999/157 

vt 3.17465 0
vt 3.31665 0
v -2.37268 1.27072 0.0084671
vt 3.31665 0.0787402
vt 3.17465 0.0787402
f 1898/3000/158 1897/3001/159 1918/3002/159 1917/3003/158 

vt 3.06939 0
vt 3.20858 0
v -2.36953 1.27233 0.0084671
vt 3.20858 0.0787402
vt 3.06939 0.0787402
f 1897/3004/159 1896/3005/160 1919/3006/160 1918/3007/159 

vt 2.83534 0
vt 2.97742 0
v -2.3667 1.27457 0.0084671
vt 2.97742 0.0787402
vt 2.83534 0.0787402
f 1896/3008/160 1895/3009/161 1920/3010/161 1919/3011/160 

vt 2.52316 0
vt 2.66361 0
v -2.36438 1.27727 0.0084671
vt 2.66361 0.0787402
vt 2.52316 0.0787402
f 1895/3012/161 1894/3013/162 1921/3014/162 1920/3015/161 

vt 2.07617 0
vt 2.21023 0
v -2.36271 1.28025 0.0084671
vt 2.21023 0.0787402
vt 2.07617 0.0787402
f 1894/3016/162 1893/3017/163 1922/3018/163 1921/3019/162 

vt 1.49886 0
vt 1.63233 0
v -2.36171 1.28349 0.0084671
vt 1.63233 0.0787402
vt 1.49886 0.0787402
f 1893/3020/163 1892/3021/164 1923/3022/164 1922/3023/163 

vt 0.878867 0
vt 1.01764 0
v -2.36138 1.28699 0.0084671
vt 1.01764 0.0787402
vt 0.878867 0.0787402
f 1892/3024/164 1891/3025/165 1924/3026/165 1923/3027/164 

vt 0.0587587 0
vt 0.244101 0
v -2.36209 1.29165 0.0084671
vt 0.244101 0.0787402
vt 0.0587587 0.0787402
f 1891/3028/165 1890/3029/166 1925/3030/166 1924/3031/165 

vt -1.11172 0
vt -0.936025 0
v -2.36423 1.29556 0.0084671
vt -0.936025 0.0787402
vt -1.11172 0.0787402
f 1890/3032/166 1889/3033/167 1926/3034/167 1925/3035/166 

vt -2.18172 0
vt -2.00752 0
v -2.36756 1.29848 0.0084671
vt -2.00752 0.0787402
vt -2.18172 0.0787402
f 1889/3036/167 1888/3037/168 1927/3038/168 1926/3039/167 

vt -2.99711 0
vt -2.81647 0
v -2.37184 1.30013 0.0084671
vt -2.81647 0.0787402
vt -2.99711 0.0787402
f 1888/3040/168 1887/3041/169 1928/3042/169 1927/3043/168 

vt 3.53171 0
vt 3.69732 0
v -2.36835 1.30249 0.0084671
vt 3.69732 0.0787402
vt 3.53171 0.0787402
f 1887/3044/170 1886/3045/171 1929/3046/171 1928/3047/170 

vt 3.36748 0
vt 3.51274 0
v -2.36586 1.30521 0.0084671
vt 3.51274 0.0787402
vt 3.36748 0.0787402
f 1886/3048/171 1885/3049/172 1930/3050/172 1929/3051/171 

vt 2.84712 0
vt 2.98229 0
v -2.36437 1.3083 0.0084671
vt 2.98229 0.0787402
vt 2.84712 0.0787402
f 1885/3052/172 1884/3053/173 1931/3054/173 1930/3055/172 

vt 2.01409 0
vt 2.15169 0
v -2.36387 1.31176 0.0084671
vt 2.15169 0.0787402
vt 2.01409 0.0787402
f 1884/3056/173 1883/3057/174 1932/3058/174 1931/3059/173 

vt 0.856825 0
vt 1.05236 0
v -2.36484 1.31663 0.0084671
vt 1.05236 0.0787402
vt 0.856825 0.0787402
f 1883/3060/174 1882/3061/175 1933/3062/175 1932/3063/174 

vt -0.577416 0
vt -0.371485 0
v -2.36776 1.32097 0.0084671
vt -0.371485 0.0787402
vt -0.577416 0.0787402
f 1882/3064/175 1881/3065/176 1934/3066/176 1933/3067/175 

vt -1.46799 0
vt -1.3358 0
v -2.37031 1.32316 0.0084671
vt -1.3358 0.0787402
vt -1.46799 0.0787402
f 1881/3068/176 1880/3069/177 1935/3070/177 1934/3071/176 

vt -2.14767 0
vt -2.01667 0
v -2.37326 1.32471 0.0084671
vt -2.01667 0.0787402
vt -2.14767 0.0787402
f 1880/3072/177 1879/3073/178 1936/3074/178 1935/3075/177 

vt -2.70957 0
vt -2.57351 0
v -2.37658 1.32565 0.0084671
vt -2.57351 0.0787402
vt -2.70957 0.0787402
f 1879/3076/178 1878/3077/179 1937/3078/179 1936/3079/178 

vt -3.09084 0
vt -2.9441 0
v -2.3803 1.32596 0.0084671
vt -2.9441 0.0787402
vt -3.09084 0.0787402
f 1878/3080/179 1877/3081/180 1938/3082/180 1937/3083/179 

vt -3.33787 0
vt -3.1659 0
v -2.38464 1.32553 0.0084671
vt -3.1659 0.0787402
vt -3.33787 0.0787402
f 1877/3084/180 1876/3085/181 1939/3086/181 1938/3087/180 

vt -3.49786 0
vt -3.33604 0
v -2.38855 1.32424 0.0084671
vt -3.33604 0.0787402
vt -3.49786 0.0787402
f 1876/3088/181 1875/3089/182 1940/3090/182 1939/3091/181 

vt -3.5088 0
vt -3.35691 0
v -2.39182 1.3222 0.0084671
vt -3.35691 0.0787402
vt -3.5088 0.0787402
f 1875/3092/182 1874/3093/183 1941/3094/183 1940/3095/182 

vt -3.31845 0
vt -3.17511 0
v -2.39429 1.31952 0.0084671
vt -3.17511 0.0787402
vt -3.31845 0.0787402
f 1874/3096/183 1873/3097/184 1942/3098/184 1941/3099/183 

vt -2.90201 0
vt -2.74686 0
v -2.39608 1.31601 0.0084671
vt -2.74686 0.0787402
vt -2.90201 0.0787402
f 1873/3100/184 1872/3101/185 1943/3102/185 1942/3103/184 

vt -2.41423 0
vt -2.22942 0
v -2.39736 1.3115 0.0084671
vt -2.22942 0.0787402
vt -2.41423 0.0787402
f 1872/3104/185 1871/3105/186 1944/3106/186 1943/3107/185 

vt 2.16009 0
vt 2.5506 0
v -2.38758 1.30984 0.0084671
vt 2.5506 0.0787402
vt 2.16009 0.0787402
f 1871/3108/187 1870/3109/187 1945/3110/187 1944/3111/187 

vt 2.19512 0
vt 2.32455 0
v -2.38679 1.31303 0.0084671
vt 2.32455 0.0787402
vt 2.19512 0.0787402
f 1870/3112/188 1869/3113/189 1946/3114/189 1945/3115/188 

vt 2.99577 0
vt 3.10564 0
v -2.38524 1.31535 0.0084671
vt 3.10564 0.0787402
vt 2.99577 0.0787402
f 1869/3116/189 1868/3117/190 1947/3118/190 1946/3119/189 

vt 3.43092 0
vt 3.53141 0
v -2.38312 1.31676 0.0084671
vt 3.53141 0.0787402
vt 3.43092 0.0787402
f 1868/3120/190 1867/3121/191 1948/3122/191 1947/3123/190 

vt 3.31122 0
vt 3.41217 0
v -2.3806 1.31724 0.0084671
vt 3.41217 0.0787402
vt 3.31122 0.0787402
f 1867/3124/191 1866/3125/192 1949/3126/192 1948/3127/191 

vt 2.7788 0
vt 2.87789 0
v -2.37812 1.31682 0.0084671
vt 2.87789 0.0787402
vt 2.7788 0.0787402
f 1866/3128/192 1865/3129/193 1950/3130/193 1949/3131/192 

vt 1.72064 0
vt 1.81125 0
v -2.37618 1.31558 0.0084671
vt 1.81125 0.0787402
vt 1.72064 0.0787402
f 1865/3132/193 1864/3133/194 1951/3134/194 1950/3135/193 

vt 0.282262 0
vt 0.373183 0
v -2.37494 1.31363 0.0084671
vt 0.373183 0.0787402
vt 0.282262 0.0787402
f 1864/3136/194 1863/3137/195 1952/3138/195 1951/3139/194 

vt -1.13338 0
vt -1.03318 0
v -2.37452 1.31112 0.0084671
vt -1.03318 0.0787402
vt -1.13338 0.0787402
f 1863/3140/195 1862/3141/196 1953/3142/196 1952/3143/195 

vt -2.20791 0
vt -2.08929 0
v -2.37509 1.30816 0.0084671
vt -2.08929 0.0787402
vt -2.20791 0.0787402
f 1862/3144/196 1861/3145/197 1954/3146/197 1953/3147/196 

vt -3.17978 0
vt -3.06695 0
v -2.37679 1.30585 0.0084671
vt -3.06695 0.0787402
vt -3.17978 0.0787402
f 1861/3148/197 1860/3149/198 1955/3150/198 1954/3151/197 

vt -3.54975 0
vt -3.42633 0
v -2.37956 1.3044 0.0084671
vt -3.42633 0.0787402
vt -3.54975 0.0787402
f 1860/3152/198 1859/3153/199 1956/3154/199 1955/3155/198 

vt -3.2926 0
vt -3.14233 0
v -2.38335 1.30398 0.0084671
vt -3.14233 0.0787402
vt -3.2926 0.0787402
f 1859/3156/199 1858/3157/200 1957/3158/200 1956/3159/199 

vt -1.71579 0
vt -1.37228 0
v -2.38453 1.29534 0.0084671
vt -1.37228 0.0787402
vt -1.71579 0.0787402
f 1858/3160/201 1857/3161/201 1958/3162/201 1957/3163/201 

vt 3.09071 0
vt 3.28499 0
v -2.37965 1.29613 0.0084671
vt 3.28499 0.0787402
vt 3.09071 0.0787402
f 1857/3164/202 1856/3165/203 1959/3166/203 1958/3167/202 

vt 2.89576 0
vt 3.01069 0
v -2.37679 1.29555 0.0084671
vt 3.01069 0.0787402
vt 2.89576 0.0787402
f 1856/3168/203 1855/3169/204 1960/3170/204 1959/3171/203 

vt 2.05245 0
vt 2.16915 0
v -2.37441 1.29379 0.0084671
vt 2.16915 0.0787402
vt 2.05245 0.0787402
f 1855/3172/204 1854/3173/205 1961/3174/205 1960/3175/204 

vt 0.907633 0
vt 1.03338 0
v -2.37279 1.29103 0.0084671
vt 1.03338 0.0787402
vt 0.907633 0.0787402
f 1854/3176/205 1853/3177/206 1962/3178/206 1961/3179/205 

vt -0.294797 0
vt -0.152003 0
v -2.37225 1.28745 0.0084671
vt -0.152003 0.0787402
vt -0.294797 0.0787402
f 1853/3180/206 1852/3181/207 1963/3182/207 1962/3183/206 

vt -1.17044 0
vt -1.01942 0
v -2.37282 1.28365 0.0084671
vt -1.01942 0.0787402
vt -1.17044 0.0787402
f 1852/3184/207 1851/3185/208 1964/3186/208 1963/3187/207 

vt -2.16557 0
vt -2.03263 0
v -2.3745 1.28073 0.0084671
vt -2.03263 0.0787402
vt -2.16557 0.0787402
f 1851/3188/208 1850/3189/209 1965/3190/209 1964/3191/208 

vt -2.94184 0
vt -2.81876 0
v -2.37701 1.27886 0.0084671
vt -2.81876 0.0787402
vt -2.94184 0.0787402
f 1850/3192/209 1849/3193/210 1966/3194/210 1965/3195/209 

vt -3.26759 0
vt -3.14599 0
v -2.38003 1.27823 0.0084671
vt -3.14599 0.0787402
vt -3.26759 0.0787402
f 1849/3196/210 1848/3197/211 1967/3198/211 1966/3199/210 

vt -3.04097 0
vt -2.92762 0
v -2.38286 1.27875 0.0084671
vt -2.92762 0.0787402
vt -3.04097 0.0787402
f 1848/3200/211 1847/3201/212 1968/3202/212 1967/3203/211 

vt -2.36012 0
v -2.38524 1.28031 0.0084671
vt -2.36012 0.0787402
f 1847/3204/212 1846/1918/213 1969/1921/213 1968/3205/212 

vt -1.33898 0
vt -1.21787 0
v -2.38698 1.28285 0.0084671
vt -1.21787 0.0787402
vt -1.33898 0.0787402
f 1846/3206/213 1845/3207/214 1970/3208/214 1969/3209/213 

vt -0.252591 0
vt -0.111619 0
vt -0.111619 0.0787402
vt -0.252591 0.0787402
f 1845/3210/214 1844/3211/215 1908/3212/215 1970/3213/214 

vt 2.83915 0.627288
vt 2.43483 0.578235
vt 2.46066 0.447286
vt 2.50692 0.329438
vt 2.57363 0.224689
vt 2.66077 0.133039
vt 2.76445 0.0585758
vt 2.88077 0.00538822
vt 3.00972 -0.0265242
vt 3.15131 -0.0371616
vt 3.30097 -0.0245268
vt 3.43782 0.0133779
vt 3.56185 0.0765526
vt 3.67305 0.164998
vt 3.76475 0.271373
vt 3.83025 0.388339
vt 3.86955 0.515896
vt 3.88265 0.654044
vt 3.85459 0.837251
vt 3.77042 0.991472
vt 3.63942 1.1063
vt 3.4709 1.17133
vt 3.60811 1.26405
vt 3.70613 1.37126
vt 3.76494 1.49297
vt 3.78454 1.62917
vt 3.74626 1.82092
vt 3.63143 1.99186
vt 3.53091 2.07771
vt 3.41515 2.13902
vt 3.28416 2.17581
vt 3.13793 2.18808
vt 2.9668 2.17117
vt 2.81313 2.12044
vt 2.68418 2.04017
vt 2.58719 1.93463
vt 2.5164 1.79658
vt 2.46604 1.61876
vt 2.85104 1.55336
vt 2.88225 1.67896
vt 2.9432 1.77038
vt 3.02681 1.82612
vt 3.12604 1.8447
vt 3.22377 1.82835
vt 3.29995 1.7793
vt 3.349 1.70275
vt 3.36536 1.6039
vt 3.34306 1.48739
vt 3.27617 1.39653
vt 3.16691 1.33912
vt 3.01752 1.32295
vt 2.97144 0.982553
vt 3.1632 1.01377
vt 3.2758 0.990729
vt 3.36982 0.921608
vt 3.43336 0.813096
vt 3.45454 0.671882
vt 3.43243 0.522492
vt 3.3661 0.407291
vt 3.26744 0.333711
vt 3.14833 0.309185
vt 3.03685 0.329623
vt 2.9432 0.39094
vt 2.87482 0.490905
f 1908/3214/6 1907/3215/6 1909/3216/6 1910/3217/6 1911/3218/6 1912/3219/6 1913/3220/6 1914/3221/6 1915/3222/6 1916/3223/6 1917/3224/6 1918/3225/6 1919/3226/6 1920/3227/6 1921/3228/6 1922/3229/6 1923/3230/6 1924/3231/6 1925/3232/6 1926/3233/6 1927/3234/6 1928/3235/6 1929/3236/6 1930/3237/6 1931/3238/6 1932/3239/6 1933/3240/6 1934/3241/6 1935/3242/6 1936/3243/6 1937/3244/6 1938/3245/6 1939/3246/6 1940/3247/6 1941/3248/6 1942/3249/6 1943/3250/6 1944/3251/6 1945/3252/6 1946/3253/6 1947/3254/6 1948/3255/6 1949/3256/6 1950/3257/6 1951/3258/6 1952/3259/6 1953/3260/6 1954/3261/6 1955/3262/6 1956/3263/6 1957/3264/6 1958/3265/6 1959/3266/6 1960/3267/6 1961/3268/6 1962/3269/6 1963/3270/6 1964/3271/6 1965/3272/6 1966/3273/6 1967/3274/6 1968/3275/6 1969/3276/6 1970/3277/6 

g Mesh25 Group14 Model

v 2.39 1.27038 0.0064671
v 2.39 1.32573 0.0064671
v 2.40673 1.32573 0.0064671
v 2.41677 1.28798 0.0064671
v 2.4267 1.32573 0.0064671
v 2.44346 1.32573 0.0064671
v 2.44346 1.27038 0.0064671
v 2.43308 1.27038 0.0064671
v 2.43308 1.31395 0.0064671
v 2.42209 1.27038 0.0064671
v 2.41133 1.27038 0.0064671
v 2.40038 1.31395 0.0064671
v 2.40038 1.27038 0.0064671
f 1971/1/1 1972/22/1 1973/2552/1 1974/2553/1 1975/2554/1 1976/2555/1 1977/2556/1 1978/2557/1 1979/2558/1 1980/2559/1 1981/2560/1 1982/2561/1 1983/2562/1 

v 2.39 1.27038 0.0084671
v 2.39 1.32573 0.0084671
f 1972/27/2 1971/1/2 1984/8/2 1985/28/2 

v 2.40038 1.27038 0.0084671
f 1971/1/3 1983/2563/3 1986/2564/3 1984/8/3 

v 2.40038 1.31395 0.0084671
f 1983/1/4 1982/2565/4 1987/2566/4 1986/8/4 

v 2.41133 1.27038 0.0084671
f 1982/2567/424 1981/2568/424 1988/2569/424 1987/2570/424 

v 2.42209 1.27038 0.0084671
f 1981/2571/3 1980/2572/3 1989/2573/3 1988/2574/3 

v 2.43308 1.31395 0.0084671
f 1980/2575/425 1979/2576/425 1990/2577/425 1989/2578/425 

v 2.43308 1.27038 0.0084671
f 1979/2579/2 1978/1/2 1991/8/2 1990/2580/2 

v 2.44346 1.27038 0.0084671
f 1978/2581/3 1977/2582/3 1992/2583/3 1991/2584/3 

v 2.44346 1.32573 0.0084671
f 1977/1/4 1976/2585/4 1993/2586/4 1992/8/4 

v 2.4267 1.32573 0.0084671
f 1976/2556/5 1975/2587/5 1994/2588/5 1993/2589/5 

v 2.41677 1.28798 0.0084671
f 1975/2590/426 1974/2591/426 1995/2592/426 1994/2593/426 

v 2.40673 1.32573 0.0084671
f 1974/2594/427 1973/2595/427 1996/2596/427 1995/2597/427 

f 1973/2598/5 1972/1/5 1985/8/5 1996/2599/5 

f 1985/22/6 1984/1/6 1986/2563/6 1987/2600/6 1988/2571/6 1989/2572/6 1990/2601/6 1991/2581/6 1992/2582/6 1993/2602/6 1994/2603/6 1995/2604/6 1996/2605/6 

g Mesh26 Group14 Model

v 2.49017 1.29085 0.0064671
vt -3.94359 0.805664
v 2.4833 1.28152 0.0064671
vt -3.67305 0.438507
v 2.4833 1.29085 0.0064671
vt -3.67305 0.805664
f 1997/3278/1 1998/3279/1 1999/3280/1

v 2.49017 1.28152 0.0064671
vt -3.94359 0.438507
f 1998/3279/1 1997/3278/1 2000/3281/1

v 2.49017 1.29085 0.0084671
v 2.49017 1.28152 0.0084671
f 2000/1262/4 1997/1263/4 2001/1264/4 2002/1265/4 

vt -3.94359 0
vt -3.67305 0
v 2.4833 1.29085 0.0084671
vt -3.67305 0.0787402
vt -3.94359 0.0787402
f 1997/3282/5 1999/3283/5 2003/3284/5 2001/3285/5 

v 2.4833 1.32596 0.0064671
v 2.4833 1.32596 0.0084671
f 1999/1263/4 2004/591/4 2005/592/4 2003/1264/4 

v 2.4833 1.27038 0.0064671
vt -3.67305 2.18808
f 2006/3283/1 2004/3286/1 1999/3280/1

v 2.47439 1.32596 0.0064671
vt -3.32225 2.18808
f 2006/3283/1 2007/3287/1 2004/3286/1

v 2.47303 1.27038 0.0064671
vt -3.26874 0
f 2008/3288/1 2007/3287/1 2006/3283/1

v 2.47303 1.28152 0.0064671
vt -3.26874 0.438507
f 2009/3289/1 2007/3287/1 2008/3288/1

v 2.47303 1.29085 0.0064671
vt -3.26874 0.805664
f 2010/3290/1 2007/3287/1 2009/3289/1

v 2.47303 1.30976 0.0064671
vt -3.26874 1.55038
f 2011/3291/1 2007/3287/1 2010/3290/1

v 2.4603 1.29085 0.0064671
vt -2.7678 0.805664
f 2012/3292/1 2007/3287/1 2011/3291/1

v 2.45037 1.28152 0.0064671
vt -2.37686 0.438507
f 2013/3293/1 2007/3287/1 2012/3292/1

v 2.45037 1.29081 0.0064671
vt -2.37686 0.804177
f 2007/3287/1 2013/3293/1 2014/3294/1

v 2.45037 1.28152 0.0084671
v 2.45037 1.29081 0.0084671
f 2014/1279/2 2013/1280/2 2015/1281/2 2016/1282/2 

vt 2.37686 0
vt 3.26874 0
v 2.47303 1.28152 0.0084671
vt 3.26874 0.0787402
vt 2.37686 0.0787402
f 2013/3295/3 2009/3296/3 2017/3297/3 2015/3298/3 

f 2012/3292/1 2009/3289/1 2013/3293/1

f 2009/3289/1 2012/3292/1 2010/3290/1

vt -2.7678 0
v 2.4603 1.29085 0.0084671
vt -2.7678 0.0787402
v 2.47303 1.29085 0.0084671
vt -3.26874 0.0787402
f 2010/3288/5 2012/3299/5 2018/3300/5 2019/3301/5 

vt 2.2133 0
vt 3.11083 0
v 2.47303 1.30976 0.0084671
vt 3.11083 0.0787402
vt 2.2133 0.0787402
f 2012/3302/216 2011/3303/216 2020/3304/216 2018/3305/216 

f 2011/1294/2 2010/1295/2 2019/1296/2 2020/1297/2 

vt 3.26874 0.805664
v 2.4833 1.27038 0.0084671
vt 3.67305 0
vt 3.26874 1.55038
f 2019/3306/6 2021/3307/6 2020/3308/6

vt 3.26874 0.438507
f 2017/3309/6 2021/3307/6 2019/3306/6

v 2.47303 1.27038 0.0084671
f 2021/3307/6 2017/3309/6 2022/3296/6

f 2009/1280/2 2008/1/2 2022/8/2 2017/1281/2 

vt 3.67305 0.0787402
f 2008/3296/3 2006/3307/3 2021/3310/3 2022/3297/3 

v 2.4833 1.28152 0.0084671
f 2006/1/4 1998/1262/4 2023/1265/4 2021/8/4 

f 2006/3283/1 1999/3280/1 1998/3279/1

vt 3.94359 0
vt 3.94359 0.0787402
f 1998/3307/3 2000/3311/3 2002/3312/3 2023/3310/3 

vt 3.94359 0.438507
vt 3.67305 0.805664
vt 3.67305 0.438507
f 2002/3313/6 2003/3314/6 2023/3315/6

vt 3.94359 0.805664
f 2003/3314/6 2002/3313/6 2001/3316/6

vt 3.67305 2.18808
f 2005/3317/6 2023/3315/6 2003/3314/6

f 2005/3317/6 2021/3307/6 2023/3315/6

v 2.47439 1.32596 0.0084671
vt 3.32225 2.18808
f 2024/3318/6 2021/3307/6 2005/3317/6

f 2020/3308/6 2021/3307/6 2024/3318/6

vt 2.7678 0.805664
f 2024/3318/6 2018/3319/6 2020/3308/6

vt 2.37686 0.804177
f 2018/3319/6 2024/3318/6 2016/3320/6

vt -3.68075 0
vt -2.00476 0
vt -2.00476 0.0787402
vt -3.68075 0.0787402
f 2007/3321/217 2014/3322/217 2016/3323/217 2024/3324/217 

vt -3.32225 0
vt -3.32225 0.0787402
f 2004/3283/5 2007/3325/5 2024/3326/5 2005/3284/5 

f 2016/3320/6 2017/3309/6 2018/3319/6

vt 2.37686 0.438507
f 2017/3309/6 2016/3320/6 2015/3327/6

f 2018/3319/6 2017/3309/6 2019/3306/6

g Mesh27 Group15 Model

v -2.53 1.27038 2.90647
v -2.53 1.32573 2.90647
v -2.51327 1.32573 2.90647
v -2.50323 1.28798 2.90647
v -2.4933 1.32573 2.90647
v -2.47654 1.32573 2.90647
v -2.47654 1.27038 2.90647
v -2.48692 1.27038 2.90647
v -2.48692 1.31395 2.90647
v -2.49791 1.27038 2.90647
v -2.50867 1.27038 2.90647
v -2.51962 1.31395 2.90647
v -2.51962 1.27038 2.90647
f 2025/1/1 2026/22/1 2027/2552/1 2028/2553/1 2029/2554/1 2030/2555/1 2031/2556/1 2032/2557/1 2033/2558/1 2034/2559/1 2035/2560/1 2036/2561/1 2037/2562/1 

v -2.53 1.27038 2.90847
v -2.53 1.32573 2.90847
f 2026/27/2 2025/1/2 2038/8/2 2039/28/2 

v -2.51962 1.27038 2.90847
f 2025/1/3 2037/2563/3 2040/2564/3 2038/8/3 

v -2.51962 1.31395 2.90847
f 2037/1/4 2036/2565/4 2041/2566/4 2040/8/4 

v -2.50867 1.27038 2.90847
f 2036/2567/424 2035/2568/424 2042/2569/424 2041/2570/424 

v -2.49791 1.27038 2.90847
f 2035/2571/3 2034/2572/3 2043/2573/3 2042/2574/3 

v -2.48692 1.31395 2.90847
f 2034/2575/425 2033/2576/425 2044/2577/425 2043/2578/425 

v -2.48692 1.27038 2.90847
f 2033/2579/2 2032/1/2 2045/8/2 2044/2580/2 

v -2.47654 1.27038 2.90847
f 2032/2581/3 2031/2582/3 2046/2583/3 2045/2584/3 

v -2.47654 1.32573 2.90847
f 2031/1/4 2030/2585/4 2047/2586/4 2046/8/4 

v -2.4933 1.32573 2.90847
f 2030/2556/5 2029/2587/5 2048/2588/5 2047/2589/5 

v -2.50323 1.28798 2.90847
f 2029/2590/426 2028/2591/426 2049/2592/426 2048/2593/426 

v -2.51327 1.32573 2.90847
f 2028/2594/427 2027/2595/427 2050/2596/427 2049/2597/427 

f 2027/2598/5 2026/1/5 2039/8/5 2050/2599/5 

f 2039/22/6 2038/1/6 2040/2563/6 2041/2600/6 2042/2571/6 2043/2572/6 2044/2601/6 2045/2581/6 2046/2582/6 2047/2602/6 2048/2603/6 2049/2604/6 2050/2605/6 

g Mesh28 Group15 Model

v -2.46763 1.28462 2.90647
vt -2.45564 0.560397
v -2.45706 1.28571 2.90647
vt -2.87185 0.603505
v -2.45616 1.2825 2.90647
vt -2.90715 0.476969
v -2.45437 1.28003 2.90647
vt -2.97739 0.379792
v -2.45198 1.27846 2.90647
vt -3.07178 0.317918
v -2.44924 1.27793 2.90647
vt -3.17955 0.297293
v -2.44617 1.27861 2.90647
vt -3.30032 0.323863
v -2.44361 1.28063 2.90647
vt -3.40103 0.403575
v -2.44189 1.28402 2.90647
vt -3.46904 0.536799
v -2.44131 1.28877 2.90647
vt -3.49171 0.723908
v -2.44188 1.29323 2.90647
vt -3.46922 0.899497
v -2.44359 1.29641 2.90647
vt -3.40177 1.02492
v -2.44622 1.29833 2.90647
vt -3.29828 1.10017
v -2.44954 1.29896 2.90647
vt -3.16766 1.12525
v -2.45387 1.29795 2.90647
vt -2.99708 1.08549
v -2.45773 1.29492 2.90647
vt -2.84509 0.966202
v -2.46634 1.29617 2.90647
vt -2.50618 1.01526
v -2.46091 1.32498 2.90647
vt -2.72023 2.14943
v -2.43285 1.32498 2.90647
vt -3.82467 2.14943
v -2.43285 1.31505 2.90647
vt -3.82467 1.75849
v -2.45286 1.31505 2.90647
vt -3.03685 1.75849
v -2.45453 1.30565 2.90647
vt -2.97144 1.38836
v -2.45094 1.30698 2.90647
vt -3.11266 1.44076
v -2.44728 1.30742 2.90647
vt -3.25684 1.45822
v -2.44388 1.3071 2.90647
vt -3.39053 1.44559
v -2.44075 1.30614 2.90647
vt -3.51363 1.40768
v -2.4379 1.30453 2.90647
vt -3.62614 1.34451
v -2.43531 1.30229 2.90647
vt -3.72805 1.25606
v -2.43316 1.29953 2.90647
vt -3.8126 1.14746
v -2.43163 1.29639 2.90647
vt -3.87298 1.0238
v -2.43071 1.29286 2.90647
vt -3.90922 0.885097
v -2.4304 1.28896 2.90647
vt -3.92129 0.731341
v -2.43139 1.28249 2.90647
vt -3.88227 0.476783
v -2.43436 1.27676 2.90647
vt -3.76522 0.251213
v -2.43733 1.27356 2.90647
vt -3.64862 0.125048
v -2.44081 1.27127 2.90647
vt -3.5114 0.0349316
v -2.44482 1.2699 2.90647
vt -3.35356 -0.0191384
v -2.44935 1.26944 2.90647
vt -3.17509 -0.0371616
v -2.45301 1.26969 2.90647
vt -3.03118 -0.0270352
v -2.45631 1.27047 2.90647
vt -2.90121 0.00334434
v -2.45926 1.27175 2.90647
vt -2.78517 0.053977
v -2.46185 1.27355 2.90647
vt -2.68307 0.124863
v -2.46402 1.27579 2.90647
vt -2.5975 0.212843
v -2.46571 1.27838 2.90647
vt -2.53108 0.314759
v -2.46691 1.28132 2.90647
vt -2.48379 0.43061
f 2051/3328/1 2052/3329/1 2053/3330/1 2054/3331/1 2055/3332/1 2056/3333/1 2057/3334/1 2058/3335/1 2059/3336/1 2060/3337/1 2061/3338/1 2062/3339/1 2063/3340/1 2064/3341/1 2065/3342/1 2066/3343/1 2067/3344/1 2068/3345/1 2069/3346/1 2070/3347/1 2071/3348/1 2072/3349/1 2073/3350/1 2074/3351/1 2075/3352/1 2076/3353/1 2077/3354/1 2078/3355/1 2079/3356/1 2080/3357/1 2081/3358/1 2082/3359/1 2083/3360/1 2084/3361/1 2085/3362/1 2086/3363/1 2087/3364/1 2088/3365/1 2089/3366/1 2090/3367/1 2091/3368/1 2092/3369/1 2093/3370/1 2094/3371/1 2095/3372/1 

vt -2.91874 0
vt -2.50031 0
v -2.46763 1.28462 2.90847
vt -2.50031 0.0787402
v -2.45706 1.28571 2.90847
vt -2.91874 0.0787402
f 2052/3373/218 2051/3374/218 2096/3375/218 2097/3376/218 

vt -0.0271559 0
vt 0.105649 0
v -2.46691 1.28132 2.90847
vt 0.105649 0.0787402
vt -0.0271559 0.0787402
f 2051/3377/219 2095/3378/220 2098/3379/220 2096/3380/219 

vt 0.53997 0
vt 0.665101 0
v -2.46571 1.27838 2.90847
vt 0.665101 0.0787402
vt 0.53997 0.0787402
f 2095/3381/220 2094/3382/221 2099/3383/221 2098/3384/220 

vt 1.11836 0
vt 1.24002 0
v -2.46402 1.27579 2.90847
vt 1.24002 0.0787402
vt 1.11836 0.0787402
f 2094/3385/221 2093/3386/222 2100/3387/222 2099/3388/221 

vt 1.65839 0
vt 1.78112 0
v -2.46185 1.27355 2.90847
vt 1.78112 0.0787402
vt 1.65839 0.0787402
f 2093/3389/222 2092/3390/223 2101/3391/223 2100/3392/222 

vt 2.13276 0
vt 2.25706 0
v -2.45926 1.27175 2.90847
vt 2.25706 0.0787402
vt 2.13276 0.0787402
f 2092/3393/223 2091/3394/224 2102/3395/224 2101/3396/223 

vt 2.53114 0
vt 2.65775 0
v -2.45631 1.27047 2.90847
vt 2.65775 0.0787402
vt 2.53114 0.0787402
f 2091/3397/224 2090/3398/225 2103/3399/225 2102/3400/224 

vt 2.8243 0
vt 2.95778 0
v -2.45301 1.26969 2.90847
vt 2.95778 0.0787402
vt 2.8243 0.0787402
f 2090/3401/225 2089/3402/226 2104/3403/226 2103/3404/225 

vt 3.0256 0
vt 3.16987 0
v -2.44935 1.26944 2.90847
vt 3.16987 0.0787402
vt 3.0256 0.0787402
f 2089/3405/226 2088/3406/227 2105/3407/227 2104/3408/226 

vt 3.15529 0
vt 3.33466 0
v -2.44482 1.2699 2.90847
vt 3.33466 0.0787402
vt 3.15529 0.0787402
f 2088/3409/227 2087/3410/228 2106/3411/228 2105/3412/227 

vt 3.16638 0
vt 3.33323 0
v -2.44081 1.27127 2.90847
vt 3.33323 0.0787402
vt 3.16638 0.0787402
f 2087/3413/228 2086/3414/229 2107/3415/229 2106/3416/228 

vt 2.95422 0
vt 3.11838 0
v -2.43733 1.27356 2.90847
vt 3.11838 0.0787402
vt 2.95422 0.0787402
f 2086/3417/229 2085/3418/230 2108/3419/230 2107/3420/229 

vt 2.56818 0
vt 2.73997 0
v -2.43436 1.27676 2.90847
vt 2.73997 0.0787402
vt 2.56818 0.0787402
f 2085/3421/230 2084/3422/231 2109/3423/231 2108/3424/230 

vt 1.9573 0
vt 2.21143 0
v -2.43139 1.28249 2.90847
vt 2.21143 0.0787402
vt 1.9573 0.0787402
f 2084/3425/231 2083/3426/232 2110/3427/232 2109/3428/231 

vt 1.0595 0
vt 1.31703 0
v -2.4304 1.28896 2.90847
vt 1.31703 0.0787402
vt 1.0595 0.0787402
f 2083/3429/232 2082/3430/233 2111/3431/233 2110/3432/232 

vt 0.422027 0
vt 0.576257 0
v -2.43071 1.29286 2.90847
vt 0.576257 0.0787402
vt 0.422027 0.0787402
f 2082/3433/233 2081/3434/234 2112/3435/234 2111/3436/233 

vt -0.131645 0
vt 0.0117152 0
v -2.43163 1.29639 2.90847
vt 0.0117152 0.0787402
vt -0.131645 0.0787402
f 2081/3437/234 2080/3438/235 2113/3439/235 2112/3440/234 

vt -0.779594 0
vt -0.641981 0
v -2.43316 1.29953 2.90847
vt -0.641981 0.0787402
vt -0.779594 0.0787402
f 2080/3441/235 2079/3442/236 2114/3443/236 2113/3444/235 

vt -1.4365 0
vt -1.29887 0
v -2.43531 1.30229 2.90847
vt -1.29887 0.0787402
vt -1.4365 0.0787402
f 2079/3445/236 2078/3446/237 2115/3447/237 2114/3448/236 

vt -1.99238 0
vt -1.85744 0
v -2.4379 1.30453 2.90847
vt -1.85744 0.0787402
vt -1.99238 0.0787402
f 2078/3449/237 2077/3450/238 2116/3451/238 2115/3452/237 

vt -2.50349 0
vt -2.37446 0
v -2.44075 1.30614 2.90847
vt -2.37446 0.0787402
vt -2.50349 0.0787402
f 2077/3453/238 2076/3454/239 2117/3455/239 2116/3456/238 

vt -2.94377 0
vt -2.81497 0
v -2.44388 1.3071 2.90847
vt -2.81497 0.0787402
vt -2.94377 0.0787402
f 2076/3457/239 2075/3458/240 2118/3459/240 2117/3460/239 

vt -3.23948 0
vt -3.10519 0
v -2.44728 1.30742 2.90847
vt -3.10519 0.0787402
vt -3.23948 0.0787402
f 2075/3461/240 2074/3462/241 2119/3463/241 2118/3464/240 

vt -3.40857 0
vt -3.26333 0
v -2.45094 1.30698 2.90847
vt -3.26333 0.0787402
vt -3.40857 0.0787402
f 2074/3465/241 2073/3466/242 2120/3467/242 2119/3468/241 

vt -3.41945 0
vt -3.26883 0
v -2.45453 1.30565 2.90847
vt -3.26883 0.0787402
vt -3.41945 0.0787402
f 2073/3469/242 2072/3470/243 2121/3471/243 2120/3472/242 

vt 1.88424 0
vt 2.2601 0
v -2.45286 1.31505 2.90847
vt 2.2601 0.0787402
vt 1.88424 0.0787402
f 2072/3473/244 2071/3474/244 2122/3475/244 2121/3476/244 

vt 3.03685 0
vt 3.82467 0
v -2.43285 1.31505 2.90847
vt 3.82467 0.0787402
vt 3.03685 0.0787402
f 2071/3477/3 2070/3478/3 2123/3479/3 2122/3480/3 

v -2.43285 1.32498 2.90847
f 2070/1473/4 2069/1474/4 2124/1475/4 2123/1476/4 

vt -3.82467 0
vt -2.72023 0
v -2.46091 1.32498 2.90847
vt -2.72023 0.0787402
vt -3.82467 0.0787402
f 2069/3481/5 2068/3482/5 2125/3483/5 2124/3484/5 

vt -2.61662 0
vt -1.46243 0
v -2.46634 1.29617 2.90847
vt -1.46243 0.0787402
vt -2.61662 0.0787402
f 2068/3485/245 2067/3486/245 2126/3487/245 2125/3488/245 

vt 2.3349 0
vt 2.67735 0
v -2.45773 1.29492 2.90847
vt 2.67735 0.0787402
vt 2.3349 0.0787402
f 2067/3489/246 2066/3490/246 2127/3491/246 2126/3492/246 

vt 2.83463 0
vt 3.02784 0
v -2.45387 1.29795 2.90847
vt 3.02784 0.0787402
vt 2.83463 0.0787402
f 2066/3493/247 2065/3494/248 2128/3495/248 2127/3496/247 

vt 3.16526 0
vt 3.34041 0
v -2.44954 1.29896 2.90847
vt 3.34041 0.0787402
vt 3.16526 0.0787402
f 2065/3497/248 2064/3498/249 2129/3499/249 2128/3500/248 

vt 2.89861 0
vt 3.03162 0
v -2.44622 1.29833 2.90847
vt 3.03162 0.0787402
vt 2.89861 0.0787402
f 2064/3501/249 2063/3502/250 2130/3503/250 2129/3504/249 

vt 2.02065 0
vt 2.14861 0
v -2.44359 1.29641 2.90847
vt 2.14861 0.0787402
vt 2.02065 0.0787402
f 2063/3505/250 2062/3506/251 2131/3507/251 2130/3508/250 

vt 0.708529 0
vt 0.850935 0
v -2.44188 1.29323 2.90847
vt 0.850935 0.0787402
vt 0.708529 0.0787402
f 2062/3509/251 2061/3510/252 2132/3511/252 2131/3512/251 

vt -0.451605 0
vt -0.274583 0
v -2.44131 1.28877 2.90847
vt -0.274583 0.0787402
vt -0.451605 0.0787402
f 2061/3513/252 2060/3514/253 2133/3515/253 2132/3516/252 

vt -1.13861 0
vt -0.95013 0
v -2.44189 1.28402 2.90847
vt -0.95013 0.0787402
vt -1.13861 0.0787402
f 2060/3517/253 2059/3518/254 2134/3519/254 2133/3520/253 

vt -2.05532 0
vt -1.90574 0
v -2.44361 1.28063 2.90847
vt -1.90574 0.0787402
vt -2.05532 0.0787402
f 2059/3521/254 2058/3522/255 2135/3523/255 2134/3524/254 

vt -2.91723 0
vt -2.7888 0
v -2.44617 1.27861 2.90847
vt -2.7888 0.0787402
vt -2.91723 0.0787402
f 2058/3525/255 2057/3526/256 2136/3527/256 2135/3528/255 

vt -3.29283 0
vt -3.16917 0
v -2.44924 1.27793 2.90847
vt -3.16917 0.0787402
vt -3.29283 0.0787402
f 2057/3529/256 2056/3530/257 2137/3531/257 2136/3532/256 

vt -3.06699 0
vt -2.95727 0
v -2.45198 1.27846 2.90847
vt -2.95727 0.0787402
vt -3.06699 0.0787402
f 2056/3533/257 2055/3534/258 2138/3535/258 2137/3536/257 

vt -2.39473 0
vt -2.28187 0
v -2.45437 1.28003 2.90847
vt -2.28187 0.0787402
vt -2.39473 0.0787402
f 2055/3537/258 2054/3538/259 2139/3539/259 2138/3540/258 

vt -1.43627 0
vt -1.31636 0
v -2.45616 1.2825 2.90847
vt -1.31636 0.0787402
vt -1.43627 0.0787402
f 2054/3541/259 2053/3542/260 2140/3543/260 2139/3544/259 

vt -0.321837 0
vt -0.190469 0
vt -0.190469 0.0787402
vt -0.321837 0.0787402
f 2053/3545/260 2052/3546/261 2097/3547/261 2140/3548/260 

vt 2.87185 0.603505
vt 2.45564 0.560397
vt 2.48379 0.43061
vt 2.53108 0.314759
vt 2.5975 0.212843
vt 2.68307 0.124863
vt 2.78517 0.053977
vt 2.90121 0.00334434
vt 3.03118 -0.0270352
vt 3.17509 -0.0371616
vt 3.35356 -0.0191384
vt 3.5114 0.0349316
vt 3.64862 0.125048
vt 3.76522 0.251213
vt 3.88227 0.476783
vt 3.92129 0.731341
vt 3.90922 0.885097
vt 3.87298 1.0238
vt 3.8126 1.14746
vt 3.72805 1.25606
vt 3.62614 1.34451
vt 3.51363 1.40768
vt 3.39053 1.44559
vt 3.25684 1.45822
vt 3.11266 1.44076
vt 2.97144 1.38836
vt 3.03685 1.75849
vt 3.82467 1.75849
vt 3.82467 2.14943
vt 2.72023 2.14943
vt 2.50618 1.01526
vt 2.84509 0.966202
vt 2.99708 1.08549
vt 3.16766 1.12525
vt 3.29828 1.10017
vt 3.40177 1.02492
vt 3.46922 0.899497
vt 3.49171 0.723908
vt 3.46904 0.536799
vt 3.40103 0.403575
vt 3.30032 0.323863
vt 3.17955 0.297293
vt 3.07178 0.317918
vt 2.97739 0.379792
vt 2.90715 0.476969
f 2097/3549/6 2096/3550/6 2098/3551/6 2099/3552/6 2100/3553/6 2101/3554/6 2102/3555/6 2103/3556/6 2104/3557/6 2105/3558/6 2106/3559/6 2107/3560/6 2108/3561/6 2109/3562/6 2110/3563/6 2111/3564/6 2112/3565/6 2113/3566/6 2114/3567/6 2115/3568/6 2116/3569/6 2117/3570/6 2118/3571/6 2119/3572/6 2120/3573/6 2121/3574/6 2122/3575/6 2123/3576/6 2124/3577/6 2125/3578/6 2126/3579/6 2127/3580/6 2128/3581/6 2129/3582/6 2130/3583/6 2131/3584/6 2132/3585/6 2133/3586/6 2134/3587/6 2135/3588/6 2136/3589/6 2137/3590/6 2138/3591/6 2139/3592/6 2140/3593/6 

g Mesh29 Group16 Model

v 2.41 1.27038 2.90647
v 2.41 1.32573 2.90647
v 2.42673 1.32573 2.90647
v 2.43677 1.28798 2.90647
v 2.4467 1.32573 2.90647
v 2.46346 1.32573 2.90647
v 2.46346 1.27038 2.90647
v 2.45308 1.27038 2.90647
v 2.45308 1.31395 2.90647
v 2.44209 1.27038 2.90647
v 2.43133 1.27038 2.90647
v 2.42038 1.31395 2.90647
v 2.42038 1.27038 2.90647
f 2141/1/1 2142/22/1 2143/2552/1 2144/2553/1 2145/2554/1 2146/2555/1 2147/2556/1 2148/2557/1 2149/2558/1 2150/2559/1 2151/2560/1 2152/2561/1 2153/2562/1 

v 2.41 1.27038 2.90847
v 2.41 1.32573 2.90847
f 2142/27/2 2141/1/2 2154/8/2 2155/28/2 

v 2.42038 1.27038 2.90847
f 2141/1/3 2153/2563/3 2156/2564/3 2154/8/3 

v 2.42038 1.31395 2.90847
f 2153/1/4 2152/2565/4 2157/2566/4 2156/8/4 

v 2.43133 1.27038 2.90847
f 2152/2567/424 2151/2568/424 2158/2569/424 2157/2570/424 

v 2.44209 1.27038 2.90847
f 2151/2571/3 2150/2572/3 2159/2573/3 2158/2574/3 

v 2.45308 1.31395 2.90847
f 2150/2575/425 2149/2576/425 2160/2577/425 2159/2578/425 

v 2.45308 1.27038 2.90847
f 2149/2579/2 2148/1/2 2161/8/2 2160/2580/2 

v 2.46346 1.27038 2.90847
f 2148/2581/3 2147/2582/3 2162/2583/3 2161/2584/3 

v 2.46346 1.32573 2.90847
f 2147/1/4 2146/2585/4 2163/2586/4 2162/8/4 

v 2.4467 1.32573 2.90847
f 2146/2556/5 2145/2587/5 2164/2588/5 2163/2589/5 

v 2.43677 1.28798 2.90847
f 2145/2590/426 2144/2591/426 2165/2592/426 2164/2593/426 

v 2.42673 1.32573 2.90847
f 2144/2594/427 2143/2595/427 2166/2596/427 2165/2597/427 

f 2143/2598/5 2142/1/5 2155/8/5 2166/2599/5 

f 2155/22/6 2154/1/6 2156/2563/6 2157/2600/6 2158/2571/6 2159/2572/6 2160/2601/6 2161/2581/6 2162/2582/6 2163/2602/6 2164/2603/6 2165/2604/6 2166/2605/6 

g Mesh30 Group16 Model

v 2.47257 1.30438 2.90647
vt -2.46354 1.33847
v 2.47256 1.2904 2.90647
vt -2.46298 0.788244
v 2.47222 1.2973 2.90647
vt -2.44969 1.05985
f 2167/3594/1 2168/3595/1 2169/3596/1

v 2.47357 1.28454 2.90647
vt -2.50283 0.55761
f 2168/3595/1 2167/3594/1 2170/3597/1

v 2.47363 1.31039 2.90647
vt -2.50506 1.57528
f 2170/3597/1 2167/3594/1 2171/3598/1

vt -1.9843 0
vt -1.74387 0
v 2.47257 1.30438 2.90847
vt -1.74387 0.0787402
v 2.47363 1.31039 2.90847
vt -1.9843 0.0787402
f 2171/3599/262 2167/3600/263 2172/3601/263 2173/3602/262 

vt -1.45906 0
vt -1.1801 0
v 2.47222 1.2973 2.90847
vt -1.1801 0.0787402
vt -1.45906 0.0787402
f 2167/3603/263 2169/3604/264 2174/3605/264 2172/3606/263 

vt -0.938904 0
vt -0.666973 0
v 2.47256 1.2904 2.90847
vt -0.666973 0.0787402
vt -0.938904 0.0787402
f 2169/3607/264 2168/3608/265 2175/3609/265 2174/3610/264 

vt -0.357322 0
vt -0.12327 0
v 2.47357 1.28454 2.90847
vt -0.12327 0.0787402
vt -0.357322 0.0787402
f 2168/3611/265 2170/3612/266 2176/3613/266 2175/3614/265 

vt 0.301037 0
v 2.47526 1.27973 2.90647
vt 0.501997 0
v 2.47526 1.27973 2.90847
vt 0.501997 0.0787402
vt 0.301037 0.0787402
f 2170/3615/266 2177/3616/267 2178/3617/267 2176/3618/266 

vt -2.56926 0.367947
f 2170/3597/1 2171/3598/1 2177/3619/1

v 2.47539 1.31535 2.90647
vt -2.57428 1.77029
f 2177/3619/1 2171/3598/1 2179/3620/1

vt -2.52938 0
vt -2.32246 0
vt -2.32246 0.0787402
v 2.47539 1.31535 2.90847
vt -2.52938 0.0787402
f 2179/3621/268 2171/3622/262 2173/3623/262 2180/3624/268 

vt 2.50506 1.57528
vt 2.56926 0.367947
vt 2.57428 1.77029
f 2173/3625/6 2178/3626/6 2180/3627/6

vt 2.50283 0.55761
f 2173/3625/6 2176/3628/6 2178/3626/6

vt 2.46354 1.33847
f 2172/3629/6 2176/3628/6 2173/3625/6

vt 2.46298 0.788244
f 2172/3629/6 2175/3630/6 2176/3628/6

vt 2.44969 1.05985
f 2175/3630/6 2172/3629/6 2174/3631/6

v 2.47762 1.27595 2.90847
vt 2.66226 0.219254
f 2180/3627/6 2178/3626/6 2181/3632/6

vt 1.05042 0
v 2.47762 1.27595 2.90647
vt 1.2258 0
vt 1.2258 0.0787402
vt 1.05042 0.0787402
f 2177/3633/267 2182/3634/269 2181/3635/269 2178/3636/267 

vt -2.66226 0.219254
f 2177/3619/1 2179/3620/1 2182/3637/1

v 2.47785 1.31924 2.90647
vt -2.67118 1.92349
f 2182/3637/1 2179/3620/1 2183/3638/1

vt -3.05349 0
vt -2.87222 0
vt -2.87222 0.0787402
v 2.47785 1.31924 2.90847
vt -3.05349 0.0787402
f 2183/3639/270 2179/3640/268 2180/3641/268 2184/3642/270 

vt 2.67118 1.92349
f 2180/3627/6 2181/3632/6 2184/3643/6

v 2.48051 1.2731 2.90847
vt 2.77588 0.107072
f 2184/3643/6 2181/3632/6 2185/3644/6

vt 1.74042 0
v 2.48051 1.2731 2.90647
vt 1.90009 0
vt 1.90009 0.0787402
vt 1.74042 0.0787402
f 2182/3645/269 2186/3646/271 2185/3647/271 2181/3648/269 

vt -2.77588 0.107072
f 2182/3637/1 2183/3638/1 2186/3649/1

v 2.48087 1.32218 2.90647
vt -2.79019 2.03924
f 2186/3649/1 2183/3638/1 2187/3650/1

vt -3.42195 0
vt -3.25593 0
vt -3.25593 0.0787402
v 2.48087 1.32218 2.90847
vt -3.42195 0.0787402
f 2187/3651/272 2183/3652/270 2184/3653/270 2188/3654/272 

vt 2.79019 2.03924
f 2184/3643/6 2185/3644/6 2188/3655/6

v 2.48377 1.27107 2.90847
vt 2.90418 0.0269419
f 2188/3655/6 2185/3644/6 2189/3656/6

vt 2.2977 0
v 2.48377 1.27107 2.90647
vt 2.44897 0
vt 2.44897 0.0787402
vt 2.2977 0.0787402
f 2186/3657/271 2190/3658/273 2189/3659/273 2185/3660/271 

vt -2.90418 0.0269419
f 2186/3649/1 2187/3650/1 2190/3661/1

v 2.48321 1.30164 2.90647
vt -2.88226 1.23079
f 2190/3661/1 2187/3650/1 2191/3662/1

v 2.48431 1.32428 2.90647
vt -2.92573 2.12193
f 2192/3663/1 2191/3662/1 2187/3650/1

v 2.48424 1.30956 2.90647
vt -2.92295 1.54258
f 2191/3662/1 2192/3663/1 2193/3664/1

v 2.48614 1.31422 2.90647
vt -2.99746 1.72579
f 2193/3664/1 2192/3663/1 2194/3665/1

v 2.48818 1.32554 2.90647
vt -3.07782 2.17154
f 2194/3665/1 2192/3663/1 2195/3666/1

vt -3.59951 0
vt -3.43954 0
v 2.48431 1.32428 2.90847
vt -3.43954 0.0787402
v 2.48818 1.32554 2.90847
vt -3.59951 0.0787402
f 2195/3667/274 2192/3668/275 2196/3669/275 2197/3670/274 

vt -3.60273 0
vt -3.44395 0
vt -3.44395 0.0787402
vt -3.60273 0.0787402
f 2192/3671/275 2187/3672/272 2188/3673/272 2196/3674/275 

v 2.48321 1.30164 2.90847
vt 2.88226 1.23079
vt 2.92573 2.12193
f 2198/3675/6 2196/3676/6 2188/3655/6

v 2.48424 1.30956 2.90847
vt 2.92295 1.54258
f 2196/3676/6 2198/3675/6 2199/3677/6

vt 1.59345 0
vt 1.90788 0
vt 1.90788 0.0787402
vt 1.59345 0.0787402
f 2191/3678/276 2193/3679/277 2199/3680/277 2198/3681/276 

vt 2.53009 0
vt 2.72787 0
v 2.48614 1.31422 2.90847
vt 2.72787 0.0787402
vt 2.53009 0.0787402
f 2193/3682/277 2194/3683/278 2200/3684/278 2199/3685/277 

vt 3.39129 0
v 2.48872 1.31648 2.90647
vt 3.52651 0
v 2.48872 1.31648 2.90847
vt 3.52651 0.0787402
vt 3.39129 0.0787402
f 2194/3686/278 2201/3687/279 2202/3688/279 2200/3689/278 

vt -3.09909 1.81497
f 2194/3665/1 2195/3666/1 2201/3690/1

v 2.49246 1.32596 2.90647
vt -3.24644 2.18808
f 2201/3690/1 2195/3666/1 2203/3691/1

vt -3.4445 0
vt -3.27507 0
vt -3.27507 0.0787402
v 2.49246 1.32596 2.90847
vt -3.4445 0.0787402
f 2203/3692/280 2195/3693/274 2197/3694/274 2204/3695/280 

vt 3.07782 2.17154
vt 3.09909 1.81497
vt 3.24644 2.18808
f 2197/3696/6 2202/3697/6 2204/3698/6

vt 2.99746 1.72579
f 2197/3696/6 2200/3699/6 2202/3697/6

f 2196/3676/6 2200/3699/6 2197/3696/6

f 2196/3676/6 2199/3677/6 2200/3699/6

v 2.49182 1.31724 2.90847
vt 3.22117 1.8447
f 2204/3698/6 2202/3697/6 2205/3700/6

vt 3.44054 0
v 2.49182 1.31724 2.90647
vt 3.56618 0
vt 3.56618 0.0787402
vt 3.44054 0.0787402
f 2201/3701/279 2206/3702/281 2205/3703/281 2202/3704/279 

vt -3.22117 1.8447
f 2201/3690/1 2203/3691/1 2206/3705/1

v 2.49411 1.31686 2.90647
vt -3.31147 1.82984
f 2206/3705/1 2203/3691/1 2207/3706/1

v 2.49822 1.32508 2.90647
vt -3.47331 2.15333
f 2207/3706/1 2203/3691/1 2208/3707/1

vt -3.10729 0
vt -2.87778 0
vt -2.87778 0.0787402
v 2.49822 1.32508 2.90847
vt -3.10729 0.0787402
f 2208/3708/282 2203/3709/280 2204/3710/280 2209/3711/282 

v 2.49411 1.31686 2.90847
vt 3.31147 1.82984
vt 3.47331 2.15333
f 2204/3698/6 2210/3712/6 2209/3713/6

f 2204/3698/6 2205/3700/6 2210/3712/6

vt 2.87878 0
vt 2.97029 0
vt 2.97029 0.0787402
vt 2.87878 0.0787402
f 2206/3714/281 2207/3715/283 2210/3716/283 2205/3717/281 

vt 1.84601 0
v 2.49593 1.31573 2.90647
vt 1.93047 0
v 2.49593 1.31573 2.90847
vt 1.93047 0.0787402
vt 1.84601 0.0787402
f 2207/3718/283 2211/3719/284 2212/3720/284 2210/3721/283 

vt -3.38319 1.78524
f 2207/3706/1 2208/3707/1 2211/3722/1

v 2.49722 1.3138 2.90647
vt -3.43373 1.70943
f 2211/3722/1 2208/3707/1 2213/3723/1

v 2.4979 1.31104 2.90647
vt -3.46049 1.60092
f 2213/3723/1 2208/3707/1 2214/3724/1

v 2.50817 1.31218 2.90647
vt -3.86481 1.64552
f 2214/3724/1 2208/3707/1 2215/3725/1

v 2.5029 1.32243 2.90647
vt -3.65745 2.04909
f 2215/3725/1 2208/3707/1 2216/3726/1

vt -2.17338 0
vt -1.96179 0
vt -1.96179 0.0787402
v 2.5029 1.32243 2.90847
vt -2.17338 0.0787402
f 2216/3727/285 2208/3728/282 2209/3729/282 2217/3730/285 

v 2.50817 1.31218 2.90847
vt 3.86481 1.64552
vt 3.65745 2.04909
f 2209/3713/6 2218/3731/6 2217/3732/6

v 2.4979 1.31104 2.90847
vt 3.46049 1.60092
f 2209/3713/6 2219/3733/6 2218/3731/6

v 2.49722 1.3138 2.90847
vt 3.43373 1.70943
f 2209/3713/6 2220/3734/6 2219/3733/6

vt 3.38319 1.78524
f 2209/3713/6 2212/3735/6 2220/3734/6

f 2209/3713/6 2210/3712/6 2212/3735/6

vt 0.391249 0
vt 0.482361 0
vt 0.482361 0.0787402
vt 0.391249 0.0787402
f 2211/3736/284 2213/3737/286 2220/3738/286 2212/3739/284 

vt -0.837674 0
vt -0.725912 0
vt -0.725912 0.0787402
vt -0.837674 0.0787402
f 2213/3740/286 2214/3741/287 2219/3742/287 2220/3743/286 

vt 3.61514 0
vt 4.02191 0
vt 4.02191 0.0787402
vt 3.61514 0.0787402
f 2214/3744/288 2215/3745/288 2218/3746/288 2219/3747/288 

vt 0.397197 0
v 2.50628 1.3181 2.90647
vt 0.641888 0
v 2.50628 1.3181 2.90847
vt 0.641888 0.0787402
vt 0.397197 0.0787402
f 2215/3748/289 2221/3749/290 2222/3750/290 2218/3751/289 

v 2.50478 1.32046 2.90647
vt -3.73144 1.97175
vt -3.79067 1.87871
f 2215/3725/1 2223/3752/1 2221/3753/1

f 2215/3725/1 2216/3726/1 2223/3752/1

vt -1.15489 0
vt -1.04785 0
vt -1.04785 0.0787402
v 2.50478 1.32046 2.90847
vt -1.15489 0.0787402
f 2223/3754/291 2216/3755/285 2217/3756/285 2224/3757/291 

vt 3.73144 1.97175
f 2217/3732/6 2218/3731/6 2224/3758/6

vt 3.79067 1.87871
f 2224/3758/6 2218/3731/6 2222/3759/6

vt -0.450673 0
vt -0.340379 0
vt -0.340379 0.0787402
vt -0.450673 0.0787402
f 2221/3760/290 2223/3761/291 2224/3762/291 2222/3763/290 

v 2.48531 1.30369 2.90647
vt -3.03895 0
vt -2.92338 0
vt -2.92338 0.0787402
v 2.48531 1.30369 2.90847
vt -3.03895 0.0787402
f 2225/3764/292 2191/3765/293 2198/3766/293 2226/3767/292 

v 2.48412 1.28903 2.90647
vt -2.91793 0.734314
vt -2.96503 1.31143
f 2227/3768/1 2191/3662/1 2225/3769/1

f 2190/3661/1 2191/3662/1 2227/3768/1

v 2.48471 1.28445 2.90647
vt -2.94134 0.553894
f 2228/3770/1 2190/3661/1 2227/3768/1

v 2.4874 1.26984 2.90647
vt -3.04716 -0.0211358
f 2190/3661/1 2228/3770/1 2229/3771/1

v 2.48649 1.28105 2.90647
vt -3.01158 0.419926
f 2229/3771/1 2228/3770/1 2230/3772/1

vt -1.02645 0
vt -0.875188 0
v 2.48471 1.28445 2.90847
vt -0.875188 0.0787402
v 2.48649 1.28105 2.90847
vt -1.02645 0.0787402
f 2230/3773/294 2228/3774/295 2231/3775/295 2232/3776/294 

vt 0.170786 0
vt 0.352719 0
v 2.48412 1.28903 2.90847
vt 0.352719 0.0787402
vt 0.170786 0.0787402
f 2228/3777/295 2227/3778/296 2233/3779/296 2231/3780/295 

vt 1.10046 0
v 2.48464 1.29314 2.90647
vt 1.26363 0
v 2.48464 1.29314 2.90847
vt 1.26363 0.0787402
vt 1.10046 0.0787402
f 2227/3781/296 2234/3782/297 2235/3783/297 2233/3784/296 

vt -2.93874 0.896153
f 2227/3768/1 2225/3769/1 2234/3785/1

v 2.48623 1.29611 2.90647
vt -3.00117 1.01303
f 2234/3785/1 2225/3769/1 2236/3786/1

v 2.48766 1.30515 2.90647
vt -3.05729 1.36903
f 2236/3786/1 2225/3769/1 2237/3787/1

vt -3.31837 0
vt -3.20961 0
vt -3.20961 0.0787402
v 2.48766 1.30515 2.90847
vt -3.31837 0.0787402
f 2237/3788/298 2225/3789/292 2226/3790/292 2238/3791/298 

vt 2.96503 1.31143
v 2.48623 1.29611 2.90847
vt 3.00117 1.01303
vt 3.05729 1.36903
f 2226/3792/6 2239/3793/6 2238/3794/6

vt 2.93874 0.896153
f 2226/3792/6 2235/3795/6 2239/3793/6

vt 2.91793 0.734314
f 2226/3792/6 2233/3796/6 2235/3795/6

f 2198/3675/6 2233/3796/6 2226/3792/6

f 2198/3675/6 2189/3656/6 2233/3796/6

f 2188/3655/6 2189/3656/6 2198/3675/6

vt 2.94134 0.553894
f 2189/3656/6 2231/3797/6 2233/3796/6

v 2.4874 1.26984 2.90847
vt 3.04716 -0.0211358
f 2231/3797/6 2189/3656/6 2240/3798/6

vt 2.74414 0
vt 2.89498 0
vt 2.89498 0.0787402
vt 2.74414 0.0787402
f 2190/3799/273 2229/3800/299 2240/3801/299 2189/3802/273 

vt 3.03368 0
v 2.4914 1.26944 2.90647
vt 3.19215 0
v 2.4914 1.26944 2.90847
vt 3.19215 0.0787402
vt 3.03368 0.0787402
f 2229/3803/299 2241/3804/300 2242/3805/300 2240/3806/299 

v 2.48904 1.27894 2.90647
vt -3.11191 0.33687
vt -3.20482 -0.0371616
f 2229/3771/1 2243/3807/1 2241/3808/1

f 2229/3771/1 2230/3772/1 2243/3807/1

vt -2.18237 0
vt -2.05211 0
vt -2.05211 0.0787402
v 2.48904 1.27894 2.90847
vt -2.18237 0.0787402
f 2243/3809/301 2230/3810/294 2232/3811/294 2244/3812/301 

vt 3.01158 0.419926
vt 3.11191 0.33687
f 2232/3813/6 2240/3798/6 2244/3814/6

f 2231/3797/6 2240/3798/6 2232/3813/6

vt 3.20482 -0.0371616
f 2244/3814/6 2240/3798/6 2242/3815/6

v 2.49193 1.27823 2.90847
vt 3.22563 0.309185
f 2244/3814/6 2242/3815/6 2245/3816/6

v 2.49513 1.26976 2.90847
vt 3.3517 -0.0245268
f 2245/3816/6 2242/3815/6 2246/3817/6

vt 3.18984 0
v 2.49513 1.26976 2.90647
vt 3.33727 0
vt 3.33727 0.0787402
vt 3.18984 0.0787402
f 2241/3818/300 2247/3819/302 2246/3820/302 2242/3821/300 

v 2.49193 1.27823 2.90647
vt -3.22563 0.309185
vt -3.3517 -0.0245268
f 2241/3808/1 2248/3822/1 2247/3823/1

f 2241/3808/1 2243/3807/1 2248/3822/1

vt -3.06094 0
vt -2.94391 0
vt -2.94391 0.0787402
vt -3.06094 0.0787402
f 2248/3824/303 2243/3825/301 2244/3826/301 2245/3827/303 

v 2.49463 1.27881 2.90647
vt -3.32784 0
vt -3.21917 0
vt -3.21917 0.0787402
v 2.49463 1.27881 2.90847
vt -3.32784 0.0787402
f 2249/3828/304 2248/3829/303 2245/3830/303 2250/3831/304 

vt -3.33191 0.331853
f 2247/3823/1 2248/3822/1 2249/3832/1

v 2.49684 1.28054 2.90647
vt -3.41887 0.399859
f 2247/3823/1 2249/3832/1 2251/3833/1

vt -2.93943 0
vt -2.82904 0
vt -2.82904 0.0787402
v 2.49684 1.28054 2.90847
vt -2.93943 0.0787402
f 2251/3834/305 2249/3835/304 2250/3836/304 2252/3837/305 

vt 3.33191 0.331853
vt 3.41887 0.399859
f 2250/3838/6 2246/3817/6 2252/3839/6

f 2245/3816/6 2246/3817/6 2250/3838/6

v 2.49851 1.27072 2.90847
vt 3.48464 0.0133779
f 2252/3839/6 2246/3817/6 2253/3840/6

vt 3.21652 0
v 2.49851 1.27072 2.90647
vt 3.35477 0
vt 3.35477 0.0787402
vt 3.21652 0.0787402
f 2247/3841/302 2254/3842/306 2253/3843/306 2246/3844/302 

vt -3.48464 0.0133779
f 2247/3823/1 2251/3833/1 2254/3845/1

v 2.49831 1.28358 2.90647
vt -3.47684 0.519519
f 2254/3845/1 2251/3833/1 2255/3846/1

vt -1.98344 0
vt -1.85048 0
vt -1.85048 0.0787402
v 2.49831 1.28358 2.90847
vt -1.98344 0.0787402
f 2255/3847/307 2251/3848/305 2252/3849/305 2256/3850/307 

vt 3.47684 0.519519
f 2252/3839/6 2253/3840/6 2256/3851/6

v 2.4988 1.28809 2.90847
vt 3.49616 0.697152
f 2256/3851/6 2253/3840/6 2257/3852/6

v 2.50153 1.27233 2.90847
vt 3.60365 0.0765526
f 2257/3852/6 2253/3840/6 2258/3853/6

vt 3.08414 0
v 2.50153 1.27233 2.90647
vt 3.21888 0
vt 3.21888 0.0787402
vt 3.08414 0.0787402
f 2254/3854/306 2259/3855/308 2258/3856/308 2253/3857/306 

v 2.4988 1.28809 2.90647
vt -3.49616 0.697152
vt -3.60365 0.0765526
f 2254/3845/1 2260/3858/1 2259/3859/1

f 2254/3845/1 2255/3846/1 2260/3858/1

vt -1.07117 0
vt -0.892485 0
vt -0.892485 0.0787402
vt -1.07117 0.0787402
f 2260/3860/309 2255/3861/307 2256/3862/307 2257/3863/309 

v 2.49827 1.29277 2.90647
vt -0.485425 0
vt -0.300117 0
vt -0.300117 0.0787402
v 2.49827 1.29277 2.90847
vt -0.485425 0.0787402
f 2261/3864/310 2260/3865/309 2257/3866/309 2262/3867/310 

vt -3.47535 0.881288
v 2.49923 1.30506 2.90647
vt -3.51307 1.36532
f 2261/3868/1 2263/3869/1 2260/3858/1

v 2.49669 1.296 2.90647
vt -3.41292 1.00857
f 2264/3870/1 2263/3869/1 2261/3868/1

v 2.49627 1.30601 2.90647
vt -3.39634 1.40267
f 2264/3870/1 2265/3871/1 2263/3869/1

v 2.49431 1.29788 2.90647
vt -3.31928 1.0827
f 2266/3872/1 2265/3871/1 2264/3870/1

v 2.49306 1.30633 2.90647
vt -3.27022 1.41511
f 2266/3872/1 2267/3873/1 2265/3871/1

v 2.4914 1.29851 2.90647
vt -3.20482 1.10742
f 2268/3874/1 2267/3873/1 2266/3872/1

v 2.49024 1.30603 2.90647
vt -3.15902 1.40359
f 2268/3874/1 2269/3875/1 2267/3873/1

v 2.48858 1.29791 2.90647
vt -3.0937 1.08382
f 2270/3876/1 2269/3875/1 2268/3874/1

f 2270/3876/1 2237/3787/1 2269/3875/1

f 2236/3786/1 2237/3787/1 2270/3876/1

vt 2.99914 0
vt 3.11565 0
v 2.48858 1.29791 2.90847
vt 3.11565 0.0787402
vt 2.99914 0.0787402
f 2236/3877/311 2270/3878/312 2271/3879/312 2239/3880/311 

vt 3.25137 0
vt 3.36496 0
v 2.4914 1.29851 2.90847
vt 3.36496 0.0787402
vt 3.25137 0.0787402
f 2270/3881/312 2268/3882/313 2272/3883/313 2271/3884/312 

vt 2.89892 0
vt 3.01601 0
v 2.49431 1.29788 2.90847
vt 3.01601 0.0787402
vt 2.89892 0.0787402
f 2268/3885/313 2266/3886/314 2273/3887/314 2272/3888/313 

vt 1.93042 0
vt 2.04986 0
v 2.49669 1.296 2.90847
vt 2.04986 0.0787402
vt 1.93042 0.0787402
f 2266/3889/314 2264/3890/315 2274/3891/315 2273/3892/314 

vt 0.597504 0
vt 0.73927 0
vt 0.73927 0.0787402
vt 0.597504 0.0787402
f 2264/3893/315 2261/3894/310 2262/3895/310 2274/3896/315 

v 2.49923 1.30506 2.90847
vt 3.51307 1.36532
vt 3.41292 1.00857
vt 3.47535 0.881288
f 2275/3897/6 2274/3898/6 2262/3899/6

v 2.49627 1.30601 2.90847
vt 3.39634 1.40267
f 2276/3900/6 2274/3898/6 2275/3897/6

vt 3.31928 1.0827
f 2276/3900/6 2273/3901/6 2274/3898/6

v 2.49306 1.30633 2.90847
vt 3.27022 1.41511
f 2277/3902/6 2273/3901/6 2276/3900/6

vt 3.20482 1.10742
f 2277/3902/6 2272/3903/6 2273/3901/6

v 2.49024 1.30603 2.90847
vt 3.15902 1.40359
f 2278/3904/6 2272/3903/6 2277/3902/6

vt 3.0937 1.08382
f 2278/3904/6 2271/3905/6 2272/3903/6

f 2238/3794/6 2271/3905/6 2278/3904/6

f 2238/3794/6 2239/3793/6 2271/3905/6

vt -3.44261 0
vt -3.33517 0
vt -3.33517 0.0787402
vt -3.44261 0.0787402
f 2269/3906/316 2237/3907/298 2238/3908/298 2278/3909/316 

vt -3.39863 0
vt -3.28683 0
vt -3.28683 0.0787402
vt -3.39863 0.0787402
f 2267/3910/317 2269/3911/316 2278/3912/316 2277/3913/317 

vt -3.24213 0
vt -3.1154 0
vt -3.1154 0.0787402
vt -3.24213 0.0787402
f 2265/3914/318 2267/3915/317 2277/3916/317 2276/3917/318 

vt -2.92996 0
vt -2.8074 0
vt -2.8074 0.0787402
vt -2.92996 0.0787402
f 2263/3918/319 2265/3919/318 2276/3920/318 2275/3921/319 

v 2.50196 1.30348 2.90647
vt -2.47836 0
vt -2.35427 0
vt -2.35427 0.0787402
v 2.50196 1.30348 2.90847
vt -2.47836 0.0787402
f 2279/3922/320 2263/3923/319 2275/3924/319 2280/3925/320 

vt -3.62042 1.30307
f 2259/3859/1 2263/3869/1 2279/3926/1

f 2259/3859/1 2260/3858/1 2263/3869/1

v 2.5042 1.27457 2.90647
vt -3.70873 0.164998
f 2259/3859/1 2279/3926/1 2281/3927/1

v 2.50445 1.30127 2.90647
vt -3.71839 1.21593
f 2281/3927/1 2279/3926/1 2282/3928/1

vt -1.97015 0
vt -1.83903 0
vt -1.83903 0.0787402
v 2.50445 1.30127 2.90847
vt -1.97015 0.0787402
f 2282/3929/321 2279/3930/320 2280/3931/320 2283/3932/321 

vt 3.62042 1.30307
v 2.5042 1.27457 2.90847
vt 3.70873 0.164998
vt 3.71839 1.21593
f 2280/3933/6 2284/3934/6 2283/3935/6

f 2280/3933/6 2258/3853/6 2284/3934/6

f 2275/3897/6 2258/3853/6 2280/3933/6

f 2257/3852/6 2258/3853/6 2275/3897/6

f 2275/3897/6 2262/3899/6 2257/3852/6

vt 2.80628 0
vt 2.94362 0
vt 2.94362 0.0787402
vt 2.80628 0.0787402
f 2259/3936/308 2281/3937/322 2284/3938/322 2258/3939/308 

vt 2.41991 0
v 2.50638 1.27735 2.90647
vt 2.55893 0
v 2.50638 1.27735 2.90847
vt 2.55893 0.0787402
vt 2.41991 0.0787402
f 2281/3940/322 2285/3941/323 2286/3942/323 2284/3943/322 

vt -3.79457 0.274346
f 2281/3927/1 2282/3928/1 2285/3944/1

v 2.50652 1.29855 2.90647
vt -3.80001 1.10909
f 2285/3944/1 2282/3928/1 2287/3945/1

vt -1.42546 0
vt -1.29101 0
vt -1.29101 0.0787402
v 2.50652 1.29855 2.90847
vt -1.42546 0.0787402
f 2287/3946/324 2282/3947/321 2283/3948/321 2288/3949/324 

vt 3.79457 0.274346
vt 3.80001 1.10909
f 2283/3935/6 2286/3950/6 2288/3951/6

f 2283/3935/6 2284/3934/6 2286/3950/6

v 2.50794 1.28055 2.90847
vt 3.85589 0.40023
f 2288/3951/6 2286/3950/6 2289/3952/6

vt 1.90829 0
v 2.50794 1.28055 2.90647
vt 2.04832 0
vt 2.04832 0.0787402
vt 1.90829 0.0787402
f 2285/3953/323 2290/3954/325 2289/3955/325 2286/3956/323 

vt -3.85589 0.40023
f 2285/3944/1 2287/3945/1 2290/3957/1

v 2.508 1.29547 2.90647
vt -3.85831 0.987756
f 2290/3957/1 2287/3945/1 2291/3958/1

vt -0.780633 0
vt -0.646022 0
vt -0.646022 0.0787402
v 2.508 1.29547 2.90847
vt -0.780633 0.0787402
f 2291/3959/326 2287/3960/324 2288/3961/324 2292/3962/326 

vt 3.85831 0.987756
f 2288/3951/6 2289/3952/6 2292/3963/6

v 2.50887 1.28416 2.90847
vt 3.89268 0.542652
f 2292/3963/6 2289/3952/6 2293/3964/6

vt 1.35189 0
v 2.50887 1.28416 2.90647
vt 1.49899 0
vt 1.49899 0.0787402
vt 1.35189 0.0787402
f 2290/3965/325 2294/3966/327 2293/3967/327 2289/3968/325 

vt -3.89268 0.542652
f 2290/3957/1 2291/3958/1 2294/3969/1

v 2.50889 1.29202 2.90647
vt -3.89328 0.85193
f 2294/3969/1 2291/3958/1 2295/3970/1

vt -0.14592 0
vt -0.00566262 0
vt -0.00566262 0.0787402
v 2.50889 1.29202 2.90847
vt -0.14592 0.0787402
f 2295/3971/328 2291/3972/326 2292/3973/326 2296/3974/328 

vt 3.89328 0.85193
f 2292/3963/6 2293/3964/6 2296/3975/6

v 2.50919 1.2882 2.90847
vt 3.90494 0.701611
f 2296/3975/6 2293/3964/6 2297/3976/6

vt 0.840464 0
v 2.50919 1.2882 2.90647
vt 0.999895 0
vt 0.999895 0.0787402
vt 0.840464 0.0787402
f 2294/3977/327 2298/3978/329 2297/3979/329 2293/3980/327 

vt -3.90494 0.701611
f 2294/3969/1 2295/3970/1 2298/3981/1

vt 0.397534 0
vt 0.548304 0
vt 0.548304 0.0787402
vt 0.397534 0.0787402
f 2298/3982/329 2295/3983/328 2296/3984/328 2297/3985/329 

vt 2.17509 0
vt 2.3076 0
vt 2.3076 0.0787402
vt 2.17509 0.0787402
f 2234/3986/297 2236/3987/311 2239/3988/311 2235/3989/297 

g Mesh31 Group17 Model

v -2.06 0.455381 -1.49353
v -2.06 0.510279 -1.49353
v -2.04882 0.510279 -1.49353
v -2.04882 0.464707 -1.49353
v -2.02104 0.464707 -1.49353
v -2.02104 0.455381 -1.49353
f 2299/1/1 2300/2/1 2301/3/1 2302/4/1 2303/5/1 2304/6/1 

v -2.06 0.455381 -1.49153
v -2.06 0.510279 -1.49153
f 2300/7/2 2299/1/2 2305/8/2 2306/9/2 

v -2.02104 0.455381 -1.49153
f 2299/1/3 2304/10/3 2307/11/3 2305/8/3 

v -2.02104 0.464707 -1.49153
f 2304/1/4 2303/12/4 2308/13/4 2307/8/4 

v -2.04882 0.464707 -1.49153
f 2303/6/5 2302/14/5 2309/15/5 2308/16/5 

v -2.04882 0.510279 -1.49153
f 2302/12/4 2301/17/4 2310/18/4 2309/13/4 

f 2301/14/5 2300/1/5 2306/8/5 2310/15/5 

f 2306/2/6 2305/1/6 2307/10/6 2308/19/6 2309/20/6 2310/21/6 

g Mesh32 Group17 Model

v -1.98826 0.455381 -1.49353
vt -2.82428 0
v -1.99887 0.455381 -1.49353
vt -2.40659 0
v -1.99887 0.495365 -1.49353
vt -2.40659 1.57417
v -2.00521 0.490636 -1.49353
vt -2.15723 1.38799
v -2.01258 0.487323 -1.49353
vt -1.867 1.25755
v -2.01258 0.496951 -1.49353
vt -1.867 1.6366
v -2.00825 0.498919 -1.49353
vt -2.03757 1.71408
v -2.00355 0.502105 -1.49353
vt -2.22226 1.8395
v -1.99945 0.506216 -1.49353
vt -2.38392 2.00134
v -1.99687 0.510959 -1.49353
vt -2.48537 2.18808
v -1.98826 0.510959 -1.49353
vt -2.82428 2.18808
f 2311/3990/1 2312/3991/1 2313/3992/1 2314/3993/1 2315/3994/1 2316/3995/1 2317/3996/1 2318/3997/1 2319/3998/1 2320/3999/1 2321/4000/1 

vt 2.40659 0
vt 2.82428 0
v -1.98826 0.455381 -1.49153
vt 2.82428 0.0787402
v -1.99887 0.455381 -1.49153
vt 2.40659 0.0787402
f 2312/4001/3 2311/4002/3 2322/4003/3 2323/4004/3 

v -1.98826 0.510959 -1.49153
f 2311/1/4 2321/591/4 2324/592/4 2322/8/4 

vt -2.48537 0
v -1.99687 0.510959 -1.49153
vt -2.48537 0.0787402
vt -2.82428 0.0787402
f 2321/3990/5 2320/4005/5 2325/4006/5 2324/4007/5 

vt -3.10912 0
vt -2.89661 0
v -1.99945 0.506216 -1.49153
vt -2.89661 0.0787402
vt -3.10912 0.0787402
f 2320/4008/100 2319/4009/101 2326/4010/101 2325/4011/100 

vt -3.10069 0
vt -2.87195 0
v -2.00355 0.502105 -1.49153
vt -2.87195 0.0787402
vt -3.10069 0.0787402
f 2319/4012/101 2318/4013/102 2327/4014/102 2326/4015/101 

vt -2.87185 0
vt -2.64859 0
v -2.00825 0.498919 -1.49153
vt -2.64859 0.0787402
vt -2.87185 0.0787402
f 2318/4016/102 2317/4017/103 2328/4018/103 2327/4019/102 

vt -2.56405 0
vt -2.37671 0
v -2.01258 0.496951 -1.49153
vt -2.37671 0.0787402
vt -2.56405 0.0787402
f 2317/4020/103 2316/4021/104 2329/4022/104 2328/4023/103 

v -2.01258 0.487323 -1.49153
f 2316/612/2 2315/613/2 2330/614/2 2329/615/2 

vt 2.21843 0
vt 2.53662 0
v -2.00521 0.490636 -1.49153
vt 2.53662 0.0787402
vt 2.21843 0.0787402
f 2315/4024/105 2314/4025/106 2331/4026/106 2330/4027/105 

vt 2.55897 0
vt 2.87016 0
v -1.99887 0.495365 -1.49153
vt 2.87016 0.0787402
vt 2.55897 0.0787402
f 2314/4028/106 2313/4029/107 2332/4030/107 2331/4031/106 

f 2313/624/2 2312/1/2 2323/8/2 2332/625/2 

vt 2.82428 2.18808
vt 2.48537 2.18808
vt 2.38392 2.00134
vt 2.22226 1.8395
vt 2.03757 1.71408
vt 1.867 1.6366
vt 1.867 1.25755
vt 2.15723 1.38799
vt 2.40659 1.57417
f 2323/4001/6 2322/4002/6 2324/4032/6 2325/4033/6 2326/4034/6 2327/4035/6 2328/4036/6 2329/4037/6 2330/4038/6 2331/4039/6 2332/4040/6 

g Mesh33 Group18 Model

v 1.94 0.455381 -1.49353
v 1.94 0.510279 -1.49353
v 1.95118 0.510279 -1.49353
v 1.95118 0.464707 -1.49353
v 1.97896 0.464707 -1.49353
v 1.97896 0.455381 -1.49353
f 2333/1/1 2334/2/1 2335/3/1 2336/4/1 2337/5/1 2338/6/1 

v 1.94 0.455381 -1.49153
v 1.94 0.510279 -1.49153
f 2334/7/2 2333/1/2 2339/8/2 2340/9/2 

v 1.97896 0.455381 -1.49153
f 2333/1/3 2338/10/3 2341/11/3 2339/8/3 

v 1.97896 0.464707 -1.49153
f 2338/1/4 2337/12/4 2342/13/4 2341/8/4 

v 1.95118 0.464707 -1.49153
f 2337/6/5 2336/14/5 2343/15/5 2342/16/5 

v 1.95118 0.510279 -1.49153
f 2336/12/4 2335/17/4 2344/18/4 2343/13/4 

f 2335/14/5 2334/1/5 2340/8/5 2344/15/5 

f 2340/2/6 2339/1/6 2341/10/6 2342/19/6 2343/20/6 2344/21/6 

g Mesh34 Group18 Model

v 2.02042 0.465236 -1.49353
vt -3.16617 0.387967
v 2.02042 0.455381 -1.49353
vt -3.16617 0
v 1.98323 0.455381 -1.49353
vt -1.702 0
v 1.98444 0.460823 -1.49353
vt -1.74957 0.214237
v 1.98686 0.465972 -1.49353
vt -1.8447 0.416953
v 1.99135 0.471791 -1.49353
vt -2.02159 0.646055
v 1.99879 0.479243 -1.49353
vt -2.31443 0.939446
v 2.00758 0.488305 -1.49353
vt -2.66077 1.2962
v 2.00923 0.491571 -1.49353
vt -2.72543 1.42478
v 2.00977 0.494799 -1.49353
vt -2.74699 1.55187
v 2.0093 0.497937 -1.49353
vt -2.72822 1.67543
v 2.00787 0.500255 -1.49353
vt -2.67192 1.76666
v 2.0056 0.501685 -1.49353
vt -2.58255 1.82296
v 2.0026 0.502161 -1.49353
vt -2.46456 1.84173
v 1.99962 0.501661 -1.49353
vt -2.34713 1.82203
v 1.99731 0.50016 -1.49353
vt -2.25645 1.76295
v 1.99577 0.497499 -1.49353
vt -2.19551 1.65815
v 1.99505 0.493515 -1.49353
vt -2.16727 1.50133
v 1.98448 0.494572 -1.49353
vt -1.75106 1.54295
v 1.9852 0.498643 -1.49353
vt -1.77958 1.70321
v 1.98643 0.502095 -1.49353
vt -1.82798 1.83913
v 1.98817 0.504929 -1.49353
vt -1.89626 1.95071
v 1.9904 0.507145 -1.49353
vt -1.98443 2.03794
v 1.99305 0.508814 -1.49353
vt -2.08867 2.10363
v 1.99601 0.510005 -1.49353
vt -2.20517 2.15054
v 2.00286 0.510959 -1.49353
vt -2.47496 2.18808
v 2.00674 0.510683 -1.49353
vt -2.62761 2.17721
v 2.01018 0.509854 -1.49353
vt -2.76297 2.1446
v 2.01318 0.508474 -1.49353
vt -2.88105 2.09025
v 2.01574 0.506541 -1.49353
vt -2.98185 2.01416
v 2.01779 0.504198 -1.49353
vt -3.06249 1.92191
v 2.01925 0.501586 -1.49353
vt -3.12009 1.81906
v 2.02013 0.498704 -1.49353
vt -3.15465 1.70563
v 2.02042 0.495554 -1.49353
vt -3.16617 1.5816
v 2.02009 0.491906 -1.49353
vt -3.15298 1.43797
v 2.01908 0.488437 -1.49353
vt -3.1134 1.3014
v 2.01735 0.484978 -1.49353
vt -3.04521 1.1652
v 2.01483 0.481358 -1.49353
vt -2.94617 1.02269
v 2.00789 0.474297 -1.49353
vt -2.67266 0.744719
v 2.00152 0.468181 -1.49353
vt -2.42219 0.503912
v 1.99935 0.465236 -1.49353
vt -2.33672 0.387967
f 2345/4041/1 2346/4042/1 2347/4043/1 2348/4044/1 2349/4045/1 2350/4046/1 2351/4047/1 2352/4048/1 2353/4049/1 2354/4050/1 2355/4051/1 2356/4052/1 2357/4053/1 2358/4054/1 2359/4055/1 2360/4056/1 2361/4057/1 2362/4058/1 2363/4059/1 2364/4060/1 2365/4061/1 2366/4062/1 2367/4063/1 2368/4064/1 2369/4065/1 2370/4066/1 2371/4067/1 2372/4068/1 2373/4069/1 2374/4070/1 2375/4071/1 2376/4072/1 2377/4073/1 2378/4074/1 2379/4075/1 2380/4076/1 2381/4077/1 2382/4078/1 2383/4079/1 2384/4080/1 2385/4081/1 

v 2.02042 0.465236 -1.49153
v 2.02042 0.455381 -1.49153
f 2346/1/4 2345/676/4 2386/677/4 2387/8/4 

vt -2.33672 0
v 1.99935 0.465236 -1.49153
vt -2.33672 0.0787402
vt -3.16617 0.0787402
f 2345/4042/5 2385/4082/5 2388/4083/5 2386/4084/5 

vt 1.69884 0
vt 1.84288 0
v 2.00152 0.468181 -1.49153
vt 1.84288 0.0787402
vt 1.69884 0.0787402
f 2385/4085/108 2384/4086/109 2389/4087/109 2388/4088/108 

vt 2.09534 0
vt 2.44279 0
v 2.00789 0.474297 -1.49153
vt 2.44279 0.0787402
vt 2.09534 0.0787402
f 2384/4089/109 2383/4090/110 2390/4091/110 2389/4092/109 

vt 2.40535 0
vt 2.79532 0
v 2.01483 0.481358 -1.49153
vt 2.79532 0.0787402
vt 2.40535 0.0787402
f 2383/4093/110 2382/4094/111 2391/4095/111 2390/4096/110 

vt 2.52107 0
vt 2.69462 0
v 2.01735 0.484978 -1.49153
vt 2.69462 0.0787402
vt 2.52107 0.0787402
f 2382/4097/111 2381/4098/112 2392/4099/112 2391/4100/111 

vt 2.40525 0
vt 2.55756 0
v 2.01908 0.488437 -1.49153
vt 2.55756 0.0787402
vt 2.40525 0.0787402
f 2381/4101/112 2380/4102/113 2393/4103/113 2392/4104/112 

vt 2.11657 0
vt 2.25875 0
v 2.02009 0.491906 -1.49153
vt 2.25875 0.0787402
vt 2.11657 0.0787402
f 2380/4105/113 2379/4106/114 2394/4107/114 2393/4108/113 

vt 1.72033 0
vt 1.86456 0
v 2.02042 0.495554 -1.49153
vt 1.86456 0.0787402
vt 1.72033 0.0787402
f 2379/4109/114 2378/4110/115 2395/4111/115 2394/4112/114 

vt 1.282 0
vt 1.40656 0
v 2.02013 0.498704 -1.49153
vt 1.40656 0.0787402
vt 1.282 0.0787402
f 2378/4113/115 2377/4114/116 2396/4115/116 2395/4116/115 

vt 0.712186 0
vt 0.83077 0
v 2.01925 0.501586 -1.49153
vt 0.83077 0.0787402
vt 0.712186 0.0787402
f 2377/4117/116 2376/4118/117 2397/4119/117 2396/4120/116 

vt 0.0624543 0
vt 0.180331 0
v 2.01779 0.504198 -1.49153
vt 0.180331 0.0787402
vt 0.0624543 0.0787402
f 2376/4121/117 2375/4122/118 2398/4123/118 2397/4124/117 

vt -0.568502 0
vt -0.445972 0
v 2.01574 0.506541 -1.49153
vt -0.445972 0.0787402
vt -0.568502 0.0787402
f 2375/4125/118 2374/4126/119 2399/4127/119 2398/4128/118 

vt -1.16647 0
vt -1.04017 0
v 2.01318 0.508474 -1.49153
vt -1.04017 0.0787402
vt -1.16647 0.0787402
f 2374/4129/119 2373/4130/120 2400/4131/120 2399/4132/119 

vt -1.74319 0
vt -1.6132 0
v 2.01018 0.509854 -1.49153
vt -1.6132 0.0787402
vt -1.74319 0.0787402
f 2373/4133/120 2372/4134/121 2401/4135/121 2400/4136/120 

vt -2.18385 0
vt -2.04461 0
v 2.00674 0.510683 -1.49153
vt -2.04461 0.0787402
vt -2.18385 0.0787402
f 2372/4137/121 2371/4138/122 2402/4139/122 2401/4140/121 

vt -2.46632 0
vt -2.31329 0
v 2.00286 0.510959 -1.49153
vt -2.31329 0.0787402
vt -2.46632 0.0787402
f 2371/4141/122 2370/4142/123 2403/4143/123 2402/4144/122 

vt -2.75285 0
vt -2.48046 0
v 1.99601 0.510005 -1.49153
vt -2.48046 0.0787402
vt -2.75285 0.0787402
f 2370/4145/123 2369/4146/124 2404/4147/124 2403/4148/123 

vt -2.84888 0
vt -2.72329 0
v 1.99305 0.508814 -1.49153
vt -2.72329 0.0787402
vt -2.84888 0.0787402
f 2369/4149/124 2368/4150/125 2405/4151/125 2404/4152/124 

vt -2.88858 0
vt -2.76537 0
v 1.9904 0.507145 -1.49153
vt -2.76537 0.0787402
vt -2.88858 0.0787402
f 2368/4153/125 2367/4154/126 2406/4155/126 2405/4156/125 

vt -2.84401 0
vt -2.71998 0
v 1.98817 0.504929 -1.49153
vt -2.71998 0.0787402
vt -2.84401 0.0787402
f 2367/4157/126 2366/4158/127 2407/4159/127 2406/4160/126 

vt -2.65369 0
vt -2.52288 0
v 1.98643 0.502095 -1.49153
vt -2.52288 0.0787402
vt -2.65369 0.0787402
f 2366/4161/127 2365/4162/128 2408/4163/128 2407/4164/127 

vt -2.3458 0
vt -2.20152 0
v 1.9852 0.498643 -1.49153
vt -2.20152 0.0787402
vt -2.3458 0.0787402
f 2365/4165/128 2364/4166/129 2409/4167/129 2408/4168/128 

vt -1.98867 0
vt -1.8259 0
v 1.98448 0.494572 -1.49153
vt -1.8259 0.0787402
vt -1.98867 0.0787402
f 2364/4169/129 2363/4170/130 2410/4171/130 2409/4172/129 

vt 1.58884 0
vt 2.00712 0
v 1.99505 0.493515 -1.49153
vt 2.00712 0.0787402
vt 1.58884 0.0787402
f 2363/4173/131 2362/4174/131 2411/4175/131 2410/4176/131 

vt 1.86169 0
vt 2.02104 0
v 1.99577 0.497499 -1.49153
vt 2.02104 0.0787402
vt 1.86169 0.0787402
f 2362/4177/132 2361/4178/133 2412/4179/133 2411/4180/132 

vt 2.53712 0
vt 2.65835 0
v 1.99731 0.50016 -1.49153
vt 2.65835 0.0787402
vt 2.53712 0.0787402
f 2361/4181/133 2360/4182/134 2413/4183/134 2412/4184/133 

vt 2.85298 0
vt 2.96121 0
v 1.99962 0.501661 -1.49153
vt 2.96121 0.0787402
vt 2.85298 0.0787402
f 2360/4185/134 2359/4186/135 2414/4187/135 2413/4188/134 

vt 2.61618 0
vt 2.73525 0
v 2.0026 0.502161 -1.49153
vt 2.73525 0.0787402
vt 2.61618 0.0787402
f 2359/4189/135 2358/4190/136 2415/4191/136 2414/4192/135 

vt 2.14466 0
vt 2.26414 0
v 2.0056 0.501685 -1.49153
vt 2.26414 0.0787402
vt 2.14466 0.0787402
f 2358/4193/136 2357/4194/137 2416/4195/137 2415/4196/136 

vt 1.21349 0
vt 1.31912 0
v 2.00787 0.500255 -1.49153
vt 1.31912 0.0787402
vt 1.21349 0.0787402
f 2357/4197/137 2356/4198/138 2417/4199/138 2416/4200/137 

vt -0.100245 0
vt 0.00696041 0
v 2.0093 0.497937 -1.49153
vt 0.00696041 0.0787402
vt -0.100245 0.0787402
f 2356/4201/138 2355/4202/139 2418/4203/139 2417/4204/138 

vt -1.24677 0
vt -1.1218 0
v 2.00977 0.494799 -1.49153
vt -1.1218 0.0787402
vt -1.24677 0.0787402
f 2355/4205/139 2354/4206/140 2419/4207/140 2418/4208/139 

vt -1.98933 0
vt -1.86042 0
v 2.00923 0.491571 -1.49153
vt -1.86042 0.0787402
vt -1.98933 0.0787402
f 2354/4209/140 2353/4210/141 2420/4211/141 2419/4212/140 

vt -2.49736 0
vt -2.35344 0
v 2.00758 0.488305 -1.49153
vt -2.35344 0.0787402
vt -2.49736 0.0787402
f 2353/4213/141 2352/4214/142 2421/4215/142 2420/4216/141 

vt -2.78342 0
vt -2.2862 0
v 1.99879 0.479243 -1.49153
vt -2.2862 0.0787402
vt -2.78342 0.0787402
f 2352/4217/142 2351/4218/143 2422/4219/143 2421/4220/142 

vt -2.29991 0
vt -1.88539 0
v 1.99135 0.471791 -1.49153
vt -1.88539 0.0787402
vt -2.29991 0.0787402
f 2351/4221/143 2350/4222/144 2423/4223/144 2422/4224/143 

vt -1.74684 0
vt -1.45739 0
v 1.98686 0.465972 -1.49153
vt -1.45739 0.0787402
vt -1.74684 0.0787402
f 2350/4225/144 2349/4226/145 2424/4227/145 2423/4228/144 

vt -1.16116 0
vt -0.937226 0
v 1.98444 0.460823 -1.49153
vt -0.937226 0.0787402
vt -1.16116 0.0787402
f 2349/4229/145 2348/4230/146 2425/4231/146 2424/4232/145 

vt -0.588364 0
vt -0.36891 0
v 1.98323 0.455381 -1.49153
vt -0.36891 0.0787402
vt -0.588364 0.0787402
f 2348/4233/146 2347/4234/147 2426/4235/147 2425/4236/146 

vt 1.702 0
vt 3.16617 0
vt 3.16617 0.0787402
vt 1.702 0.0787402
f 2347/4237/3 2346/4238/3 2387/4239/3 2426/4240/3 

vt 3.16617 0.387967
vt 2.33672 0.387967
vt 2.42219 0.503912
vt 2.67266 0.744719
vt 2.94617 1.02269
vt 3.04521 1.1652
vt 3.1134 1.3014
vt 3.15298 1.43797
vt 3.16617 1.5816
vt 3.15465 1.70563
vt 3.12009 1.81906
vt 3.06249 1.92191
vt 2.98185 2.01416
vt 2.88105 2.09025
vt 2.76297 2.1446
vt 2.62761 2.17721
vt 2.47496 2.18808
vt 2.20517 2.15054
vt 2.08867 2.10363
vt 1.98443 2.03794
vt 1.89626 1.95071
vt 1.82798 1.83913
vt 1.77958 1.70321
vt 1.75106 1.54295
vt 2.16727 1.50133
vt 2.19551 1.65815
vt 2.25645 1.76295
vt 2.34713 1.82203
vt 2.46456 1.84173
vt 2.58255 1.82296
vt 2.67192 1.76666
vt 2.72822 1.67543
vt 2.74699 1.55187
vt 2.72543 1.42478
vt 2.66077 1.2962
vt 2.31443 0.939446
vt 2.02159 0.646055
vt 1.8447 0.416953
vt 1.74957 0.214237
f 2387/4238/6 2386/4241/6 2388/4242/6 2389/4243/6 2390/4244/6 2391/4245/6 2392/4246/6 2393/4247/6 2394/4248/6 2395/4249/6 2396/4250/6 2397/4251/6 2398/4252/6 2399/4253/6 2400/4254/6 2401/4255/6 2402/4256/6 2403/4257/6 2404/4258/6 2405/4259/6 2406/4260/6 2407/4261/6 2408/4262/6 2409/4263/6 2410/4264/6 2411/4265/6 2412/4266/6 2413/4267/6 2414/4268/6 2415/4269/6 2416/4270/6 2417/4271/6 2418/4272/6 2419/4273/6 2420/4274/6 2421/4275/6 2422/4276/6 2423/4277/6 2424/4278/6 2425/4279/6 2426/4237/6 

g Mesh35 Group19 Model

v -2.06 0.455381 1.50647
v -2.06 0.510279 1.50647
v -2.04882 0.510279 1.50647
v -2.04882 0.464707 1.50647
v -2.02104 0.464707 1.50647
v -2.02104 0.455381 1.50647
f 2427/1/1 2428/2/1 2429/3/1 2430/4/1 2431/5/1 2432/6/1 

v -2.06 0.455381 1.50847
v -2.06 0.510279 1.50847
f 2428/7/2 2427/1/2 2433/8/2 2434/9/2 

v -2.02104 0.455381 1.50847
f 2427/1/3 2432/10/3 2435/11/3 2433/8/3 

v -2.02104 0.464707 1.50847
f 2432/1/4 2431/12/4 2436/13/4 2435/8/4 

v -2.04882 0.464707 1.50847
f 2431/6/5 2430/14/5 2437/15/5 2436/16/5 

v -2.04882 0.510279 1.50847
f 2430/12/4 2429/17/4 2438/18/4 2437/13/4 

f 2429/14/5 2428/1/5 2434/8/5 2438/15/5 

f 2434/2/6 2433/1/6 2435/10/6 2436/19/6 2437/20/6 2438/21/6 

g Mesh36 Group19 Model

v -2.01579 0.470069 1.50647
vt -1.74065 0.578235
v -2.00552 0.471315 1.50647
vt -2.14497 0.627288
v -2.00461 0.46785 1.50647
vt -2.18064 0.490905
v -2.00287 0.465311 1.50647
vt -2.24902 0.39094
v -2.0005 0.463754 1.50647
vt -2.34267 0.329623
v -1.99766 0.463235 1.50647
vt -2.45415 0.309185
v -1.99464 0.463858 1.50647
vt -2.57326 0.333711
v -1.99213 0.465727 1.50647
vt -2.67192 0.407291
v -1.99045 0.468653 1.50647
vt -2.73825 0.522492
v -1.98989 0.472447 1.50647
vt -2.76036 0.671882
v -1.99042 0.476034 1.50647
vt -2.73918 0.813096
v -1.99204 0.47879 1.50647
vt -2.67564 0.921608
v -1.99443 0.480546 1.50647
vt -2.58162 0.990729
v -1.99729 0.481131 1.50647
vt -2.46902 1.01377
v -2.00216 0.480338 1.50647
vt -2.27726 0.982553
v -2.00099 0.488985 1.50647
vt -2.32334 1.32295
v -1.99719 0.489395 1.50647
vt -2.47273 1.33912
v -1.99442 0.490853 1.50647
vt -2.58199 1.39653
v -1.99272 0.493161 1.50647
vt -2.64888 1.48739
v -1.99215 0.49612 1.50647
vt -2.67118 1.6039
v -1.99257 0.498631 1.50647
vt -2.65483 1.70275
v -1.99381 0.500576 1.50647
vt -2.60577 1.7793
v -1.99575 0.501822 1.50647
vt -2.52959 1.82835
v -1.99823 0.502237 1.50647
vt -2.43186 1.8447
v -2.00075 0.501765 1.50647
vt -2.33263 1.82612
v -2.00287 0.500349 1.50647
vt -2.24902 1.77038
v -2.00442 0.498027 1.50647
vt -2.18808 1.67896
v -2.00522 0.494837 1.50647
vt -2.15686 1.55336
v -2.01499 0.496498 1.50647
vt -1.77187 1.61876
v -2.01372 0.501015 1.50647
vt -1.82222 1.79658
v -2.01192 0.504521 1.50647
vt -1.89301 1.93463
v -2.00945 0.507202 1.50647
vt -1.99 2.04017
v -2.00618 0.509241 1.50647
vt -2.11896 2.12044
v -2.00228 0.510529 1.50647
vt -2.27262 2.17117
v -1.99793 0.510959 1.50647
vt -2.44375 2.18808
v -1.99421 0.510647 1.50647
vt -2.58998 2.17581
v -1.99089 0.509713 1.50647
vt -2.72097 2.13902
v -1.98795 0.508155 1.50647
vt -2.83673 2.07771
v -1.98539 0.505975 1.50647
vt -2.93725 1.99186
v -1.98248 0.501633 1.50647
vt -3.05208 1.82092
v -1.9815 0.496762 1.50647
vt -3.09036 1.62917
v -1.982 0.493303 1.50647
vt -3.07076 1.49297
v -1.9835 0.490212 1.50647
vt -3.01195 1.37126
v -1.98599 0.487488 1.50647
vt -2.91394 1.26405
v -1.98947 0.485133 1.50647
vt -2.77672 1.17133
v -1.98519 0.483482 1.50647
vt -2.94524 1.1063
v -1.98186 0.480565 1.50647
vt -3.07624 0.991472
v -1.97973 0.476648 1.50647
vt -3.16041 0.837251
v -1.97901 0.471994 1.50647
vt -3.18847 0.654044
v -1.97935 0.468485 1.50647
vt -3.17537 0.515896
v -1.98034 0.465245 1.50647
vt -3.13607 0.388339
v -1.98201 0.462274 1.50647
vt -3.07057 0.271373
v -1.98434 0.459572 1.50647
vt -2.97888 0.164998
v -1.98716 0.457326 1.50647
vt -2.86767 0.0765526
v -1.99031 0.455721 1.50647
vt -2.74364 0.0133779
v -1.99379 0.454759 1.50647
vt -2.60679 -0.0245268
v -1.99759 0.454438 1.50647
vt -2.45713 -0.0371616
v -2.00119 0.454708 1.50647
vt -2.31554 -0.0265242
v -2.00446 0.455518 1.50647
vt -2.18659 0.00538822
v -2.00742 0.456869 1.50647
vt -2.07027 0.0585758
v -2.01005 0.458761 1.50647
vt -1.96659 0.133039
v -2.01226 0.461089 1.50647
vt -1.87945 0.224689
v -2.01396 0.463749 1.50647
vt -1.81274 0.329438
v -2.01513 0.466743 1.50647
vt -1.76648 0.447286
f 2439/4280/1 2440/4281/1 2441/4282/1 2442/4283/1 2443/4284/1 2444/4285/1 2445/4286/1 2446/4287/1 2447/4288/1 2448/4289/1 2449/4290/1 2450/4291/1 2451/4292/1 2452/4293/1 2453/4294/1 2454/4295/1 2455/4296/1 2456/4297/1 2457/4298/1 2458/4299/1 2459/4300/1 2460/4301/1 2461/4302/1 2462/4303/1 2463/4304/1 2464/4305/1 2465/4306/1 2466/4307/1 2467/4308/1 2468/4309/1 2469/4310/1 2470/4311/1 2471/4312/1 2472/4313/1 2473/4314/1 2474/4315/1 2475/4316/1 2476/4317/1 2477/4318/1 2478/4319/1 2479/4320/1 2480/4321/1 2481/4322/1 2482/4323/1 2483/4324/1 2484/4325/1 2485/4326/1 2486/4327/1 2487/4328/1 2488/4329/1 2489/4330/1 2490/4331/1 2491/4332/1 2492/4333/1 2493/4334/1 2494/4335/1 2495/4336/1 2496/4337/1 2497/4338/1 2498/4339/1 2499/4340/1 2500/4341/1 2501/4342/1 2502/4343/1 

vt -2.20491 0
vt -1.79762 0
v -2.01579 0.470069 1.50847
vt -1.79762 0.0787402
v -2.00552 0.471315 1.50847
vt -2.20491 0.0787402
f 2440/4344/148 2439/4345/148 2503/4346/148 2504/4347/148 

vt -0.230482 0
vt -0.097011 0
v -2.01513 0.466743 1.50847
vt -0.097011 0.0787402
vt -0.230482 0.0787402
f 2439/4348/149 2502/4349/150 2505/4350/150 2503/4351/149 

vt 0.229184 0
vt 0.355789 0
v -2.01396 0.463749 1.50847
vt 0.355789 0.0787402
vt 0.229184 0.0787402
f 2502/4352/150 2501/4353/151 2506/4354/151 2505/4355/150 

vt 0.695823 0
vt 0.820008 0
v -2.01226 0.461089 1.50847
vt 0.820008 0.0787402
vt 0.695823 0.0787402
f 2501/4356/151 2500/4357/152 2507/4358/152 2506/4359/151 

vt 1.13224 0
vt 1.2587 0
v -2.01005 0.458761 1.50847
vt 1.2587 0.0787402
vt 1.13224 0.0787402
f 2500/4360/152 2499/4361/153 2508/4362/153 2507/4363/152 

vt 1.51972 0
vt 1.64737 0
v -2.00742 0.456869 1.50847
vt 1.64737 0.0787402
vt 1.51972 0.0787402
f 2499/4364/153 2498/4365/154 2509/4366/154 2508/4367/153 

vt 1.85841 0
vt 1.98631 0
v -2.00446 0.455518 1.50847
vt 1.98631 0.0787402
vt 1.85841 0.0787402
f 2498/4368/154 2497/4369/155 2510/4370/155 2509/4371/154 

vt 2.12126 0
vt 2.2541 0
v -2.00119 0.454708 1.50847
vt 2.2541 0.0787402
vt 2.12126 0.0787402
f 2497/4372/155 2496/4373/156 2511/4374/156 2510/4375/155 

vt 2.31102 0
vt 2.453 0
v -1.99759 0.454438 1.50847
vt 2.453 0.0787402
vt 2.31102 0.0787402
f 2496/4376/156 2495/4377/157 2512/4378/157 2511/4379/156 

vt 2.44529 0
vt 2.59549 0
v -1.99379 0.454759 1.50847
vt 2.59549 0.0787402
vt 2.44529 0.0787402
f 2495/4380/157 2494/4381/158 2513/4382/158 2512/4383/157 

vt 2.50566 0
vt 2.64766 0
v -1.99031 0.455721 1.50847
vt 2.64766 0.0787402
vt 2.50566 0.0787402
f 2494/4384/158 2493/4385/159 2514/4386/159 2513/4387/158 

vt 2.45083 0
vt 2.59002 0
v -1.98716 0.457326 1.50847
vt 2.59002 0.0787402
vt 2.45083 0.0787402
f 2493/4388/159 2492/4389/160 2515/4390/160 2514/4391/159 

vt 2.29204 0
vt 2.43412 0
v -1.98434 0.459572 1.50847
vt 2.43412 0.0787402
vt 2.29204 0.0787402
f 2492/4392/160 2491/4393/161 2516/4394/161 2515/4395/160 

vt 2.06992 0
vt 2.21037 0
v -1.98201 0.462274 1.50847
vt 2.21037 0.0787402
vt 2.06992 0.0787402
f 2491/4396/161 2490/4397/162 2517/4398/162 2516/4399/161 

vt 1.73701 0
vt 1.87106 0
v -1.98034 0.465245 1.50847
vt 1.87106 0.0787402
vt 1.73701 0.0787402
f 2490/4400/162 2489/4401/163 2518/4402/163 2517/4403/162 

vt 1.29447 0
vt 1.42794 0
v -1.97935 0.468485 1.50847
vt 1.42794 0.0787402
vt 1.29447 0.0787402
f 2489/4404/163 2488/4405/164 2519/4406/164 2518/4407/163 

vt 0.813339 0
vt 0.952107 0
v -1.97901 0.471994 1.50847
vt 0.952107 0.0787402
vt 0.813339 0.0787402
f 2488/4408/164 2487/4409/165 2520/4410/165 2519/4411/164 

vt 0.163842 0
vt 0.349185 0
v -1.97973 0.476648 1.50847
vt 0.349185 0.0787402
vt 0.163842 0.0787402
f 2487/4412/165 2486/4413/166 2521/4414/166 2520/4415/165 

vt -0.779157 0
vt -0.603461 0
v -1.98186 0.480565 1.50847
vt -0.603461 0.0787402
vt -0.779157 0.0787402
f 2486/4416/166 2485/4417/167 2522/4418/167 2521/4419/166 

vt -1.65971 0
vt -1.48551 0
v -1.98519 0.483482 1.50847
vt -1.48551 0.0787402
vt -1.65971 0.0787402
f 2485/4420/167 2484/4421/168 2523/4422/168 2522/4423/167 

vt -2.34948 0
vt -2.16884 0
v -1.98947 0.485133 1.50847
vt -2.16884 0.0787402
vt -2.34948 0.0787402
f 2484/4424/168 2483/4425/169 2524/4426/169 2523/4427/168 

vt 2.95653 0
vt 3.12214 0
v -1.98599 0.487488 1.50847
vt 3.12214 0.0787402
vt 2.95653 0.0787402
f 2483/4428/170 2482/4429/171 2525/4430/171 2524/4431/170 

vt 2.89909 0
vt 3.04435 0
v -1.9835 0.490212 1.50847
vt 3.04435 0.0787402
vt 2.89909 0.0787402
f 2482/4432/171 2481/4433/172 2526/4434/172 2525/4435/171 

vt 2.5451 0
vt 2.68027 0
v -1.982 0.493303 1.50847
vt 2.68027 0.0787402
vt 2.5451 0.0787402
f 2481/4436/172 2480/4437/173 2527/4438/173 2526/4439/172 

vt 1.9152 0
vt 2.0528 0
v -1.9815 0.496762 1.50847
vt 2.0528 0.0787402
vt 1.9152 0.0787402
f 2480/4440/173 2479/4441/174 2528/4442/174 2527/4443/173 

vt 0.99271 0
vt 1.18825 0
v -1.98248 0.501633 1.50847
vt 1.18825 0.0787402
vt 0.99271 0.0787402
f 2479/4444/174 2478/4445/175 2529/4446/175 2528/4447/174 

vt -0.190333 0
vt 0.0155978 0
v -1.98539 0.505975 1.50847
vt 0.0155978 0.0787402
vt -0.190333 0.0787402
f 2478/4448/175 2477/4449/176 2530/4450/176 2529/4451/175 

vt -0.940102 0
vt -0.807913 0
v -1.98795 0.508155 1.50847
vt -0.807913 0.0787402
vt -0.940102 0.0787402
f 2477/4452/176 2476/4453/177 2531/4454/177 2530/4455/176 

vt -1.53423 0
vt -1.40324 0
v -1.99089 0.509713 1.50847
vt -1.40324 0.0787402
vt -1.53423 0.0787402
f 2476/4456/177 2475/4457/178 2532/4458/178 2531/4459/177 

vt -2.04125 0
vt -1.90519 0
v -1.99421 0.510647 1.50847
vt -1.90519 0.0787402
vt -2.04125 0.0787402
f 2475/4460/178 2474/4461/179 2533/4462/179 2532/4463/178 

vt -2.39909 0
vt -2.25235 0
v -1.99793 0.510959 1.50847
vt -2.25235 0.0787402
vt -2.39909 0.0787402
f 2474/4464/179 2473/4465/180 2534/4466/180 2533/4467/179 

vt -2.64705 0
vt -2.47509 0
v -2.00228 0.510529 1.50847
vt -2.47509 0.0787402
vt -2.64705 0.0787402
f 2473/4468/180 2472/4469/181 2535/4470/181 2534/4471/180 

vt -2.83867 0
vt -2.67685 0
v -2.00618 0.509241 1.50847
vt -2.67685 0.0787402
vt -2.83867 0.0787402
f 2472/4472/181 2471/4473/182 2536/4474/182 2535/4475/181 

vt -2.91947 0
vt -2.76758 0
v -2.00945 0.507202 1.50847
vt -2.76758 0.0787402
vt -2.91947 0.0787402
f 2471/4476/182 2470/4477/183 2537/4478/183 2536/4479/182 

vt -2.84873 0
vt -2.70539 0
v -2.01192 0.504521 1.50847
vt -2.70539 0.0787402
vt -2.84873 0.0787402
f 2470/4480/183 2469/4481/184 2538/4482/184 2537/4483/183 

vt -2.58526 0
vt -2.43011 0
v -2.01372 0.501015 1.50847
vt -2.43011 0.0787402
vt -2.58526 0.0787402
f 2469/4484/184 2468/4485/185 2539/4486/185 2538/4487/184 

vt -2.22509 0
vt -2.04028 0
v -2.01499 0.496498 1.50847
vt -2.04028 0.0787402
vt -2.22509 0.0787402
f 2468/4488/185 2467/4489/186 2540/4490/186 2539/4491/185 

vt 1.47572 0
vt 1.86623 0
v -2.00522 0.494837 1.50847
vt 1.86623 0.0787402
vt 1.47572 0.0787402
f 2467/4492/187 2466/4493/187 2541/4494/187 2540/4495/187 

vt 2.0277 0
vt 2.15713 0
v -2.00442 0.498027 1.50847
vt 2.15713 0.0787402
vt 2.0277 0.0787402
f 2466/4496/188 2465/4497/189 2542/4498/189 2541/4499/188 

vt 2.61071 0
vt 2.72058 0
v -2.00287 0.500349 1.50847
vt 2.72058 0.0787402
vt 2.61071 0.0787402
f 2465/4500/189 2464/4501/190 2543/4502/190 2542/4503/189 

vt 2.85333 0
vt 2.95382 0
v -2.00075 0.501765 1.50847
vt 2.95382 0.0787402
vt 2.85333 0.0787402
f 2464/4504/190 2463/4505/191 2544/4506/191 2543/4507/190 

vt 2.6289 0
vt 2.72985 0
v -1.99823 0.502237 1.50847
vt 2.72985 0.0787402
vt 2.6289 0.0787402
f 2463/4508/191 2462/4509/192 2545/4510/192 2544/4511/191 

vt 2.09413 0
vt 2.19323 0
v -1.99575 0.501822 1.50847
vt 2.19323 0.0787402
vt 2.09413 0.0787402
f 2462/4512/192 2461/4513/193 2546/4514/193 2545/4515/192 

vt 1.13699 0
vt 1.2276 0
v -1.99381 0.500576 1.50847
vt 1.2276 0.0787402
vt 1.13699 0.0787402
f 2461/4516/193 2460/4517/194 2547/4518/194 2546/4519/193 

vt -0.09226 0
vt -0.00133927 0
v -1.99257 0.498631 1.50847
vt -0.00133927 0.0787402
vt -0.09226 0.0787402
f 2460/4520/194 2459/4521/195 2548/4522/195 2547/4523/194 

vt -1.24666 0
vt -1.14647 0
v -1.99215 0.49612 1.50847
vt -1.14647 0.0787402
vt -1.24666 0.0787402
f 2459/4524/195 2458/4525/196 2549/4526/196 2548/4527/195 

vt -2.07742 0
vt -1.9588 0
v -1.99272 0.493161 1.50847
vt -1.9588 0.0787402
vt -2.07742 0.0787402
f 2458/4528/196 2457/4529/197 2550/4530/197 2549/4531/196 

vt -2.76823 0
vt -2.6554 0
v -1.99442 0.490853 1.50847
vt -2.6554 0.0787402
vt -2.76823 0.0787402
f 2457/4532/197 2456/4533/198 2551/4534/198 2550/4535/197 

vt -2.93526 0
vt -2.81184 0
v -1.99719 0.489395 1.50847
vt -2.81184 0.0787402
vt -2.93526 0.0787402
f 2456/4536/198 2455/4537/199 2552/4538/199 2551/4539/198 

vt -2.60245 0
vt -2.45218 0
v -2.00099 0.488985 1.50847
vt -2.45218 0.0787402
vt -2.60245 0.0787402
f 2455/4540/199 2454/4541/200 2553/4542/200 2552/4543/199 

vt -1.62267 0
vt -1.27916 0
v -2.00216 0.480338 1.50847
vt -1.27916 0.0787402
vt -1.62267 0.0787402
f 2454/4544/201 2453/4545/201 2554/4546/201 2553/4547/201 

vt 2.40555 0
vt 2.59983 0
v -1.99729 0.481131 1.50847
vt 2.59983 0.0787402
vt 2.40555 0.0787402
f 2453/4548/202 2452/4549/203 2555/4550/203 2554/4551/202 

vt 2.21567 0
vt 2.33061 0
v -1.99443 0.480546 1.50847
vt 2.33061 0.0787402
vt 2.21567 0.0787402
f 2452/4552/203 2451/4553/204 2556/4554/204 2555/4555/203 

vt 1.49316 0
vt 1.60985 0
v -1.99204 0.47879 1.50847
vt 1.60985 0.0787402
vt 1.49316 0.0787402
f 2451/4556/204 2450/4557/205 2557/4558/205 2556/4559/204 

vt 0.556835 0
vt 0.682585 0
v -1.99042 0.476034 1.50847
vt 0.682585 0.0787402
vt 0.556835 0.0787402
f 2450/4560/205 2449/4561/206 2558/4562/206 2557/4563/205 

vt -0.397771 0
vt -0.254977 0
v -1.98989 0.472447 1.50847
vt -0.254977 0.0787402
vt -0.397771 0.0787402
f 2449/4564/206 2448/4565/207 2559/4566/207 2558/4567/206 

vt -1.0688 0
vt -0.91778 0
v -1.99045 0.468653 1.50847
vt -0.91778 0.0787402
vt -1.0688 0.0787402
f 2448/4568/207 2447/4569/208 2560/4570/208 2559/4571/207 

vt -1.81917 0
vt -1.68624 0
v -1.99213 0.465727 1.50847
vt -1.68624 0.0787402
vt -1.81917 0.0787402
f 2447/4572/208 2446/4573/209 2561/4574/209 2560/4575/208 

vt -2.38537 0
vt -2.26229 0
v -1.99464 0.463858 1.50847
vt -2.26229 0.0787402
vt -2.38537 0.0787402
f 2446/4576/209 2445/4577/210 2562/4578/210 2561/4579/209 

vt -2.58768 0
vt -2.46608 0
v -1.99766 0.463235 1.50847
vt -2.46608 0.0787402
vt -2.58768 0.0787402
f 2445/4580/210 2444/4581/211 2563/4582/211 2562/4583/210 

vt -2.35817 0
vt -2.24482 0
v -2.0005 0.463754 1.50847
vt -2.24482 0.0787402
vt -2.35817 0.0787402
f 2444/4584/211 2443/4585/212 2564/4586/212 2563/4587/211 

vt -1.77936 0
vt -1.66742 0
v -2.00287 0.465311 1.50847
vt -1.66742 0.0787402
vt -1.77936 0.0787402
f 2443/4588/212 2442/4589/213 2565/4590/213 2564/4591/212 

vt -0.947065 0
vt -0.825952 0
v -2.00461 0.46785 1.50847
vt -0.825952 0.0787402
vt -0.947065 0.0787402
f 2442/4592/213 2441/4593/214 2566/4594/214 2565/4595/213 

vt -0.076919 0
vt 0.0640529 0
vt 0.0640529 0.0787402
vt -0.076919 0.0787402
f 2441/4596/214 2440/4597/215 2504/4598/215 2566/4599/214 

vt 2.14497 0.627288
vt 1.74065 0.578235
vt 1.76648 0.447286
vt 1.81274 0.329438
vt 1.87945 0.224689
vt 1.96659 0.133039
vt 2.07027 0.0585758
vt 2.18659 0.00538822
vt 2.31554 -0.0265242
vt 2.45713 -0.0371616
vt 2.60679 -0.0245268
vt 2.74364 0.0133779
vt 2.86767 0.0765526
vt 2.97888 0.164998
vt 3.07057 0.271373
vt 3.13607 0.388339
vt 3.17537 0.515896
vt 3.18847 0.654044
vt 3.16041 0.837251
vt 3.07624 0.991472
vt 2.94524 1.1063
vt 2.77672 1.17133
vt 2.91394 1.26405
vt 3.01195 1.37126
vt 3.07076 1.49297
vt 3.09036 1.62917
vt 3.05208 1.82092
vt 2.93725 1.99186
vt 2.83673 2.07771
vt 2.72097 2.13902
vt 2.58998 2.17581
vt 2.44375 2.18808
vt 2.27262 2.17117
vt 2.11896 2.12044
vt 1.99 2.04017
vt 1.89301 1.93463
vt 1.82222 1.79658
vt 1.77187 1.61876
vt 2.15686 1.55336
vt 2.18808 1.67896
vt 2.24902 1.77038
vt 2.33263 1.82612
vt 2.43186 1.8447
vt 2.52959 1.82835
vt 2.60577 1.7793
vt 2.65483 1.70275
vt 2.67118 1.6039
vt 2.64888 1.48739
vt 2.58199 1.39653
vt 2.47273 1.33912
vt 2.32334 1.32295
vt 2.27726 0.982553
vt 2.46902 1.01377
vt 2.58162 0.990729
vt 2.67564 0.921608
vt 2.73918 0.813096
vt 2.76036 0.671882
vt 2.73825 0.522492
vt 2.67192 0.407291
vt 2.57326 0.333711
vt 2.45415 0.309185
vt 2.34267 0.329623
vt 2.24902 0.39094
vt 2.18064 0.490905
f 2504/4600/6 2503/4601/6 2505/4602/6 2506/4603/6 2507/4604/6 2508/4605/6 2509/4606/6 2510/4607/6 2511/4608/6 2512/4609/6 2513/4610/6 2514/4611/6 2515/4612/6 2516/4613/6 2517/4614/6 2518/4615/6 2519/4616/6 2520/4617/6 2521/4618/6 2522/4619/6 2523/4620/6 2524/4621/6 2525/4622/6 2526/4623/6 2527/4624/6 2528/4625/6 2529/4626/6 2530/4627/6 2531/4628/6 2532/4629/6 2533/4630/6 2534/4631/6 2535/4632/6 2536/4633/6 2537/4634/6 2538/4635/6 2539/4636/6 2540/4637/6 2541/4638/6 2542/4639/6 2543/4640/6 2544/4641/6 2545/4642/6 2546/4643/6 2547/4644/6 2548/4645/6 2549/4646/6 2550/4647/6 2551/4648/6 2552/4649/6 2553/4650/6 2554/4651/6 2555/4652/6 2556/4653/6 2557/4654/6 2558/4655/6 2559/4656/6 2560/4657/6 2561/4658/6 2562/4659/6 2563/4660/6 2564/4661/6 2565/4662/6 2566/4663/6 

g Mesh37 Group20 Model

v 1.94 0.455381 1.50647
v 1.94 0.510279 1.50647
v 1.95118 0.510279 1.50647
v 1.95118 0.464707 1.50647
v 1.97896 0.464707 1.50647
v 1.97896 0.455381 1.50647
f 2567/1/1 2568/2/1 2569/3/1 2570/4/1 2571/5/1 2572/6/1 

v 1.94 0.455381 1.50847
v 1.94 0.510279 1.50847
f 2568/7/2 2567/1/2 2573/8/2 2574/9/2 

v 1.97896 0.455381 1.50847
f 2567/1/3 2572/10/3 2575/11/3 2573/8/3 

v 1.97896 0.464707 1.50847
f 2572/1/4 2571/12/4 2576/13/4 2575/8/4 

v 1.95118 0.464707 1.50847
f 2571/6/5 2570/14/5 2577/15/5 2576/16/5 

v 1.95118 0.510279 1.50847
f 2570/12/4 2569/17/4 2578/18/4 2577/13/4 

f 2569/14/5 2568/1/5 2574/8/5 2578/15/5 

f 2574/2/6 2573/1/6 2575/10/6 2576/19/6 2577/20/6 2578/21/6 

g Mesh38 Group20 Model

v 2.02254 0.475845 1.50647
vt -3.24941 0.805664
v 2.01566 0.46652 1.50647
vt -2.97888 0.438507
v 2.01566 0.475845 1.50647
vt -2.97888 0.805664
f 2579/4664/1 2580/4665/1 2581/4666/1

v 2.02254 0.46652 1.50647
vt -3.24941 0.438507
f 2580/4665/1 2579/4664/1 2582/4667/1

v 2.02254 0.475845 1.50847
v 2.02254 0.46652 1.50847
f 2582/1262/4 2579/1263/4 2583/1264/4 2584/1265/4 

vt -3.24941 0
vt -2.97888 0
v 2.01566 0.475845 1.50847
vt -2.97888 0.0787402
vt -3.24941 0.0787402
f 2579/4668/5 2581/4669/5 2585/4670/5 2583/4671/5 

v 2.01566 0.510959 1.50647
v 2.01566 0.510959 1.50847
f 2581/1263/4 2586/591/4 2587/592/4 2585/1264/4 

v 2.01566 0.455381 1.50647
vt -2.97888 2.18808
f 2588/4669/1 2586/4672/1 2581/4666/1

v 2.00675 0.510959 1.50647
vt -2.62807 2.18808
f 2588/4669/1 2589/4673/1 2586/4672/1

v 2.00539 0.455381 1.50647
vt -2.57456 0
f 2590/4674/1 2589/4673/1 2588/4669/1

v 2.00539 0.46652 1.50647
vt -2.57456 0.438507
f 2591/4675/1 2589/4673/1 2590/4674/1

v 2.00539 0.475845 1.50647
vt -2.57456 0.805664
f 2592/4676/1 2589/4673/1 2591/4675/1

v 2.00539 0.494761 1.50647
vt -2.57456 1.55038
f 2593/4677/1 2589/4673/1 2592/4676/1

v 1.99267 0.475845 1.50647
vt -2.07362 0.805664
f 2594/4678/1 2589/4673/1 2593/4677/1

v 1.98274 0.46652 1.50647
vt -1.68268 0.438507
f 2595/4679/1 2589/4673/1 2594/4678/1

v 1.98274 0.475808 1.50647
vt -1.68268 0.804177
f 2589/4673/1 2595/4679/1 2596/4680/1

v 1.98274 0.46652 1.50847
v 1.98274 0.475808 1.50847
f 2596/1279/2 2595/1280/2 2597/1281/2 2598/1282/2 

vt 1.68268 0
vt 2.57456 0
v 2.00539 0.46652 1.50847
vt 2.57456 0.0787402
vt 1.68268 0.0787402
f 2595/4681/3 2591/4682/3 2599/4683/3 2597/4684/3 

f 2594/4678/1 2591/4675/1 2595/4679/1

f 2591/4675/1 2594/4678/1 2592/4676/1

vt -2.07362 0
v 1.99267 0.475845 1.50847
vt -2.07362 0.0787402
v 2.00539 0.475845 1.50847
vt -2.57456 0.0787402
f 2592/4674/5 2594/4685/5 2600/4686/5 2601/4687/5 

vt 1.82586 0
vt 2.72338 0
v 2.00539 0.494761 1.50847
vt 2.72338 0.0787402
vt 1.82586 0.0787402
f 2594/4688/216 2593/4689/216 2602/4690/216 2600/4691/216 

f 2593/1294/2 2592/1295/2 2601/1296/2 2602/1297/2 

vt 2.57456 0.805664
v 2.01566 0.455381 1.50847
vt 2.97888 0
vt 2.57456 1.55038
f 2601/4692/6 2603/4693/6 2602/4694/6

vt 2.57456 0.438507
f 2599/4695/6 2603/4693/6 2601/4692/6

v 2.00539 0.455381 1.50847
f 2603/4693/6 2599/4695/6 2604/4682/6

f 2591/1280/2 2590/1/2 2604/8/2 2599/1281/2 

vt 2.97888 0.0787402
f 2590/4682/3 2588/4693/3 2603/4696/3 2604/4683/3 

v 2.01566 0.46652 1.50847
f 2588/1/4 2580/1262/4 2605/1265/4 2603/8/4 

f 2588/4669/1 2581/4666/1 2580/4665/1

vt 3.24941 0
vt 3.24941 0.0787402
f 2580/4693/3 2582/4697/3 2584/4698/3 2605/4696/3 

vt 3.24941 0.438507
vt 2.97888 0.805664
vt 2.97888 0.438507
f 2584/4699/6 2585/4700/6 2605/4701/6

vt 3.24941 0.805664
f 2585/4700/6 2584/4699/6 2583/4702/6

vt 2.97888 2.18808
f 2587/4703/6 2605/4701/6 2585/4700/6

f 2587/4703/6 2603/4693/6 2605/4701/6

v 2.00675 0.510959 1.50847
vt 2.62807 2.18808
f 2606/4704/6 2603/4693/6 2587/4703/6

f 2602/4694/6 2603/4693/6 2606/4704/6

vt 2.07362 0.805664
f 2606/4704/6 2600/4705/6 2602/4694/6

vt 1.68268 0.804177
f 2600/4705/6 2606/4704/6 2598/4706/6

vt -3.28918 0
vt -1.61319 0
vt -1.61319 0.0787402
vt -3.28918 0.0787402
f 2589/4707/217 2596/4708/217 2598/4709/217 2606/4710/217 

vt -2.62807 0
vt -2.62807 0.0787402
f 2586/4669/5 2589/4711/5 2606/4712/5 2587/4670/5 

f 2598/4706/6 2599/4695/6 2600/4705/6

vt 1.68268 0.438507
f 2599/4695/6 2598/4706/6 2597/4713/6

f 2600/4705/6 2599/4695/6 2601/4692/6

g Mesh39 Group21 Model

v -2.178 0.775844 -3.58989
vt 0 0.709044
v -2.16713 0.776901 -3.58989
vt -0.428102 0.750665
v -2.16564 0.772154 -3.58989
vt -0.486631 0.563742
v -2.16314 0.768859 -3.58989
vt -0.584924 0.434048
v -2.15962 0.766934 -3.58989
vt -0.723722 0.358238
v -2.15504 0.766292 -3.58989
vt -0.903771 0.332968
v -2.15031 0.766863 -3.58989
vt -1.09014 0.355451
v -2.14691 0.768576 -3.58989
vt -1.2241 0.422899
v -2.14485 0.771054 -3.58989
vt -1.30493 0.520448
v -2.14417 0.773919 -3.58989
vt -1.33187 0.633234
v -2.14446 0.775736 -3.58989
vt -1.32054 0.70477
v -2.14532 0.77726 -3.58989
vt -1.28654 0.764786
v -2.1469 0.778548 -3.58989
vt -1.22429 0.815512
v -2.14934 0.779658 -3.58989
vt -1.12823 0.859177
v -2.15829 0.782074 -3.58989
vt -0.775935 0.95431
v -2.16594 0.784556 -3.58989
vt -0.474925 1.05205
v -2.1709 0.787549 -3.58989
vt -0.279455 1.16985
v -2.17313 0.789958 -3.58989
vt -0.191661 1.2647
v -2.17472 0.792617 -3.58989
vt -0.128951 1.36941
v -2.17568 0.795527 -3.58989
vt -0.0913246 1.48396
v -2.176 0.798687 -3.58989
vt -0.0787826 1.60835
v -2.1754 0.802779 -3.58989
vt -0.10238 1.76945
v -2.1736 0.806597 -3.58989
vt -0.173173 1.91977
v -2.17068 0.809839 -3.58989
vt -0.288374 2.04742
v -2.16669 0.812203 -3.58989
vt -0.445196 2.14051
v -2.16171 0.813648 -3.58989
vt -0.641224 2.19737
v -2.1558 0.814129 -3.58989
vt -0.874041 2.21632
v -2.15091 0.813843 -3.58989
vt -1.06649 2.20508
v -2.14667 0.812987 -3.58989
vt -1.23358 2.17135
v -2.14307 0.811559 -3.58989
vt -1.3753 2.11515
v -2.14011 0.80956 -3.58989
vt -1.49167 2.03646
v -2.13779 0.807085 -3.58989
vt -1.58304 1.939
v -2.1361 0.804227 -3.58989
vt -1.64979 1.82649
v -2.13503 0.800987 -3.58989
vt -1.69192 1.69894
v -2.13458 0.797365 -3.58989
vt -1.70943 1.55633
v -2.14576 0.796874 -3.58989
vt -1.26944 1.537
v -2.14688 0.800541 -3.58989
vt -1.22503 1.68138
v -2.14883 0.80301 -3.58989
vt -1.14829 1.77855
v -2.15178 0.804411 -3.58989
vt -1.03216 1.83374
v -2.15591 0.804879 -3.58989
vt -0.869582 1.85213
v -2.16025 0.804378 -3.58989
vt -0.698638 1.83244
v -2.16354 0.802878 -3.58989
vt -0.569316 1.77335
v -2.16487 0.801377 -3.58989
vt -0.516918 1.71427
v -2.16531 0.799442 -3.58989
vt -0.499452 1.63808
v -2.1649 0.79762 -3.58989
vt -0.515803 1.56636
v -2.16365 0.796082 -3.58989
vt -0.564857 1.50579
v -2.16003 0.794269 -3.58989
vt -0.707557 1.43444
v -2.15338 0.792381 -3.58989
vt -0.969175 1.36012
v -2.14629 0.790423 -3.58989
vt -1.24844 1.283
v -2.14132 0.788398 -3.58989
vt -1.4441 1.20329
v -2.13784 0.785963 -3.58989
vt -1.58123 1.10742
v -2.1352 0.782772 -3.58989
vt -1.68491 0.98181
v -2.13355 0.778784 -3.58989
vt -1.75013 0.824802
v -2.13299 0.773956 -3.58989
vt -1.77187 0.63472
v -2.13366 0.76935 -3.58989
vt -1.74585 0.453372
v -2.13564 0.765046 -3.58989
vt -1.66781 0.283915
v -2.13883 0.761426 -3.58989
vt -1.54221 0.1414
v -2.14311 0.758873 -3.58989
vt -1.37349 0.0408778
v -2.14854 0.757358 -3.58989
vt -1.15981 -0.0187667
v -2.15516 0.756853 -3.58989
vt -0.899311 -0.0386481
v -2.1601 0.757156 -3.58989
vt -0.704677 -0.02671
v -2.16444 0.758066 -3.58989
vt -0.534012 0.00910436
v -2.16816 0.759582 -3.58989
vt -0.387317 0.0687952
v -2.17128 0.761705 -3.58989
vt -0.264591 0.152363
v -2.17381 0.764408 -3.58989
vt -0.164997 0.258784
v -2.17577 0.767665 -3.58989
vt -0.0877012 0.387038
v -2.17717 0.771477 -3.58989
vt -0.0327022 0.537124
f 2607/4714/1 2608/4715/1 2609/4716/1 2610/4717/1 2611/4718/1 2612/4719/1 2613/4720/1 2614/4721/1 2615/4722/1 2616/4723/1 2617/4724/1 2618/4725/1 2619/4726/1 2620/4727/1 2621/4728/1 2622/4729/1 2623/4730/1 2624/4731/1 2625/4732/1 2626/4733/1 2627/4734/1 2628/4735/1 2629/4736/1 2630/4737/1 2631/4738/1 2632/4739/1 2633/4740/1 2634/4741/1 2635/4742/1 2636/4743/1 2637/4744/1 2638/4745/1 2639/4746/1 2640/4747/1 2641/4748/1 2642/4749/1 2643/4750/1 2644/4751/1 2645/4752/1 2646/4753/1 2647/4754/1 2648/4755/1 2649/4756/1 2650/4757/1 2651/4758/1 2652/4759/1 2653/4760/1 2654/4761/1 2655/4762/1 2656/4763/1 2657/4764/1 2658/4765/1 2659/4766/1 2660/4767/1 2661/4768/1 2662/4769/1 2663/4770/1 2664/4771/1 2665/4772/1 2666/4773/1 2667/4774/1 2668/4775/1 2669/4776/1 2670/4777/1 2671/4778/1 2672/4779/1 2673/4780/1 

vt -0.498732 0
vn -0.096766 0.995307 3.8106e-16
vt -0.0686113 0
v -2.178 0.775844 -3.58789
vt -0.0686113 0.0787402
v -2.16713 0.776901 -3.58789
vt -0.498732 0.0787402
f 2608/4781/428 2607/4782/428 2674/4783/428 2675/4784/428 

vt -0.696554 0
vn -0.982385 -0.186867 -7.15435e-17
vt -0.521552 0
vn -0.963874 -0.266358 -1.01977e-16
v -2.17717 0.771477 -3.58789
vt -0.521552 0.0787402
vt -0.696554 0.0787402
f 2607/4785/429 2673/4786/430 2676/4787/430 2674/4788/429 

vt -0.493077 0
vt -0.333231 0
vn -0.901825 -0.432101 -1.65433e-16
v -2.17577 0.767665 -3.58789
vt -0.333231 0.0787402
vt -0.493077 0.0787402
f 2673/4789/430 2672/4790/431 2677/4791/431 2676/4792/430 

vt -0.28622 0
vt -0.136474 0
vn -0.797698 -0.603056 -2.30884e-16
v -2.17381 0.764408 -3.58789
vt -0.136474 0.0787402
vt -0.28622 0.0787402
f 2672/4793/431 2671/4794/432 2678/4795/432 2677/4796/431 

vt -0.0762076 0
vt 0.0695471 0
vn -0.650445 -0.759554 -2.908e-16
v -2.17128 0.761705 -3.58789
vt 0.0695471 0.0787402
vt -0.0762076 0.0787402
f 2671/4797/432 2670/4798/433 2679/4799/433 2678/4800/432 

vt 0.132948 0
vt 0.281425 0
vn -0.472501 -0.88133 -3.37423e-16
v -2.16816 0.759582 -3.58789
vt 0.281425 0.0787402
vt 0.132948 0.0787402
f 2670/4801/433 2669/4802/434 2680/4803/434 2679/4804/433 

vt 0.332826 0
vt 0.4912 0
vn -0.292316 -0.956322 -3.66134e-16
v -2.16444 0.758066 -3.58789
vt 0.4912 0.0787402
vt 0.332826 0.0787402
f 2669/4805/434 2668/4806/435 2681/4807/435 2680/4808/434 

vt 0.520759 0
vt 0.69514 0
vn -0.133654 -0.991028 -3.79422e-16
v -2.1601 0.757156 -3.58789
vt 0.69514 0.0787402
vt 0.520759 0.0787402
f 2668/4809/435 2667/4810/436 2682/4811/436 2681/4812/435 

vt 0.70499 0
vt 0.89999 0
vn 0.00745608 -0.999972 -3.82846e-16
v -2.15516 0.756853 -3.58789
vt 0.89999 0.0787402
vt 0.70499 0.0787402
f 2667/4813/436 2666/4814/437 2683/4815/437 2682/4816/436 

vt 0.893762 0
vt 1.15502 0
vn 0.173308 -0.984868 -3.77063e-16
v -2.14854 0.757358 -3.58789
vt 1.15502 0.0787402
vt 0.893762 0.0787402
f 2666/4817/437 2665/4818/438 2684/4819/438 2683/4820/437 

vt 1.11207 0
vt 1.33391 0
vn 0.393807 -0.919193 -3.51919e-16
v -2.14311 0.758873 -3.58789
vt 1.33391 0.0787402
vt 1.11207 0.0787402
f 2665/4821/438 2664/4822/439 2685/4823/439 2684/4824/438 

vt 1.20086 0
vt 1.39725 0
vn 0.638738 -0.769424 -2.94579e-16
v -2.13883 0.761426 -3.58789
vt 1.39725 0.0787402
vt 1.20086 0.0787402
f 2664/4825/439 2663/4826/440 2686/4827/440 2685/4828/439 

vt 1.12579 0
vt 1.31575 0
vn 0.838105 -0.545509 -2.08852e-16
v -2.13564 0.765046 -3.58789
vt 1.31575 0.0787402
vt 1.12579 0.0787402
f 2663/4829/440 2662/4830/441 2687/4831/441 2686/4832/440 

vt 0.95553 0
vt 1.14209 0
vn 0.959091 -0.283097 -1.08386e-16
v -2.13366 0.76935 -3.58789
vt 1.14209 0.0787402
vt 0.95553 0.0787402
f 2662/4833/441 2661/4834/442 2688/4835/442 2687/4836/441 

vt 0.696669 0
vt 0.879874 0
vn 0.999898 -0.0142975 -5.47389e-18
v -2.13299 0.773956 -3.58789
vt 0.879874 0.0787402
vt 0.696669 0.0787402
f 2661/4837/442 2660/4838/443 2689/4839/443 2688/4840/442 

vt 0.429276 0
vt 0.620597 0
vn 0.967969 0.251071 9.61243e-17
v -2.13355 0.778784 -3.58789
vt 0.620597 0.0787402
vt 0.429276 0.0787402
f 2660/4841/443 2659/4842/444 2690/4843/444 2689/4844/443 

vt 0.090341 0
vt 0.260355 0
vn 0.85674 0.515749 1.97458e-16
v -2.1352 0.782772 -3.58789
vt 0.260355 0.0787402
vt 0.090341 0.0787402
f 2659/4845/444 2658/4846/445 2691/4847/445 2690/4848/444 

vt -0.315411 0
vt -0.152541 0
vn 0.678307 0.734779 2.81315e-16
v -2.13784 0.785963 -3.58789
vt -0.152541 0.0787402
vt -0.315411 0.0787402
f 2658/4849/445 2657/4850/446 2692/4851/446 2691/4852/445 

vt -0.661321 0
vt -0.494001 0
vn 0.478133 0.878287 3.36258e-16
v -2.14132 0.788398 -3.58789
vt -0.494001 0.0787402
vt -0.661321 0.0787402
f 2657/4853/446 2656/4854/447 2693/4855/447 2692/4856/446 

vt -0.883371 0
vt -0.672101 0
vn 0.322282 0.946644 3.62429e-16
v -2.14629 0.790423 -3.58789
vt -0.672101 0.0787402
vt -0.883371 0.0787402
f 2656/4857/447 2655/4858/448 2694/4859/448 2693/4860/447 

vt -0.861936 0
vt -0.572216 0
vn 0.269718 0.962939 3.68668e-16
v -2.15338 0.792381 -3.58789
vt -0.572216 0.0787402
vt -0.861936 0.0787402
f 2655/4861/448 2654/4862/449 2695/4863/449 2694/4864/448 

vt -0.560596 0
vt -0.288625 0
vn 0.361823 0.932247 3.56917e-16
v -2.16003 0.794269 -3.58789
vt -0.288625 0.0787402
vt -0.560596 0.0787402
f 2654/4865/449 2653/4866/450 2696/4867/450 2695/4868/449 

vt 0.00864351 0
vt 0.168187 0
vn 0.626358 0.779535 2.9845e-16
v -2.16365 0.796082 -3.58789
vt 0.168187 0.0787402
vt 0.00864351 0.0787402
f 2653/4869/450 2652/4870/451 2697/4871/451 2696/4872/450 

vt 0.814714 0
vt 0.892658 0
vn 0.899391 0.437146 1.67364e-16
v -2.1649 0.79762 -3.58789
vt 0.892658 0.0787402
vt 0.814714 0.0787402
f 2652/4873/451 2651/4874/452 2698/4875/452 2697/4876/451 

vt 1.41253 0
vt 1.48609 0
vn 1 -0.000612473 -2.34489e-19
v -2.16531 0.799442 -3.58789
vt 1.48609 0.0787402
vt 1.41253 0.0787402
f 2651/4877/452 2650/4878/453 2699/4879/453 2698/4880/452 

vt 1.70827 0
vt 1.78643 0
vn 0.8891 -0.457713 -1.75239e-16
v -2.16487 0.801377 -3.58789
vt 1.78643 0.0787402
vt 1.70827 0.0787402
f 2650/4881/453 2649/4882/454 2700/4883/454 2699/4884/453 

vt 1.62556 0
vt 1.70453 0
vn 0.594746 -0.803913 -3.07784e-16
v -2.16354 0.802878 -3.58789
vt 1.70453 0.0787402
vt 1.62556 0.0787402
f 2649/4885/454 2648/4886/455 2701/4887/455 2700/4888/454 

vt 1.25479 0
vt 1.39697 0
vn 0.268315 -0.963331 -3.68818e-16
v -2.16025 0.804378 -3.58789
vt 1.39697 0.0787402
vt 1.25479 0.0787402
f 2648/4889/455 2647/4890/456 2702/4891/456 2701/4892/455 

vt 0.903787 0
vt 1.07586 0
vn 0.00102392 -0.999999 -3.82857e-16
v -2.15591 0.804879 -3.58789
vt 1.07586 0.0787402
vt 0.903787 0.0787402
f 2647/4893/456 2646/4894/457 2703/4895/457 2702/4896/456 

vt 0.655843 0
vt 0.819462 0
vn -0.274566 -0.961568 -3.68143e-16
v -2.15178 0.804411 -3.58789
vt 0.819462 0.0787402
vt 0.655843 0.0787402
f 2646/4897/457 2645/4898/458 2704/4899/458 2703/4900/457 

vt 0.145207 0
vt 0.273782 0
vn -0.623332 -0.781957 -2.99378e-16
v -2.14883 0.80301 -3.58789
vt 0.273782 0.0787402
vt 0.145207 0.0787402
f 2645/4901/458 2644/4902/459 2705/4903/459 2704/4904/458 

vt -0.684173 0
vt -0.560349 0
vn -0.885415 -0.464802 -1.77953e-16
v -2.14688 0.800541 -3.58789
vt -0.560349 0.0787402
vt -0.684173 0.0787402
f 2644/4905/459 2643/4906/460 2706/4907/460 2705/4908/459 

vt -1.24691 0
vt -1.09586 0
vn -0.955806 -0.293999 -1.12559e-16
v -2.14576 0.796874 -3.58789
vt -1.09586 0.0787402
vt -1.24691 0.0787402
f 2643/4909/460 2642/4910/461 2707/4911/461 2706/4912/460 

vt 1.33566 0
vn 0.0438766 -0.999037 -3.82488e-16
vt 1.77607 0
v -2.13458 0.797365 -3.58789
vt 1.77607 0.0787402
vt 1.33566 0.0787402
f 2642/4913/462 2641/4914/462 2708/4915/462 2707/4916/462 

vt 1.33637 0
vn 0.992544 0.121885 4.66645e-17
vt 1.48005 0
vn 0.975766 0.218817 8.37758e-17
v -2.13503 0.800987 -3.58789
vt 1.48005 0.0787402
vt 1.33637 0.0787402
f 2641/4917/463 2640/4918/464 2709/4919/464 2708/4920/463 

vt 1.08257 0
vt 1.21691 0
vn 0.910108 0.414371 1.58645e-16
v -2.1361 0.804227 -3.58789
vt 1.21691 0.0787402
vt 1.08257 0.0787402
f 2640/4921/464 2639/4922/465 2710/4923/465 2709/4924/464 

vt 0.728998 0
vt 0.859817 0
vn 0.799499 0.600668 2.2997e-16
v -2.13779 0.807085 -3.58789
vt 0.859817 0.0787402
vt 0.728998 0.0787402
f 2639/4925/465 2638/4926/466 2711/4927/466 2710/4928/465 

vt 0.331786 0
vt 0.465377 0
vn 0.648879 0.760892 2.91313e-16
v -2.14011 0.80956 -3.58789
vt 0.465377 0.0787402
vt 0.331786 0.0787402
f 2638/4929/466 2637/4930/467 2712/4931/467 2711/4932/466 

vt -0.0948609 0
vt 0.0456109 0
vn 0.467169 0.884168 3.3851e-16
v -2.14307 0.811559 -3.58789
vt 0.0456109 0.0787402
vt -0.0948609 0.0787402
f 2637/4933/467 2636/4934/468 2713/4935/468 2712/4936/467 

vt -0.498669 0
vt -0.346206 0
vn 0.284382 0.958711 3.67049e-16
v -2.14667 0.812987 -3.58789
vt -0.346206 0.0787402
vt -0.498669 0.0787402
f 2636/4937/468 2635/4938/469 2714/4939/469 2713/4940/468 

vt -0.779606 0
vt -0.609149 0
vn 0.128396 0.991723 3.79688e-16
v -2.15091 0.813843 -3.58789
vt -0.609149 0.0787402
vt -0.779606 0.0787402
f 2635/4941/469 2634/4942/470 2715/4943/470 2714/4944/469 

vt -0.936096 0
vt -0.743316 0
vn -0.0114398 0.999935 3.82832e-16
v -2.1558 0.814129 -3.58789
vt -0.743316 0.0787402
vt -0.936096 0.0787402
f 2634/4945/470 2633/4946/471 2716/4947/471 2715/4948/470 

vt -1.05098 0
vt -0.817395 0
vn -0.180764 0.983526 3.7655e-16
v -2.16171 0.813648 -3.58789
vt -0.817395 0.0787402
vt -1.05098 0.0787402
f 2633/4949/471 2632/4950/472 2717/4951/472 2716/4952/471 

vt -1.22796 0
vt -1.02385 0
vn -0.397693 0.917518 3.51278e-16
v -2.16669 0.812203 -3.58789
vt -1.02385 0.0787402
vt -1.22796 0.0787402
f 2632/4953/472 2631/4954/473 2718/4955/473 2717/4956/472 

vt -1.47544 0
vt -1.29307 0
vn -0.63357 0.773685 2.96211e-16
v -2.17068 0.809839 -3.58789
vt -1.29307 0.0787402
vt -1.47544 0.0787402
f 2631/4957/473 2630/4958/474 2719/4959/474 2718/4960/473 

vt -1.71317 0
vt -1.54122 0
vn -0.832517 0.553999 2.12102e-16
v -2.1736 0.806597 -3.58789
vt -1.54122 0.0787402
vt -1.71317 0.0787402
f 2630/4961/474 2629/4962/475 2720/4963/475 2719/4964/474 

vt -1.81058 0
vt -1.64443 0
vn -0.957441 0.288628 1.10503e-16
v -2.1754 0.802779 -3.58789
vt -1.64443 0.0787402
vt -1.81058 0.0787402
f 2629/4965/475 2628/4966/476 2721/4967/476 2720/4968/475 

vt -1.76561 0
vt -1.60279 0
vn -0.999747 0.0224811 8.60704e-18
v -2.176 0.798687 -3.58789
vt -1.60279 0.0787402
vt -1.76561 0.0787402
f 2628/4969/476 2627/4970/477 2722/4971/477 2721/4972/476 

vt -1.59234 0
vt -1.46731 0
vn -0.978255 -0.207406 -7.94068e-17
v -2.17568 0.795527 -3.58789
vt -1.46731 0.0787402
vt -1.59234 0.0787402
f 2627/4973/477 2626/4974/478 2723/4975/478 2722/4976/477 

vt -1.38135 0
vt -1.26078 0
vn -0.90959 -0.415507 -1.5908e-16
v -2.17472 0.792617 -3.58789
vt -1.26078 0.0787402
vt -1.38135 0.0787402
f 2626/4977/478 2625/4978/479 2724/4979/479 2723/4980/478 

vt -1.10855 0
vt -0.986503 0
vn -0.800181 -0.599758 -2.29622e-16
v -2.17313 0.789958 -3.58789
vt -0.986503 0.0787402
vt -1.10855 0.0787402
f 2625/4981/479 2624/4982/480 2725/4983/480 2724/4984/479 

vt -0.797968 0
vt -0.668718 0
vn -0.631282 -0.775553 -2.96926e-16
v -2.1709 0.787549 -3.58789
vt -0.668718 0.0787402
vt -0.797968 0.0787402
f 2624/4985/480 2623/4986/481 2726/4987/481 2725/4988/480 

vt -0.364493 0
vt -0.13627 0
vn -0.415201 -0.90973 -3.48296e-16
v -2.16594 0.784556 -3.58789
vt -0.13627 0.0787402
vt -0.364493 0.0787402
f 2623/4989/481 2622/4990/482 2727/4991/482 2726/4992/481 

vt 0.126818 0
vt 0.443297 0
vn -0.284852 -0.958572 -3.66996e-16
v -2.15829 0.782074 -3.58789
vt 0.443297 0.0787402
vt 0.126818 0.0787402
f 2622/4993/482 2621/4994/483 2728/4995/483 2727/4996/482 

vt 0.500309 0
vt 0.865221 0
vn -0.338375 -0.941011 -3.60273e-16
v -2.14934 0.779658 -3.58789
vt 0.865221 0.0787402
vt 0.500309 0.0787402
f 2621/4997/483 2620/4998/484 2729/4999/484 2728/5000/483 

vt 0.671571 0
vt 0.777092 0
vn -0.527115 -0.849794 -3.2535e-16
v -2.1469 0.778548 -3.58789
vt 0.777092 0.0787402
vt 0.671571 0.0787402
f 2620/5001/484 2619/5002/485 2730/5003/485 2729/5004/484 

vt 0.433881 0
vt 0.514178 0
vn -0.764039 -0.64517 -2.47008e-16
v -2.14532 0.77726 -3.58789
vt 0.514178 0.0787402
vt 0.433881 0.0787402
f 2619/5005/485 2618/5006/486 2731/5007/486 2730/5008/485 

vt -0.0312184 0
vt 0.0377608 0
vn -0.943981 -0.33 -1.26343e-16
v -2.14446 0.775736 -3.58789
vt 0.0377608 0.0787402
vt -0.0312184 0.0787402
f 2618/5009/486 2617/5010/487 2732/5011/487 2731/5012/486 

vt -0.489438 0
vt -0.417009 0
vn -0.999252 0.0386652 1.48032e-17
v -2.14417 0.773919 -3.58789
vt -0.417009 0.0787402
vt -0.489438 0.0787402
f 2617/5013/487 2616/5014/488 2733/5015/488 2732/5016/487 

vt -0.925354 0
vt -0.809395 0
vn -0.894626 0.446816 1.71067e-16
v -2.14485 0.771054 -3.58789
vt -0.809395 0.0787402
vt -0.925354 0.0787402
f 2616/5017/488 2615/5018/489 2734/5019/489 2733/5020/488 

vt -1.23333 0
vt -1.10664 0
vn -0.623058 0.782176 2.99461e-16
v -2.14691 0.768576 -3.58789
vt -1.10664 0.0787402
vt -1.23333 0.0787402
f 2615/5021/489 2614/5022/490 2735/5023/490 2734/5024/489 

vt -1.28352 0
vt -1.13354 0
vn -0.289054 0.957313 3.66514e-16
v -2.15031 0.766863 -3.58789
vt -1.13354 0.0787402
vt -1.28352 0.0787402
f 2614/5025/490 2613/5026/491 2736/5027/491 2735/5028/490 

vt -1.12486 0
vt -0.937144 0
vn 0.00969088 0.999953 3.82839e-16
v -2.15504 0.766292 -3.58789
vt -0.937144 0.0787402
vt -1.12486 0.0787402
f 2613/5029/491 2612/5030/492 2737/5031/492 2736/5032/491 

vt -0.84872 0
vt -0.666907 0
vn 0.314258 0.949338 3.6346e-16
v -2.15962 0.766934 -3.58789
vt -0.666907 0.0787402
vt -0.84872 0.0787402
f 2612/5033/492 2611/5034/493 2738/5035/493 2737/5036/492 

vt -0.463437 0
vt -0.305285 0
vn 0.65266 0.757651 2.90072e-16
v -2.16314 0.768859 -3.58789
vt -0.305285 0.0787402
vt -0.463437 0.0787402
f 2611/5037/493 2610/5038/494 2739/5039/494 2738/5040/493 

vt -0.00737611 0
vt 0.155357 0
vn 0.88884 0.458217 1.75431e-16
v -2.16564 0.772154 -3.58789
vt 0.155357 0.0787402
vt -0.00737611 0.0787402
f 2610/5041/494 2609/5042/495 2740/5043/495 2739/5044/494 

vt 0.392572 0
vt 0.588445 0
vn 0.954311 0.298814 1.14403e-16
vt 0.588445 0.0787402
vt 0.392572 0.0787402
f 2609/5045/495 2608/5046/496 2675/5047/496 2740/5048/495 

vt 0.428102 0.750665
vt 0.0327022 0.537124
vt 0.0877012 0.387038
vt 0.164997 0.258784
vt 0.264591 0.152363
vt 0.387317 0.0687952
vt 0.534012 0.00910436
vt 0.704677 -0.02671
vt 0.899311 -0.0386481
vt 1.15981 -0.0187667
vt 1.37349 0.0408778
vt 1.54221 0.1414
vt 1.66781 0.283915
vt 1.74585 0.453372
vt 1.77187 0.63472
vt 1.75013 0.824802
vt 1.68491 0.98181
vt 1.58123 1.10742
vt 1.4441 1.20329
vt 1.24844 1.283
vt 0.969175 1.36012
vt 0.707557 1.43444
vt 0.564857 1.50579
vt 0.515803 1.56636
vt 0.499452 1.63808
vt 0.516918 1.71427
vt 0.569316 1.77335
vt 0.698638 1.83244
vt 0.869582 1.85213
vt 1.03216 1.83374
vt 1.14829 1.77855
vt 1.22503 1.68138
vt 1.26944 1.537
vt 1.70943 1.55633
vt 1.69192 1.69894
vt 1.64979 1.82649
vt 1.58304 1.939
vt 1.49167 2.03646
vt 1.3753 2.11515
vt 1.23358 2.17135
vt 1.06649 2.20508
vt 0.874041 2.21632
vt 0.641224 2.19737
vt 0.445196 2.14051
vt 0.288374 2.04742
vt 0.173173 1.91977
vt 0.10238 1.76945
vt 0.0787826 1.60835
vt 0.0913246 1.48396
vt 0.128951 1.36941
vt 0.191661 1.2647
vt 0.279455 1.16985
vt 0.474925 1.05205
vt 0.775935 0.95431
vt 1.12823 0.859177
vt 1.22429 0.815512
vt 1.28654 0.764786
vt 1.32054 0.70477
vt 1.33187 0.633234
vt 1.30493 0.520448
vt 1.2241 0.422899
vt 1.09014 0.355451
vt 0.903771 0.332968
vt 0.723722 0.358238
vt 0.584924 0.434048
vt 0.486631 0.563742
f 2675/5049/6 2674/4714/6 2676/5050/6 2677/5051/6 2678/5052/6 2679/5053/6 2680/5054/6 2681/5055/6 2682/5056/6 2683/5057/6 2684/5058/6 2685/5059/6 2686/5060/6 2687/5061/6 2688/5062/6 2689/5063/6 2690/5064/6 2691/5065/6 2692/5066/6 2693/5067/6 2694/5068/6 2695/5069/6 2696/5070/6 2697/5071/6 2698/5072/6 2699/5073/6 2700/5074/6 2701/5075/6 2702/5076/6 2703/5077/6 2704/5078/6 2705/5079/6 2706/5080/6 2707/5081/6 2708/5082/6 2709/5083/6 2710/5084/6 2711/5085/6 2712/5086/6 2713/5087/6 2714/5088/6 2715/5089/6 2716/5090/6 2717/5091/6 2718/5092/6 2719/5093/6 2720/5094/6 2721/5095/6 2722/5096/6 2723/5097/6 2724/5098/6 2725/5099/6 2726/5100/6 2727/5101/6 2728/5102/6 2729/5103/6 2730/5104/6 2731/5105/6 2732/5106/6 2733/5107/6 2734/5108/6 2735/5109/6 2736/5110/6 2737/5111/6 2738/5112/6 2739/5113/6 2740/5114/6 

g Mesh40 Group21 Model

v -2.11574 0.757834 -3.58989
vt -2.45118 0
v -2.12895 0.813185 -3.58989
vt -1.93092 2.17916
v -2.11751 0.813185 -3.58989
vt -2.38132 2.17916
v -2.10917 0.775165 -3.58989
vt -2.70983 0.682287
v -2.09905 0.813185 -3.58989
vt -3.1082 2.17916
v -2.08576 0.813185 -3.58989
vt -3.63143 2.17916
v -2.07606 0.774523 -3.58989
vt -4.01345 0.657017
v -2.06756 0.813185 -3.58989
vt -4.34791 2.17916
v -2.05631 0.813185 -3.58989
vt -4.79088 2.17916
v -2.06975 0.757834 -3.58989
vt -4.26169 0
v -2.08161 0.757834 -3.58989
vt -3.79494 0
v -2.09263 0.799215 -3.58989
vt -3.3609 1.62917
v -2.10362 0.757834 -3.58989
vt -2.92834 0
f 2741/5115/1 2742/5116/1 2743/5117/1 2744/5118/1 2745/5119/1 2746/5120/1 2747/5121/1 2748/5122/1 2749/5123/1 2750/5124/1 2751/5125/1 2752/5126/1 2753/5127/1 

vt -1.67119 0
vn -0.972664 -0.232218 -8.89064e-17
vt 0.569209 0
v -2.11574 0.757834 -3.58789
vt 0.569209 0.0787402
v -2.12895 0.813185 -3.58789
vt -1.67119 0.0787402
f 2742/5128/497 2741/5129/497 2754/5130/497 2755/5131/497 

vt 2.45118 0
vt 2.92834 0
v -2.10362 0.757834 -3.58789
vt 2.92834 0.0787402
vt 2.45118 0.0787402
f 2741/5132/3 2753/5133/3 2756/5134/3 2754/5135/3 

vt 0.751468 0
vn 0.966512 -0.25662 -9.82486e-17
vt 2.43708 0
v -2.09263 0.799215 -3.58789
vt 2.43708 0.0787402
vt 0.751468 0.0787402
f 2753/5136/498 2752/5137/498 2757/5138/498 2756/5139/498 

vt -0.709012 0
vn -0.966293 -0.257443 -9.85639e-17
vt 0.976982 0
v -2.08161 0.757834 -3.58789
vt 0.976982 0.0787402
vt -0.709012 0.0787402
f 2752/5140/499 2751/5141/499 2758/5142/499 2757/5143/499 

vt 3.79494 0
vt 4.26169 0
v -2.06975 0.757834 -3.58789
vt 4.26169 0.0787402
vt 3.79494 0.0787402
f 2751/5144/3 2750/5145/3 2759/5146/3 2758/5147/3 

vt 1.00567 0
vn 0.971758 -0.235979 -9.03464e-17
vt 3.24816 0
v -2.05631 0.813185 -3.58789
vt 3.24816 0.0787402
vt 1.00567 0.0787402
f 2750/5148/500 2749/5149/500 2760/5150/500 2759/5151/500 

vt -4.79088 0
vt -4.34791 0
v -2.06756 0.813185 -3.58789
vt -4.34791 0.0787402
vt -4.79088 0.0787402
f 2749/5152/5 2748/5153/5 2761/5154/5 2760/5155/5 

vt -3.06148 0
vn -0.9767 0.214607 8.21638e-17
vt -1.50302 0
v -2.07606 0.774523 -3.58789
vt -1.50302 0.0787402
vt -3.06148 0.0787402
f 2748/5156/501 2747/5157/501 2762/5158/501 2761/5159/501 

vt -0.339729 0
vn 0.969919 0.243427 9.31977e-17
vt 1.22962 0
v -2.08576 0.813185 -3.58789
vt 1.22962 0.0787402
vt -0.339729 0.0787402
f 2747/5160/502 2746/5161/502 2763/5162/502 2762/5163/502 

vt -3.63143 0
vt -3.1082 0
v -2.09905 0.813185 -3.58789
vt -3.1082 0.0787402
vt -3.63143 0.0787402
f 2746/5164/5 2745/5165/5 2764/5166/5 2763/5167/5 

vt -2.90524 0
vn -0.966362 0.257185 9.8465e-17
vt -1.35626 0
v -2.10917 0.775165 -3.58789
vt -1.35626 0.0787402
vt -2.90524 0.0787402
f 2745/5168/503 2744/5169/503 2765/5170/503 2764/5171/503 

vt 0.0855431 0
vn 0.976754 0.214362 8.207e-17
vt 1.61804 0
v -2.11751 0.813185 -3.58789
vt 1.61804 0.0787402
vt 0.0855431 0.0787402
f 2744/5172/504 2743/5173/504 2766/5174/504 2765/5175/504 

vt -2.38132 0
vt -1.93092 0
vt -1.93092 0.0787402
vt -2.38132 0.0787402
f 2743/5176/5 2742/5177/5 2755/5178/5 2766/5179/5 

vt 1.93092 2.17916
vt 3.3609 1.62917
vt 4.79088 2.17916
vt 4.34791 2.17916
vt 4.01345 0.657017
vt 3.63143 2.17916
vt 3.1082 2.17916
vt 2.70983 0.682287
vt 2.38132 2.17916
f 2755/5180/6 2754/5132/6 2756/5133/6 2757/5181/6 2758/5144/6 2759/5145/6 2760/5182/6 2761/5183/6 2762/5184/6 2763/5185/6 2764/5186/6 2765/5187/6 2766/5188/6 

g Mesh41 Group21 Model

v -2.0258 0.757834 -3.58989
vt -5.99194 0
v -2.03641 0.757834 -3.58989
vt -5.57424 0
v -2.03641 0.797818 -3.58989
vt -5.57424 1.57417
v -2.04275 0.793089 -3.58989
vt -5.32489 1.38799
v -2.05012 0.789776 -3.58989
vt -5.03466 1.25755
v -2.05012 0.799404 -3.58989
vt -5.03466 1.6366
v -2.04579 0.801372 -3.58989
vt -5.20523 1.71408
v -2.0411 0.804558 -3.58989
vt -5.38992 1.8395
v -2.03699 0.808669 -3.58989
vt -5.55157 2.00134
v -2.03441 0.813412 -3.58989
vt -5.65303 2.18808
v -2.0258 0.813412 -3.58989
vt -5.99194 2.18808
f 2767/5189/1 2768/5190/1 2769/5191/1 2770/5192/1 2771/5193/1 2772/5194/1 2773/5195/1 2774/5196/1 2775/5197/1 2776/5198/1 2777/5199/1 

vt 5.57424 0
vt 5.99194 0
v -2.0258 0.757834 -3.58789
vt 5.99194 0.0787402
v -2.03641 0.757834 -3.58789
vt 5.57424 0.0787402
f 2768/5200/3 2767/5201/3 2778/5202/3 2779/5203/3 

v -2.0258 0.813412 -3.58789
f 2767/1/4 2777/591/4 2780/592/4 2778/8/4 

vt -5.65303 0
v -2.03441 0.813412 -3.58789
vt -5.65303 0.0787402
vt -5.99194 0.0787402
f 2777/5189/5 2776/5204/5 2781/5205/5 2780/5206/5 

vt -4.6213 0
vt -4.40878 0
v -2.03699 0.808669 -3.58789
vt -4.40878 0.0787402
vt -4.6213 0.0787402
f 2776/5207/100 2775/5208/101 2782/5209/101 2781/5210/100 

vt -5.33927 0
vt -5.11053 0
v -2.0411 0.804558 -3.58789
vt -5.11053 0.0787402
vt -5.33927 0.0787402
f 2775/5211/101 2774/5212/102 2783/5213/102 2782/5214/101 

vt -5.49239 0
vt -5.26914 0
v -2.04579 0.801372 -3.58789
vt -5.26914 0.0787402
vt -5.49239 0.0787402
f 2774/5215/102 2773/5216/103 2784/5217/103 2783/5218/102 

vt -5.4481 0
vt -5.26076 0
v -2.05012 0.799404 -3.58789
vt -5.26076 0.0787402
vt -5.4481 0.0787402
f 2773/5219/103 2772/5220/104 2785/5221/104 2784/5222/103 

v -2.05012 0.789776 -3.58789
f 2772/612/2 2771/613/2 2786/614/2 2785/615/2 

vt 5.10771 0
vt 5.4259 0
v -2.04275 0.793089 -3.58789
vt 5.4259 0.0787402
vt 5.10771 0.0787402
f 2771/5223/105 2770/5224/106 2787/5225/106 2786/5226/105 

vt 5.09717 0
vt 5.40836 0
v -2.03641 0.797818 -3.58789
vt 5.40836 0.0787402
vt 5.09717 0.0787402
f 2770/5227/106 2769/5228/107 2788/5229/107 2787/5230/106 

f 2769/624/2 2768/1/2 2779/8/2 2788/625/2 

vt 5.99194 2.18808
vt 5.65303 2.18808
vt 5.55157 2.00134
vt 5.38992 1.8395
vt 5.20523 1.71408
vt 5.03466 1.6366
vt 5.03466 1.25755
vt 5.32489 1.38799
vt 5.57424 1.57417
f 2779/5200/6 2778/5201/6 2780/5231/6 2781/5232/6 2782/5233/6 2783/5234/6 2784/5235/6 2785/5236/6 2786/5237/6 2787/5238/6 2788/5239/6 

g Mesh42 Group21 Model

v -1.99552 0.765801 -3.58989
vt -7.18408 0.313644
v -1.99552 0.780186 -3.58989
vt -7.18408 0.879987
v -2.01002 0.780186 -3.58989
vt -6.61328 0.879987
v -2.01002 0.790116 -3.58989
vt -6.61328 1.27093
v -1.99552 0.790116 -3.58989
vt -7.18408 1.27093
v -1.99552 0.804501 -3.58989
vt -7.18408 1.83727
v -1.98586 0.804501 -3.58989
vt -7.56462 1.83727
v -1.98586 0.790116 -3.58989
vt -7.56462 1.27093
v -1.97132 0.790116 -3.58989
vt -8.13691 1.27093
v -1.97132 0.780186 -3.58989
vt -8.13691 0.879987
v -1.98586 0.780186 -3.58989
vt -7.56462 0.879987
v -1.98586 0.765801 -3.58989
vt -7.56462 0.313644
f 2789/5240/1 2790/5241/1 2791/5242/1 2792/5243/1 2793/5244/1 2794/5245/1 2795/5246/1 2796/5247/1 2797/5248/1 2798/5249/1 2799/5250/1 2800/5251/1 

vt -0.879987 0
vt -0.313644 0
v -1.99552 0.765801 -3.58789
vt -0.313644 0.0787402
v -1.99552 0.780186 -3.58789
vt -0.879987 0.0787402
f 2790/5252/2 2789/5253/2 2801/5254/2 2802/5255/2 

vt 7.18408 0
vt 7.56462 0
v -1.98586 0.765801 -3.58789
vt 7.56462 0.0787402
vt 7.18408 0.0787402
f 2789/5256/3 2800/5257/3 2803/5258/3 2801/5259/3 

vt 0.313644 0
vt 0.879987 0
v -1.98586 0.780186 -3.58789
vt 0.879987 0.0787402
vt 0.313644 0.0787402
f 2800/5260/4 2799/5261/4 2804/5262/4 2803/5263/4 

vt 8.13691 0
v -1.97132 0.780186 -3.58789
vt 8.13691 0.0787402
f 2799/5257/3 2798/5264/3 2805/5265/3 2804/5258/3 

vt 1.27093 0
v -1.97132 0.790116 -3.58789
vt 1.27093 0.0787402
f 2798/5261/4 2797/5266/4 2806/5267/4 2805/5262/4 

vt -8.13691 0
vt -7.56462 0
v -1.98586 0.790116 -3.58789
vt -7.56462 0.0787402
vt -8.13691 0.0787402
f 2797/5268/5 2796/5269/5 2807/5270/5 2806/5271/5 

vt 1.83727 0
v -1.98586 0.804501 -3.58789
vt 1.83727 0.0787402
f 2796/5266/4 2795/5272/4 2808/5273/4 2807/5267/4 

vt -7.18408 0
v -1.99552 0.804501 -3.58789
vt -7.18408 0.0787402
f 2795/5269/5 2794/5274/5 2809/5275/5 2808/5270/5 

vt -1.83727 0
vt -1.27093 0
v -1.99552 0.790116 -3.58789
vt -1.27093 0.0787402
vt -1.83727 0.0787402
f 2794/5276/2 2793/5277/2 2810/5278/2 2809/5279/2 

vt -6.61328 0
v -2.01002 0.790116 -3.58789
vt -6.61328 0.0787402
f 2793/5274/5 2792/5280/5 2811/5281/5 2810/5275/5 

v -2.01002 0.780186 -3.58789
f 2792/5277/2 2791/5252/2 2812/5255/2 2811/5278/2 

vt 6.61328 0
vt 6.61328 0.0787402
f 2791/5282/3 2790/5256/3 2802/5259/3 2812/5283/3 

vt 7.18408 0.879987
vt 7.18408 0.313644
vt 7.56462 0.313644
vt 7.56462 0.879987
vt 8.13691 0.879987
vt 8.13691 1.27093
vt 7.56462 1.27093
vt 7.56462 1.83727
vt 7.18408 1.83727
vt 7.18408 1.27093
vt 6.61328 1.27093
vt 6.61328 0.879987
f 2802/5284/6 2801/5285/6 2803/5286/6 2804/5287/6 2805/5288/6 2806/5289/6 2807/5290/6 2808/5291/6 2809/5292/6 2810/5293/6 2811/5294/6 2812/5295/6 

g Mesh43 Group21 Model

v -1.96215 0.757834 -3.58989
vt -8.49812 0
v -1.96215 0.812732 -3.58989
vt -8.49812 2.16132
v -1.95097 0.812732 -3.58989
vt -8.93811 2.16132
v -1.95097 0.76716 -3.58989
vt -8.93811 0.367157
v -1.92318 0.76716 -3.58989
vt -10.0322 0.367157
v -1.92318 0.757834 -3.58989
vt -10.0322 0
f 2813/5296/1 2814/5297/1 2815/5298/1 2816/5299/1 2817/5300/1 2818/5301/1 

v -1.96215 0.757834 -3.58789
v -1.96215 0.812732 -3.58789
f 2814/7/2 2813/1/2 2819/8/2 2820/9/2 

vt 8.49812 0
vt 10.0322 0
v -1.92318 0.757834 -3.58789
vt 10.0322 0.0787402
vt 8.49812 0.0787402
f 2813/5302/3 2818/5303/3 2821/5304/3 2819/5305/3 

v -1.92318 0.76716 -3.58789
f 2818/1/4 2817/12/4 2822/13/4 2821/8/4 

vt -8.93811 0
v -1.95097 0.76716 -3.58789
vt -8.93811 0.0787402
vt -10.0322 0.0787402
f 2817/5301/5 2816/5306/5 2823/5307/5 2822/5308/5 

v -1.95097 0.812732 -3.58789
f 2816/12/4 2815/17/4 2824/18/4 2823/13/4 

vt -8.49812 0.0787402
f 2815/5306/5 2814/5296/5 2820/5309/5 2824/5307/5 

vt 8.49812 2.16132
vt 10.0322 0.367157
vt 8.93811 0.367157
vt 8.93811 2.16132
f 2820/5310/6 2819/5302/6 2821/5303/6 2822/5311/6 2823/5312/6 2824/5313/6 

g Mesh44 Group22 Model

v 1.919 0.790844 -3.58989
v 1.92987 0.791901 -3.58989
v 1.93136 0.787154 -3.58989
v 1.93386 0.783859 -3.58989
v 1.93738 0.781934 -3.58989
v 1.94196 0.781292 -3.58989
v 1.94669 0.781863 -3.58989
v 1.95009 0.783576 -3.58989
v 1.95215 0.786054 -3.58989
v 1.95283 0.788919 -3.58989
v 1.95254 0.790736 -3.58989
v 1.95168 0.79226 -3.58989
v 1.9501 0.793548 -3.58989
v 1.94766 0.794658 -3.58989
v 1.93871 0.797074 -3.58989
v 1.93106 0.799556 -3.58989
v 1.9261 0.802549 -3.58989
v 1.92387 0.804958 -3.58989
v 1.92228 0.807617 -3.58989
v 1.92132 0.810527 -3.58989
v 1.921 0.813687 -3.58989
v 1.9216 0.817779 -3.58989
v 1.9234 0.821597 -3.58989
v 1.92632 0.824839 -3.58989
v 1.93031 0.827203 -3.58989
v 1.93529 0.828648 -3.58989
v 1.9412 0.829129 -3.58989
v 1.94609 0.828843 -3.58989
v 1.95033 0.827987 -3.58989
v 1.95393 0.826559 -3.58989
v 1.95689 0.82456 -3.58989
v 1.95921 0.822085 -3.58989
v 1.9609 0.819227 -3.58989
v 1.96197 0.815987 -3.58989
v 1.96242 0.812365 -3.58989
v 1.95124 0.811874 -3.58989
v 1.95012 0.815541 -3.58989
v 1.94817 0.81801 -3.58989
v 1.94522 0.819411 -3.58989
v 1.94109 0.819879 -3.58989
v 1.93675 0.819378 -3.58989
v 1.93346 0.817878 -3.58989
v 1.93213 0.816377 -3.58989
v 1.93169 0.814442 -3.58989
v 1.9321 0.81262 -3.58989
v 1.93335 0.811082 -3.58989
v 1.93697 0.809269 -3.58989
v 1.94362 0.807381 -3.58989
v 1.95071 0.805423 -3.58989
v 1.95568 0.803398 -3.58989
v 1.95916 0.800963 -3.58989
v 1.9618 0.797772 -3.58989
v 1.96345 0.793784 -3.58989
v 1.96401 0.788956 -3.58989
v 1.96334 0.78435 -3.58989
v 1.96136 0.780046 -3.58989
v 1.95817 0.776426 -3.58989
v 1.95389 0.773873 -3.58989
v 1.94846 0.772358 -3.58989
v 1.94184 0.771853 -3.58989
v 1.9369 0.772156 -3.58989
v 1.93256 0.773066 -3.58989
v 1.92884 0.774582 -3.58989
v 1.92572 0.776705 -3.58989
v 1.92319 0.779408 -3.58989
v 1.92123 0.782665 -3.58989
v 1.91983 0.786477 -3.58989
f 2825/4714/1 2826/4715/1 2827/4716/1 2828/4717/1 2829/4718/1 2830/4719/1 2831/4720/1 2832/4721/1 2833/4722/1 2834/4723/1 2835/4724/1 2836/4725/1 2837/4726/1 2838/4727/1 2839/4728/1 2840/4729/1 2841/4730/1 2842/4731/1 2843/4732/1 2844/4733/1 2845/4734/1 2846/4735/1 2847/4736/1 2848/4737/1 2849/4738/1 2850/4739/1 2851/4740/1 2852/4741/1 2853/4742/1 2854/4743/1 2855/4744/1 2856/4745/1 2857/4746/1 2858/4747/1 2859/4748/1 2860/4749/1 2861/4750/1 2862/4751/1 2863/4752/1 2864/4753/1 2865/4754/1 2866/4755/1 2867/4756/1 2868/4757/1 2869/4758/1 2870/4759/1 2871/4760/1 2872/4761/1 2873/4762/1 2874/4763/1 2875/4764/1 2876/4765/1 2877/4766/1 2878/4767/1 2879/4768/1 2880/4769/1 2881/4770/1 2882/4771/1 2883/4772/1 2884/4773/1 2885/4774/1 2886/4775/1 2887/4776/1 2888/4777/1 2889/4778/1 2890/4779/1 2891/4780/1 

v 1.919 0.790844 -3.58789
v 1.92987 0.791901 -3.58789
f 2826/4781/428 2825/4782/428 2892/4783/428 2893/4784/428 

v 1.91983 0.786477 -3.58789
f 2825/4785/429 2891/4786/430 2894/4787/430 2892/4788/429 

v 1.92123 0.782665 -3.58789
f 2891/4789/430 2890/4790/431 2895/4791/431 2894/4792/430 

v 1.92319 0.779408 -3.58789
f 2890/4793/431 2889/4794/432 2896/4795/432 2895/4796/431 

v 1.92572 0.776705 -3.58789
f 2889/4797/432 2888/4798/433 2897/4799/433 2896/4800/432 

v 1.92884 0.774582 -3.58789
f 2888/4801/433 2887/4802/434 2898/4803/434 2897/4804/433 

v 1.93256 0.773066 -3.58789
f 2887/4805/434 2886/4806/435 2899/4807/435 2898/4808/434 

v 1.9369 0.772156 -3.58789
f 2886/4809/435 2885/4810/436 2900/4811/436 2899/4812/435 

v 1.94184 0.771853 -3.58789
f 2885/4813/436 2884/4814/437 2901/4815/437 2900/4816/436 

v 1.94846 0.772358 -3.58789
f 2884/4817/437 2883/4818/438 2902/4819/438 2901/4820/437 

v 1.95389 0.773873 -3.58789
f 2883/4821/438 2882/4822/439 2903/4823/439 2902/4824/438 

v 1.95817 0.776426 -3.58789
f 2882/4825/439 2881/4826/440 2904/4827/440 2903/4828/439 

v 1.96136 0.780046 -3.58789
f 2881/4829/440 2880/4830/441 2905/4831/441 2904/4832/440 

v 1.96334 0.78435 -3.58789
f 2880/4833/441 2879/4834/442 2906/4835/442 2905/4836/441 

v 1.96401 0.788956 -3.58789
f 2879/4837/442 2878/4838/443 2907/4839/443 2906/4840/442 

v 1.96345 0.793784 -3.58789
f 2878/4841/443 2877/4842/444 2908/4843/444 2907/4844/443 

v 1.9618 0.797772 -3.58789
f 2877/4845/444 2876/4846/445 2909/4847/445 2908/4848/444 

v 1.95916 0.800963 -3.58789
f 2876/4849/445 2875/4850/446 2910/4851/446 2909/4852/445 

v 1.95568 0.803398 -3.58789
f 2875/4853/446 2874/4854/447 2911/4855/447 2910/4856/446 

v 1.95071 0.805423 -3.58789
f 2874/4857/447 2873/4858/448 2912/4859/448 2911/4860/447 

v 1.94362 0.807381 -3.58789
f 2873/4861/448 2872/4862/449 2913/4863/449 2912/4864/448 

v 1.93697 0.809269 -3.58789
f 2872/4865/449 2871/4866/450 2914/4867/450 2913/4868/449 

v 1.93335 0.811082 -3.58789
f 2871/4869/450 2870/4870/451 2915/4871/451 2914/4872/450 

v 1.9321 0.81262 -3.58789
f 2870/4873/451 2869/4874/452 2916/4875/452 2915/4876/451 

v 1.93169 0.814442 -3.58789
f 2869/4877/452 2868/4878/453 2917/4879/453 2916/4880/452 

v 1.93213 0.816377 -3.58789
f 2868/4881/453 2867/4882/454 2918/4883/454 2917/4884/453 

v 1.93346 0.817878 -3.58789
f 2867/4885/454 2866/4886/455 2919/4887/455 2918/4888/454 

v 1.93675 0.819378 -3.58789
f 2866/4889/455 2865/4890/456 2920/4891/456 2919/4892/455 

v 1.94109 0.819879 -3.58789
f 2865/4893/456 2864/4894/457 2921/4895/457 2920/4896/456 

v 1.94522 0.819411 -3.58789
f 2864/4897/457 2863/4898/458 2922/4899/458 2921/4900/457 

v 1.94817 0.81801 -3.58789
f 2863/4901/458 2862/4902/459 2923/4903/459 2922/4904/458 

v 1.95012 0.815541 -3.58789
f 2862/4905/459 2861/4906/460 2924/4907/460 2923/4908/459 

v 1.95124 0.811874 -3.58789
f 2861/4909/460 2860/4910/461 2925/4911/461 2924/4912/460 

v 1.96242 0.812365 -3.58789
f 2860/4913/462 2859/4914/462 2926/4915/462 2925/4916/462 

v 1.96197 0.815987 -3.58789
f 2859/4917/463 2858/4918/464 2927/4919/464 2926/4920/463 

v 1.9609 0.819227 -3.58789
f 2858/4921/464 2857/4922/465 2928/4923/465 2927/4924/464 

v 1.95921 0.822085 -3.58789
f 2857/4925/465 2856/4926/466 2929/4927/466 2928/4928/465 

v 1.95689 0.82456 -3.58789
f 2856/4929/466 2855/4930/467 2930/4931/467 2929/4932/466 

v 1.95393 0.826559 -3.58789
f 2855/4933/467 2854/4934/468 2931/4935/468 2930/4936/467 

v 1.95033 0.827987 -3.58789
f 2854/4937/468 2853/4938/469 2932/4939/469 2931/4940/468 

v 1.94609 0.828843 -3.58789
f 2853/4941/469 2852/4942/470 2933/4943/470 2932/4944/469 

v 1.9412 0.829129 -3.58789
f 2852/4945/470 2851/4946/471 2934/4947/471 2933/4948/470 

v 1.93529 0.828648 -3.58789
f 2851/4949/471 2850/4950/472 2935/4951/472 2934/4952/471 

v 1.93031 0.827203 -3.58789
f 2850/4953/472 2849/4954/473 2936/4955/473 2935/4956/472 

v 1.92632 0.824839 -3.58789
f 2849/4957/473 2848/4958/474 2937/4959/474 2936/4960/473 

v 1.9234 0.821597 -3.58789
f 2848/4961/474 2847/4962/475 2938/4963/475 2937/4964/474 

v 1.9216 0.817779 -3.58789
f 2847/4965/475 2846/4966/476 2939/4967/476 2938/4968/475 

v 1.921 0.813687 -3.58789
f 2846/4969/476 2845/4970/477 2940/4971/477 2939/4972/476 

v 1.92132 0.810527 -3.58789
f 2845/4973/477 2844/4974/478 2941/4975/478 2940/4976/477 

v 1.92228 0.807617 -3.58789
f 2844/4977/478 2843/4978/479 2942/4979/479 2941/4980/478 

v 1.92387 0.804958 -3.58789
f 2843/4981/479 2842/4982/480 2943/4983/480 2942/4984/479 

v 1.9261 0.802549 -3.58789
f 2842/4985/480 2841/4986/481 2944/4987/481 2943/4988/480 

v 1.93106 0.799556 -3.58789
f 2841/4989/481 2840/4990/482 2945/4991/482 2944/4992/481 

v 1.93871 0.797074 -3.58789
f 2840/4993/482 2839/4994/483 2946/4995/483 2945/4996/482 

v 1.94766 0.794658 -3.58789
f 2839/4997/483 2838/4998/484 2947/4999/484 2946/5000/483 

v 1.9501 0.793548 -3.58789
f 2838/5001/484 2837/5002/485 2948/5003/485 2947/5004/484 

v 1.95168 0.79226 -3.58789
f 2837/5005/485 2836/5006/486 2949/5007/486 2948/5008/485 

v 1.95254 0.790736 -3.58789
f 2836/5009/486 2835/5010/487 2950/5011/487 2949/5012/486 

v 1.95283 0.788919 -3.58789
f 2835/5013/487 2834/5014/488 2951/5015/488 2950/5016/487 

v 1.95215 0.786054 -3.58789
f 2834/5017/488 2833/5018/489 2952/5019/489 2951/5020/488 

v 1.95009 0.783576 -3.58789
f 2833/5021/489 2832/5022/490 2953/5023/490 2952/5024/489 

v 1.94669 0.781863 -3.58789
f 2832/5025/490 2831/5026/491 2954/5027/491 2953/5028/490 

v 1.94196 0.781292 -3.58789
f 2831/5029/491 2830/5030/492 2955/5031/492 2954/5032/491 

v 1.93738 0.781934 -3.58789
f 2830/5033/492 2829/5034/493 2956/5035/493 2955/5036/492 

v 1.93386 0.783859 -3.58789
f 2829/5037/493 2828/5038/494 2957/5039/494 2956/5040/493 

v 1.93136 0.787154 -3.58789
f 2828/5041/494 2827/5042/495 2958/5043/495 2957/5044/494 

f 2827/5045/495 2826/5046/496 2893/5047/496 2958/5048/495 

f 2893/5049/6 2892/4714/6 2894/5050/6 2895/5051/6 2896/5052/6 2897/5053/6 2898/5054/6 2899/5055/6 2900/5056/6 2901/5057/6 2902/5058/6 2903/5059/6 2904/5060/6 2905/5061/6 2906/5062/6 2907/5063/6 2908/5064/6 2909/5065/6 2910/5066/6 2911/5067/6 2912/5068/6 2913/5069/6 2914/5070/6 2915/5071/6 2916/5072/6 2917/5073/6 2918/5074/6 2919/5075/6 2920/5076/6 2921/5077/6 2922/5078/6 2923/5079/6 2924/5080/6 2925/5081/6 2926/5082/6 2927/5083/6 2928/5084/6 2929/5085/6 2930/5086/6 2931/5087/6 2932/5088/6 2933/5089/6 2934/5090/6 2935/5091/6 2936/5092/6 2937/5093/6 2938/5094/6 2939/5095/6 2940/5096/6 2941/5097/6 2942/5098/6 2943/5099/6 2944/5100/6 2945/5101/6 2946/5102/6 2947/5103/6 2948/5104/6 2949/5105/6 2950/5106/6 2951/5107/6 2952/5108/6 2953/5109/6 2954/5110/6 2955/5111/6 2956/5112/6 2957/5113/6 2958/5114/6 

g Mesh45 Group22 Model

v 1.98126 0.772834 -3.58989
v 1.96805 0.828185 -3.58989
v 1.97949 0.828185 -3.58989
v 1.98783 0.790165 -3.58989
v 1.99795 0.828185 -3.58989
v 2.01124 0.828185 -3.58989
v 2.02094 0.789523 -3.58989
v 2.02944 0.828185 -3.58989
v 2.04069 0.828185 -3.58989
v 2.02725 0.772834 -3.58989
v 2.01539 0.772834 -3.58989
v 2.00437 0.814215 -3.58989
v 1.99338 0.772834 -3.58989
f 2959/5115/1 2960/5116/1 2961/5117/1 2962/5118/1 2963/5119/1 2964/5120/1 2965/5121/1 2966/5122/1 2967/5123/1 2968/5124/1 2969/5125/1 2970/5126/1 2971/5127/1 

v 1.98126 0.772834 -3.58789
v 1.96805 0.828185 -3.58789
f 2960/5128/497 2959/5129/497 2972/5130/497 2973/5131/497 

v 1.99338 0.772834 -3.58789
f 2959/5132/3 2971/5133/3 2974/5134/3 2972/5135/3 

v 2.00437 0.814215 -3.58789
f 2971/5136/498 2970/5137/498 2975/5138/498 2974/5139/498 

v 2.01539 0.772834 -3.58789
f 2970/5140/499 2969/5141/499 2976/5142/499 2975/5143/499 

v 2.02725 0.772834 -3.58789
f 2969/5144/3 2968/5145/3 2977/5146/3 2976/5147/3 

v 2.04069 0.828185 -3.58789
f 2968/5148/500 2967/5149/500 2978/5150/500 2977/5151/500 

v 2.02944 0.828185 -3.58789
f 2967/5152/5 2966/5153/5 2979/5154/5 2978/5155/5 

v 2.02094 0.789523 -3.58789
f 2966/5156/501 2965/5157/501 2980/5158/501 2979/5159/501 

v 2.01124 0.828185 -3.58789
f 2965/5160/502 2964/5161/502 2981/5162/502 2980/5163/502 

v 1.99795 0.828185 -3.58789
f 2964/5164/5 2963/5165/5 2982/5166/5 2981/5167/5 

v 1.98783 0.790165 -3.58789
f 2963/5168/503 2962/5169/503 2983/5170/503 2982/5171/503 

v 1.97949 0.828185 -3.58789
f 2962/5172/504 2961/5173/504 2984/5174/504 2983/5175/504 

f 2961/5176/5 2960/5177/5 2973/5178/5 2984/5179/5 

f 2973/5180/6 2972/5132/6 2974/5133/6 2975/5181/6 2976/5144/6 2977/5145/6 2978/5182/6 2979/5183/6 2980/5184/6 2981/5185/6 2982/5186/6 2983/5187/6 2984/5188/6 

g Mesh46 Group22 Model

v 2.07988 0.782689 -3.58989
vt -6.33383 0.387967
v 2.07988 0.772834 -3.58989
vt -6.33383 0
v 2.04269 0.772834 -3.58989
vt -4.86966 0
v 2.0439 0.778276 -3.58989
vt -4.91723 0.214237
v 2.04631 0.783425 -3.58989
vt -5.01236 0.416953
v 2.05081 0.789244 -3.58989
vt -5.18925 0.646055
v 2.05824 0.796696 -3.58989
vt -5.48208 0.939446
v 2.06704 0.805758 -3.58989
vt -5.82843 1.2962
v 2.06868 0.809024 -3.58989
vt -5.89309 1.42478
v 2.06923 0.812252 -3.58989
vt -5.91464 1.55187
v 2.06876 0.81539 -3.58989
vt -5.89588 1.67543
v 2.06733 0.817708 -3.58989
vt -5.83958 1.76666
v 2.06506 0.819138 -3.58989
vt -5.7502 1.82296
v 2.06206 0.819614 -3.58989
vt -5.63221 1.84173
v 2.05908 0.819114 -3.58989
vt -5.51478 1.82203
v 2.05677 0.817613 -3.58989
vt -5.42411 1.76295
v 2.05522 0.814952 -3.58989
vt -5.36316 1.65815
v 2.05451 0.810968 -3.58989
vt -5.33492 1.50133
v 2.04394 0.812025 -3.58989
vt -4.91871 1.54295
v 2.04466 0.816096 -3.58989
vt -4.94723 1.70321
v 2.04589 0.819548 -3.58989
vt -4.99564 1.83913
v 2.04762 0.822382 -3.58989
vt -5.06392 1.95071
v 2.04986 0.824598 -3.58989
vt -5.15209 2.03794
v 2.05251 0.826267 -3.58989
vt -5.25633 2.10363
v 2.05547 0.827458 -3.58989
vt -5.37283 2.15054
v 2.06232 0.828412 -3.58989
vt -5.64262 2.18808
v 2.0662 0.828136 -3.58989
vt -5.79526 2.17721
v 2.06964 0.827307 -3.58989
vt -5.93062 2.1446
v 2.07264 0.825927 -3.58989
vt -6.0487 2.09025
v 2.0752 0.823994 -3.58989
vt -6.1495 2.01416
v 2.07725 0.821651 -3.58989
vt -6.23015 1.92191
v 2.07871 0.819039 -3.58989
vt -6.28775 1.81906
v 2.07959 0.816157 -3.58989
vt -6.32231 1.70563
v 2.07988 0.813007 -3.58989
vt -6.33383 1.5816
v 2.07954 0.809359 -3.58989
vt -6.32063 1.43797
v 2.07854 0.80589 -3.58989
vt -6.28106 1.3014
v 2.07681 0.802431 -3.58989
vt -6.21287 1.1652
v 2.07429 0.798811 -3.58989
vt -6.11383 1.02269
v 2.06734 0.79175 -3.58989
vt -5.84032 0.744719
v 2.06098 0.785634 -3.58989
vt -5.58985 0.503912
v 2.05881 0.782689 -3.58989
vt -5.50438 0.387967
f 2985/5314/1 2986/5315/1 2987/5316/1 2988/5317/1 2989/5318/1 2990/5319/1 2991/5320/1 2992/5321/1 2993/5322/1 2994/5323/1 2995/5324/1 2996/5325/1 2997/5326/1 2998/5327/1 2999/5328/1 3000/5329/1 3001/5330/1 3002/5331/1 3003/5332/1 3004/5333/1 3005/5334/1 3006/5335/1 3007/5336/1 3008/5337/1 3009/5338/1 3010/5339/1 3011/5340/1 3012/5341/1 3013/5342/1 3014/5343/1 3015/5344/1 3016/5345/1 3017/5346/1 3018/5347/1 3019/5348/1 3020/5349/1 3021/5350/1 3022/5351/1 3023/5352/1 3024/5353/1 3025/5354/1 

v 2.07988 0.782689 -3.58789
v 2.07988 0.772834 -3.58789
f 2986/1/4 2985/676/4 3026/677/4 3027/8/4 

vt -5.50438 0
v 2.05881 0.782689 -3.58789
vt -5.50438 0.0787402
vt -6.33383 0.0787402
f 2985/5315/5 3025/5355/5 3028/5356/5 3026/5357/5 

vt 3.57845 0
vt 3.72249 0
v 2.06098 0.785634 -3.58789
vt 3.72249 0.0787402
vt 3.57845 0.0787402
f 3025/5358/108 3024/5359/109 3029/5360/109 3028/5361/108 

vt 4.37882 0
vt 4.72627 0
v 2.06734 0.79175 -3.58789
vt 4.72627 0.0787402
vt 4.37882 0.0787402
f 3024/5362/109 3023/5363/110 3030/5364/110 3029/5365/109 

vt 4.62704 0
vt 5.01701 0
v 2.07429 0.798811 -3.58789
vt 5.01701 0.0787402
vt 4.62704 0.0787402
f 3023/5366/110 3022/5367/111 3031/5368/111 3030/5369/110 

vt 4.32872 0
vt 4.50227 0
v 2.07681 0.802431 -3.58789
vt 4.50227 0.0787402
vt 4.32872 0.0787402
f 3022/5370/111 3021/5371/112 3032/5372/112 3031/5373/111 

vt 3.82341 0
vt 3.97573 0
v 2.07854 0.80589 -3.58789
vt 3.97573 0.0787402
vt 3.82341 0.0787402
f 3021/5374/112 3020/5375/113 3033/5376/113 3032/5377/112 

vt 2.99827 0
vt 3.14045 0
v 2.07954 0.809359 -3.58789
vt 3.14045 0.0787402
vt 2.99827 0.0787402
f 3020/5378/113 3019/5379/114 3034/5380/114 3033/5381/113 

vt 2.01005 0
vt 2.15429 0
v 2.07988 0.813007 -3.58789
vt 2.15429 0.0787402
vt 2.01005 0.0787402
f 3019/5382/114 3018/5383/115 3035/5384/115 3034/5385/114 

vt 0.989037 0
vt 1.1136 0
v 2.07959 0.816157 -3.58789
vt 1.1136 0.0787402
vt 0.989037 0.0787402
f 3018/5386/115 3017/5387/116 3036/5388/116 3035/5389/115 

vt -0.211 0
vt -0.0924166 0
v 2.07871 0.819039 -3.58789
vt -0.0924166 0.0787402
vt -0.211 0.0787402
f 3017/5390/116 3016/5391/117 3037/5392/117 3036/5393/116 

vt -1.48543 0
vt -1.36755 0
v 2.07725 0.821651 -3.58789
vt -1.36755 0.0787402
vt -1.48543 0.0787402
f 3016/5394/117 3015/5395/118 3038/5396/118 3037/5397/117 

vt -2.65323 0
vt -2.5307 0
v 2.0752 0.823994 -3.58789
vt -2.5307 0.0787402
vt -2.65323 0.0787402
f 3015/5398/118 3014/5399/119 3039/5400/119 3038/5401/118 

vt -3.69471 0
vt -3.56841 0
v 2.07264 0.825927 -3.58789
vt -3.56841 0.0787402
vt -3.69471 0.0787402
f 3014/5402/119 3013/5403/120 3040/5404/120 3039/5405/119 

vt -4.62068 0
vt -4.49069 0
v 2.06964 0.827307 -3.58789
vt -4.49069 0.0787402
vt -4.62068 0.0787402
f 3013/5406/120 3012/5407/121 3041/5408/121 3040/5409/120 

vt -5.2634 0
vt -5.12417 0
v 2.0662 0.828136 -3.58789
vt -5.12417 0.0787402
vt -5.2634 0.0787402
f 3012/5410/121 3011/5411/122 3042/5412/122 3041/5413/121 

vt -5.62598 0
vt -5.47295 0
v 2.06232 0.828412 -3.58789
vt -5.47295 0.0787402
vt -5.62598 0.0787402
f 3011/5414/122 3010/5415/123 3043/5416/123 3042/5417/122 

vt -5.89029 0
vt -5.6179 0
v 2.05547 0.827458 -3.58789
vt -5.6179 0.0787402
vt -5.89029 0.0787402
f 3010/5418/123 3009/5419/124 3044/5420/124 3043/5421/123 

vt -5.78722 0
vt -5.66163 0
v 2.05251 0.826267 -3.58789
vt -5.66163 0.0787402
vt -5.78722 0.0787402
f 3009/5422/124 3008/5423/125 3045/5424/125 3044/5425/124 

vt -5.56855 0
vt -5.44534 0
v 2.04986 0.824598 -3.58789
vt -5.44534 0.0787402
vt -5.56855 0.0787402
f 3008/5426/125 3007/5427/126 3046/5428/126 3045/5429/125 

vt -5.09571 0
vt -4.97168 0
v 2.04762 0.822382 -3.58789
vt -4.97168 0.0787402
vt -5.09571 0.0787402
f 3007/5430/126 3006/5431/127 3047/5432/127 3046/5433/126 

vt -4.3072 0
vt -4.17638 0
v 2.04589 0.819548 -3.58789
vt -4.17638 0.0787402
vt -4.3072 0.0787402
f 3006/5434/127 3005/5435/128 3048/5436/128 3047/5437/127 

vt -3.40848 0
vt -3.2642 0
v 2.04466 0.816096 -3.58789
vt -3.2642 0.0787402
vt -3.40848 0.0787402
f 3005/5438/128 3004/5439/129 3049/5440/129 3048/5441/128 

vt -2.5437 0
vt -2.38092 0
v 2.04394 0.812025 -3.58789
vt -2.38092 0.0787402
vt -2.5437 0.0787402
f 3004/5442/129 3003/5443/130 3050/5444/130 3049/5445/129 

vt 4.74077 0
vt 5.15906 0
v 2.05451 0.810968 -3.58789
vt 5.15906 0.0787402
vt 4.74077 0.0787402
f 3003/5446/131 3002/5447/131 3051/5448/131 3050/5449/131 

vt 2.42314 0
vt 2.58248 0
v 2.05522 0.814952 -3.58789
vt 2.58248 0.0787402
vt 2.42314 0.0787402
f 3002/5450/132 3001/5451/133 3052/5452/133 3051/5453/132 

vt 4.12959 0
vt 4.25082 0
v 2.05677 0.817613 -3.58789
vt 4.25082 0.0787402
vt 4.12959 0.0787402
f 3001/5454/133 3000/5455/134 3053/5456/134 3052/5457/133 

vt 5.50689 0
vt 5.61512 0
v 2.05908 0.819114 -3.58789
vt 5.61512 0.0787402
vt 5.50689 0.0787402
f 3000/5458/134 2999/5459/135 3054/5460/135 3053/5461/134 

vt 5.7402 0
vt 5.85927 0
v 2.06206 0.819614 -3.58789
vt 5.85927 0.0787402
vt 5.7402 0.0787402
f 2999/5462/135 2998/5463/136 3055/5464/136 3054/5465/135 

vt 5.273 0
vt 5.39247 0
v 2.06506 0.819138 -3.58789
vt 5.39247 0.0787402
vt 5.273 0.0787402
f 2998/5466/136 2997/5467/137 3056/5468/137 3055/5469/136 

vt 3.89369 0
vt 3.99932 0
v 2.06733 0.817708 -3.58789
vt 3.99932 0.0787402
vt 3.89369 0.0787402
f 2997/5470/137 2996/5471/138 3057/5472/138 3056/5473/137 

vt 1.56329 0
vt 1.67049 0
v 2.06876 0.81539 -3.58789
vt 1.67049 0.0787402
vt 1.56329 0.0787402
f 2996/5474/138 2995/5475/139 3058/5476/139 3057/5477/138 

vt -0.77113 0
vt -0.64615 0
v 2.06923 0.812252 -3.58789
vt -0.64615 0.0787402
vt -0.77113 0.0787402
f 2995/5478/139 2994/5479/140 3059/5480/140 3058/5481/139 

vt -2.51897 0
vt -2.39006 0
v 2.06868 0.809024 -3.58789
vt -2.39006 0.0787402
vt -2.51897 0.0787402
f 2994/5482/140 2993/5483/141 3060/5484/141 3059/5485/140 

vt -3.92052 0
vt -3.7766 0
v 2.06704 0.805758 -3.58789
vt -3.7766 0.0787402
vt -3.92052 0.0787402
f 2993/5486/141 2992/5487/142 3061/5488/142 3060/5489/141 

vt -4.9899 0
vt -4.49268 0
v 2.05824 0.796696 -3.58789
vt -4.49268 0.0787402
vt -4.9899 0.0787402
f 2992/5490/142 2991/5491/143 3062/5492/143 3061/5493/142 

vt -4.53765 0
vt -4.12313 0
v 2.05081 0.789244 -3.58789
vt -4.12313 0.0787402
vt -4.53765 0.0787402
f 2991/5494/143 2990/5495/144 3063/5496/144 3062/5497/143 

vt -3.68271 0
vt -3.39326 0
v 2.04631 0.783425 -3.58789
vt -3.39326 0.0787402
vt -3.68271 0.0787402
f 2990/5498/144 2989/5499/145 3064/5500/145 3063/5501/144 

vt -2.5069 0
vt -2.28297 0
v 2.0439 0.778276 -3.58789
vt -2.28297 0.0787402
vt -2.5069 0.0787402
f 2989/5502/145 2988/5503/146 3065/5504/146 3064/5505/145 

vt -1.27496 0
vt -1.0555 0
v 2.04269 0.772834 -3.58789
vt -1.0555 0.0787402
vt -1.27496 0.0787402
f 2988/5506/146 2987/5507/147 3066/5508/147 3065/5509/146 

vt 4.86966 0
vt 6.33383 0
vt 6.33383 0.0787402
vt 4.86966 0.0787402
f 2987/5510/3 2986/5511/3 3027/5512/3 3066/5513/3 

vt 6.33383 0.387967
vt 5.50438 0.387967
vt 5.58985 0.503912
vt 5.84032 0.744719
vt 6.11383 1.02269
vt 6.21287 1.1652
vt 6.28106 1.3014
vt 6.32063 1.43797
vt 6.33383 1.5816
vt 6.32231 1.70563
vt 6.28775 1.81906
vt 6.23015 1.92191
vt 6.1495 2.01416
vt 6.0487 2.09025
vt 5.93062 2.1446
vt 5.79526 2.17721
vt 5.64262 2.18808
vt 5.37283 2.15054
vt 5.25633 2.10363
vt 5.15209 2.03794
vt 5.06392 1.95071
vt 4.99564 1.83913
vt 4.94723 1.70321
vt 4.91871 1.54295
vt 5.33492 1.50133
vt 5.36316 1.65815
vt 5.42411 1.76295
vt 5.51478 1.82203
vt 5.63221 1.84173
vt 5.7502 1.82296
vt 5.83958 1.76666
vt 5.89588 1.67543
vt 5.91464 1.55187
vt 5.89309 1.42478
vt 5.82843 1.2962
vt 5.48208 0.939446
vt 5.18925 0.646055
vt 5.01236 0.416953
vt 4.91723 0.214237
f 3027/5511/6 3026/5514/6 3028/5515/6 3029/5516/6 3030/5517/6 3031/5518/6 3032/5519/6 3033/5520/6 3034/5521/6 3035/5522/6 3036/5523/6 3037/5524/6 3038/5525/6 3039/5526/6 3040/5527/6 3041/5528/6 3042/5529/6 3043/5530/6 3044/5531/6 3045/5532/6 3046/5533/6 3047/5534/6 3048/5535/6 3049/5536/6 3050/5537/6 3051/5538/6 3052/5539/6 3053/5540/6 3054/5541/6 3055/5542/6 3056/5543/6 3057/5544/6 3058/5545/6 3059/5546/6 3060/5547/6 3061/5548/6 3062/5549/6 3063/5550/6 3064/5551/6 3065/5552/6 3066/5510/6 

g Mesh47 Group22 Model

v 2.10148 0.780801 -3.58989
v 2.10148 0.795186 -3.58989
v 2.08698 0.795186 -3.58989
v 2.08698 0.805116 -3.58989
v 2.10148 0.805116 -3.58989
v 2.10148 0.819501 -3.58989
v 2.11114 0.819501 -3.58989
v 2.11114 0.805116 -3.58989
v 2.12568 0.805116 -3.58989
v 2.12568 0.795186 -3.58989
v 2.11114 0.795186 -3.58989
v 2.11114 0.780801 -3.58989
f 3067/5240/1 3068/5241/1 3069/5242/1 3070/5243/1 3071/5244/1 3072/5245/1 3073/5246/1 3074/5247/1 3075/5248/1 3076/5249/1 3077/5250/1 3078/5251/1 

v 2.10148 0.780801 -3.58789
v 2.10148 0.795186 -3.58789
f 3068/5252/2 3067/5253/2 3079/5254/2 3080/5255/2 

v 2.11114 0.780801 -3.58789
f 3067/5256/3 3078/5257/3 3081/5258/3 3079/5259/3 

v 2.11114 0.795186 -3.58789
f 3078/5260/4 3077/5261/4 3082/5262/4 3081/5263/4 

v 2.12568 0.795186 -3.58789
f 3077/5257/3 3076/5264/3 3083/5265/3 3082/5258/3 

v 2.12568 0.805116 -3.58789
f 3076/5261/4 3075/5266/4 3084/5267/4 3083/5262/4 

v 2.11114 0.805116 -3.58789
f 3075/5268/5 3074/5269/5 3085/5270/5 3084/5271/5 

v 2.11114 0.819501 -3.58789
f 3074/5266/4 3073/5272/4 3086/5273/4 3085/5267/4 

v 2.10148 0.819501 -3.58789
f 3073/5269/5 3072/5274/5 3087/5275/5 3086/5270/5 

v 2.10148 0.805116 -3.58789
f 3072/5276/2 3071/5277/2 3088/5278/2 3087/5279/2 

v 2.08698 0.805116 -3.58789
f 3071/5274/5 3070/5280/5 3089/5281/5 3088/5275/5 

v 2.08698 0.795186 -3.58789
f 3070/5277/2 3069/5252/2 3090/5255/2 3089/5278/2 

f 3069/5282/3 3068/5256/3 3080/5259/3 3090/5283/3 

f 3080/5284/6 3079/5285/6 3081/5286/6 3082/5287/6 3083/5288/6 3084/5289/6 3085/5290/6 3086/5291/6 3087/5292/6 3088/5293/6 3089/5294/6 3090/5295/6 

g Mesh48 Group22 Model

v 2.13459 0.828185 -3.58989
vt -8.48771 2.17916
v 2.14576 0.818822 -3.58989
vt -8.92771 1.81051
v 2.13459 0.772834 -3.58989
vt -8.48771 0
f 3091/5553/1 3092/5554/1 3093/5555/1

v 2.15811 0.828185 -3.58989
vt -9.41378 2.17916
f 3092/5554/1 3091/5553/1 3094/5556/1

vt -9.41378 0
v 2.13459 0.828185 -3.58789
vt -8.48771 0.0787402
v 2.15811 0.828185 -3.58789
vt -9.41378 0.0787402
f 3094/5557/7 3091/5555/5 3095/5558/5 3096/5559/7 

v 2.13459 0.772834 -3.58789
f 3091/27/2 3093/1/2 3097/8/2 3095/28/2 

vt 8.48771 0
v 2.14576 0.772834 -3.58989
vt 8.92771 0
v 2.14576 0.772834 -3.58789
vt 8.92771 0.0787402
vt 8.48771 0.0787402
f 3093/5560/3 3098/5561/3 3099/5562/3 3097/5563/3 

vt -8.92771 0
f 3092/5554/1 3098/5564/1 3093/5555/1

v 2.14576 0.804776 -3.58989
vt -8.92771 1.25755
f 3098/5564/1 3092/5554/1 3100/5565/1

v 2.14576 0.818822 -3.58789
v 2.14576 0.804776 -3.58789
f 3100/32/4 3092/33/4 3101/34/4 3102/35/4 

v 2.15449 0.818822 -3.58989
vt 9.27108 0
v 2.15449 0.818822 -3.58789
vt 9.27108 0.0787402
f 3092/5561/3 3103/5566/8 3104/5567/8 3101/5562/3 

vt -9.27108 1.81051
f 3092/5554/1 3094/5556/1 3103/5568/1

v 2.16264 0.818633 -3.58989
vt -9.59216 1.80308
f 3103/5568/1 3094/5556/1 3105/5569/1

v 2.16577 0.827812 -3.58989
vt -9.71535 2.16448
f 3105/5569/1 3094/5556/1 3106/5570/1

vt -9.59863 0
vt -9.2967 0
vt -9.2967 0.0787402
v 2.16577 0.827812 -3.58789
vt -9.59863 0.0787402
f 3106/5571/9 3094/5572/7 3096/5573/7 3107/5574/9 

vt 9.41378 2.17916
v 2.16264 0.818633 -3.58789
vt 9.59216 1.80308
vt 9.71535 2.16448
f 3096/5575/6 3108/5576/6 3107/5577/6

vt 9.27108 1.81051
f 3096/5575/6 3104/5578/6 3108/5576/6

vt 8.92771 1.81051
f 3096/5575/6 3101/5579/6 3104/5578/6

vt 8.48771 2.17916
f 3095/5580/6 3101/5579/6 3096/5575/6

f 3095/5580/6 3099/5561/6 3101/5579/6

f 3099/5561/6 3095/5580/6 3097/5560/6

v 2.14576 0.795941 -3.58789
vt 8.92771 0.909716
f 3101/5579/6 3099/5561/6 3109/5581/6

v 2.14576 0.795941 -3.58989
f 3098/1/4 3110/51/4 3109/52/4 3099/8/4 

vt -8.92771 0.909716
f 3098/5564/1 3100/5565/1 3110/5582/1

v 2.15403 0.804776 -3.58989
vt -9.25324 1.25755
f 3111/5583/1 3110/5582/1 3100/5565/1

v 2.14803 0.795941 -3.58989
vt -9.01689 0.909716
f 3110/5582/1 3111/5583/1 3112/5584/1

v 2.15365 0.795318 -3.58989
vt -9.23838 0.88519
f 3112/5584/1 3111/5583/1 3113/5585/1

v 2.15702 0.793015 -3.58989
vt -9.37067 0.794515
f 3113/5585/1 3111/5583/1 3114/5586/1

v 2.16056 0.804946 -3.58989
vt -9.5104 1.26424
f 3114/5586/1 3111/5583/1 3115/5587/1

vt -9.54006 0
vt -9.28281 0
v 2.15403 0.804776 -3.58789
vt -9.28281 0.0787402
v 2.16056 0.804946 -3.58789
vt -9.54006 0.0787402
f 3115/5588/10 3111/5589/11 3116/5590/11 3117/5591/10 

vt -9.25324 0
vt -8.92771 0.0787402
vt -9.25324 0.0787402
f 3111/5592/11 3100/5564/5 3102/5593/5 3116/5594/11 

vt 8.92771 1.25755
v 2.14803 0.795941 -3.58789
vt 9.01689 0.909716
vt 9.25324 1.25755
f 3102/5595/6 3118/5596/6 3116/5597/6

f 3118/5596/6 3102/5595/6 3109/5581/6

f 3101/5579/6 3109/5581/6 3102/5595/6

vt 9.01689 0
vt 9.01689 0.0787402
f 3110/5561/3 3112/5598/12 3118/5599/12 3109/5562/3 

vt 8.86198 0
vt 9.08482 0
v 2.15365 0.795318 -3.58789
vt 9.08482 0.0787402
vt 8.86198 0.0787402
f 3112/5600/12 3113/5601/13 3119/5602/13 3118/5603/12 

vt 7.11986 0
vt 7.28024 0
v 2.15702 0.793015 -3.58789
vt 7.28024 0.0787402
vt 7.11986 0.0787402
f 3113/5604/13 3114/5605/14 3120/5606/14 3119/5607/13 

vt 4.85121 0
v 2.16291 0.784879 -3.58989
vt 5.24667 0
v 2.16291 0.784879 -3.58789
vt 5.24667 0.0787402
vt 4.85121 0.0787402
f 3114/5608/14 3121/5609/15 3122/5610/15 3120/5611/14 

vt -9.60256 0.474182
f 3114/5586/1 3115/5587/1 3121/5612/1

v 2.16408 0.805456 -3.58989
vt -9.64864 1.28431
f 3121/5612/1 3115/5587/1 3123/5613/1

vt -9.73306 0
vt -9.59337 0
vt -9.59337 0.0787402
v 2.16408 0.805456 -3.58789
vt -9.73306 0.0787402
f 3123/5614/16 3115/5615/10 3117/5616/10 3124/5617/16 

vt 9.5104 1.26424
vt 9.60256 0.474182
vt 9.64864 1.28431
f 3117/5618/6 3122/5619/6 3124/5620/6

vt 9.37067 0.794515
f 3117/5618/6 3120/5621/6 3122/5619/6

f 3116/5597/6 3120/5621/6 3117/5618/6

vt 9.23838 0.88519
f 3116/5597/6 3119/5622/6 3120/5621/6

f 3116/5597/6 3118/5596/6 3119/5622/6

v 2.16525 0.797263 -3.58789
vt 9.69472 0.961743
f 3124/5620/6 3122/5619/6 3125/5623/6

v 2.17098 0.772834 -3.58789
vt 9.92067 0
f 3125/5623/6 3122/5619/6 3126/5624/6

vt 4.95581 0
v 2.17098 0.772834 -3.58989
vt 5.52681 0
vt 5.52681 0.0787402
vt 4.95581 0.0787402
f 3121/5625/15 3127/5626/17 3126/5627/17 3122/5628/15 

v 2.16525 0.797263 -3.58989
vt -9.69472 0.961743
vt -9.92067 0
f 3121/5612/1 3128/5629/1 3127/5630/1

f 3121/5612/1 3123/5613/1 3128/5629/1

v 2.16586 0.806381 -3.58989
vt -9.71888 1.32072
f 3129/5631/1 3128/5629/1 3123/5613/1

v 2.17163 0.79907 -3.58989
vt -9.94594 1.03291
f 3128/5629/1 3129/5631/1 3130/5632/1

v 2.16721 0.807797 -3.58989
vt -9.77202 1.37647
f 3130/5632/1 3129/5631/1 3131/5633/1

vt -7.73913 0
vt -7.66211 0
v 2.16586 0.806381 -3.58789
vt -7.66211 0.0787402
v 2.16721 0.807797 -3.58789
vt -7.73913 0.0787402
f 3131/5634/18 3129/5635/19 3132/5636/19 3133/5637/18 

vt -9.23593 0
vt -9.15682 0
vt -9.15682 0.0787402
vt -9.23593 0.0787402
f 3129/5638/19 3123/5639/16 3124/5640/16 3132/5641/19 

vt 9.71888 1.32072
f 3125/5623/6 3132/5642/6 3124/5620/6

v 2.17163 0.79907 -3.58789
vt 9.94594 1.03291
f 3132/5642/6 3125/5623/6 3134/5643/6

vt 9.5898 0
vt 9.8509 0
vt 9.8509 0.0787402
vt 9.5898 0.0787402
f 3128/5644/20 3130/5645/21 3134/5646/21 3125/5647/20 

vt 9.10913 0
v 2.17414 0.800537 -3.58989
vt 9.22361 0
v 2.17414 0.800537 -3.58789
vt 9.22361 0.0787402
vt 9.10913 0.0787402
f 3130/5648/21 3135/5649/22 3136/5650/22 3134/5651/21 

v 2.17462 0.824622 -3.58989
vt -10.0639 2.03887
vt -10.0448 1.09065
f 3130/5632/1 3137/5652/1 3135/5653/1

v 2.171 0.826694 -3.58989
vt -9.92141 2.12044
f 3130/5632/1 3138/5654/1 3137/5652/1

v 2.16834 0.81195 -3.58989
vt -9.81661 1.53998
f 3130/5632/1 3139/5655/1 3138/5654/1

v 2.16806 0.809666 -3.58989
vt -9.80546 1.45005
f 3130/5632/1 3140/5656/1 3139/5655/1

f 3130/5632/1 3131/5633/1 3140/5656/1

vt -5.37761 0
vt -5.29679 0
vt -5.29679 0.0787402
v 2.16806 0.809666 -3.58789
vt -5.37761 0.0787402
f 3140/5657/23 3131/5658/18 3133/5659/18 3141/5660/23 

vt 9.77202 1.37647
vt 9.80546 1.45005
f 3133/5661/6 3134/5643/6 3141/5662/6

f 3132/5642/6 3134/5643/6 3133/5661/6

v 2.16834 0.81195 -3.58789
vt 9.81661 1.53998
f 3141/5662/6 3134/5643/6 3142/5663/6

v 2.171 0.826694 -3.58789
vt 9.92141 2.12044
f 3142/5663/6 3134/5643/6 3143/5664/6

v 2.17462 0.824622 -3.58789
vt 10.0639 2.03887
f 3143/5664/6 3134/5643/6 3144/5665/6

vt 10.0448 1.09065
f 3144/5665/6 3134/5643/6 3136/5666/6

v 2.1762 0.802379 -3.58789
vt 10.1258 1.16316
f 3144/5665/6 3136/5666/6 3145/5667/6

vt 8.21194 0
v 2.1762 0.802379 -3.58989
vt 8.32066 0
vt 8.32066 0.0787402
vt 8.21194 0.0787402
f 3135/5668/22 3146/5669/24 3145/5670/24 3136/5671/22 

vt -10.1258 1.16316
f 3135/5653/1 3137/5652/1 3146/5672/1

v 2.17744 0.821389 -3.58989
vt -10.1749 1.91159
f 3146/5672/1 3137/5652/1 3147/5673/1

vt -5.24401 0
vt -5.07518 0
vt -5.07518 0.0787402
v 2.17744 0.821389 -3.58789
vt -5.24401 0.0787402
f 3147/5674/25 3137/5675/26 3144/5676/26 3148/5677/25 

vt -7.72163 0
vt -7.55742 0
vt -7.55742 0.0787402
vt -7.72163 0.0787402
f 3137/5678/26 3138/5679/27 3143/5680/27 3144/5681/26 

vt -9.25918 0
vt -9.04847 0
vt -9.04847 0.0787402
vt -9.25918 0.0787402
f 3138/5682/27 3106/5683/9 3107/5684/9 3143/5685/27 

v 2.16685 0.816462 -3.58989
vt -9.7579 1.71761
f 3149/5686/1 3106/5570/1 3138/5654/1

v 2.16505 0.817863 -3.58989
vt -9.6871 1.77279
f 3150/5687/1 3106/5570/1 3149/5686/1

f 3105/5569/1 3106/5570/1 3150/5687/1

vt 8.59055 0
vt 8.69021 0
v 2.16505 0.817863 -3.58789
vt 8.69021 0.0787402
vt 8.59055 0.0787402
f 3105/5688/28 3150/5689/29 3151/5690/29 3108/5691/28 

vt 6.55013 0
vt 6.63989 0
v 2.16685 0.816462 -3.58789
vt 6.63989 0.0787402
vt 6.55013 0.0787402
f 3150/5692/29 3149/5693/30 3152/5694/30 3151/5695/29 

vt 3.29006 0
v 2.16797 0.814475 -3.58989
vt 3.37983 0
v 2.16797 0.814475 -3.58789
vt 3.37983 0.0787402
vt 3.29006 0.0787402
f 3149/5696/30 3153/5697/31 3154/5698/31 3152/5699/30 

vt -9.80193 1.63938
f 3149/5686/1 3138/5654/1 3153/5700/1

f 3153/5700/1 3138/5654/1 3139/5655/1

vt -0.189945 0
vt -0.0894595 0
vt -0.0894595 0.0787402
vt -0.189945 0.0787402
f 3153/5701/31 3139/5702/32 3142/5703/32 3154/5704/31 

vt -2.73596 0
vt -2.64534 0
vt -2.64534 0.0787402
vt -2.73596 0.0787402
f 3139/5705/32 3140/5706/23 3141/5707/23 3142/5708/32 

vt 9.80193 1.63938
f 3143/5664/6 3154/5709/6 3142/5663/6

vt 9.7579 1.71761
f 3143/5664/6 3152/5710/6 3154/5709/6

f 3107/5577/6 3152/5710/6 3143/5664/6

vt 9.6871 1.77279
f 3107/5577/6 3151/5711/6 3152/5710/6

f 3107/5577/6 3108/5576/6 3151/5711/6

vt 9.2267 0
vt 9.54786 0
vt 9.54786 0.0787402
vt 9.2267 0.0787402
f 3103/5712/8 3105/5713/28 3108/5714/28 3104/5715/8 

vt 10.1749 1.91159
f 3144/5665/6 3145/5667/6 3148/5716/6

v 2.1778 0.804544 -3.58789
vt 10.1889 1.2484
f 3148/5716/6 3145/5667/6 3155/5717/6

vt 6.95852 0
v 2.1778 0.804544 -3.58989
vt 7.06457 0
vt 7.06457 0.0787402
vt 6.95852 0.0787402
f 3146/5718/24 3156/5719/33 3155/5720/33 3145/5721/24 

vt -10.1889 1.2484
f 3146/5672/1 3147/5673/1 3156/5722/1

v 2.17925 0.817302 -3.58989
vt -10.2462 1.75068
f 3156/5722/1 3147/5673/1 3157/5723/1

vt -2.55295 0
vt -2.37693 0
vt -2.37693 0.0787402
v 2.17925 0.817302 -3.58789
vt -2.55295 0.0787402
f 3157/5724/34 3147/5725/25 3148/5726/25 3158/5727/34 

vt 10.2462 1.75068
f 3148/5716/6 3155/5717/6 3158/5728/6

v 2.17894 0.80698 -3.58789
vt 10.2339 1.34432
f 3158/5728/6 3155/5717/6 3159/5729/6

vt 5.46189 0
v 2.17894 0.80698 -3.58989
vt 5.56787 0
vt 5.56787 0.0787402
vt 5.46189 0.0787402
f 3156/5730/33 3160/5731/35 3159/5732/35 3155/5733/33 

vt -10.2339 1.34432
f 3156/5722/1 3157/5723/1 3160/5734/1

v 2.17986 0.812667 -3.58989
vt -10.27 1.56822
f 3160/5734/1 3157/5723/1 3161/5735/1

vt 0.227648 0
vt 0.411655 0
vt 0.411655 0.0787402
v 2.17986 0.812667 -3.58789
vt 0.227648 0.0787402
f 3161/5736/36 3157/5737/34 3158/5738/34 3162/5739/36 

vt 10.27 1.56822
f 3158/5728/6 3159/5729/6 3162/5740/6

vt 2.9539 0
vt 3.18068 0
vt 3.18068 0.0787402
vt 2.9539 0.0787402
f 3160/5741/35 3161/5742/36 3162/5743/36 3159/5744/35 

v 2.16855 0.795045 -3.58989
vt -7.67357 0
vt -7.51675 0
vt -7.51675 0.0787402
v 2.16855 0.795045 -3.58789
vt -7.67357 0.0787402
f 3163/5745/37 3128/5746/38 3125/5747/38 3164/5748/37 

vt -9.82497 0.874413
f 3127/5630/1 3128/5629/1 3163/5749/1

v 2.17123 0.792619 -3.58989
vt -9.93033 0.778907
f 3127/5630/1 3163/5749/1 3165/5750/1

vt -6.83409 0
vt -6.69189 0
vt -6.69189 0.0787402
v 2.17123 0.792619 -3.58789
vt -6.83409 0.0787402
f 3165/5751/39 3163/5752/37 3164/5753/37 3166/5754/39 

vt 9.82497 0.874413
vt 9.93033 0.778907
f 3164/5755/6 3126/5624/6 3166/5756/6

f 3125/5623/6 3126/5624/6 3164/5755/6

v 2.18435 0.772834 -3.58789
vt 10.4469 0
f 3166/5756/6 3126/5624/6 3167/5757/6

v 2.18435 0.772834 -3.58989
vt 10.4469 0.0787402
vt 9.92067 0.0787402
f 3127/5624/3 3168/5757/3 3167/5758/3 3126/5759/3 

vt -10.4469 0
f 3127/5630/1 3165/5750/1 3168/5760/1

v 2.17759 0.783633 -3.58989
vt -10.1808 0.425129
f 3168/5760/1 3165/5750/1 3169/5761/1

vt -5.53577 0
vt -5.1023 0
vt -5.1023 0.0787402
v 2.17759 0.783633 -3.58789
vt -5.53577 0.0787402
f 3169/5762/40 3165/5763/39 3166/5764/39 3170/5765/40 

vt 10.1808 0.425129
f 3166/5756/6 3167/5757/6 3170/5766/6

vt -5.5424 0
vt -5.04087 0
vt -5.04087 0.0787402
vt -5.5424 0.0787402
f 3168/5767/41 3169/5768/40 3170/5769/40 3167/5770/41 

g Mesh49 Group23 Model

v -0.104941 1.29535 -3.8655
vt -0.848771 2.17916
v -0.114645 1.24 -3.8655
vt -0.46675 0
v -0.1265 1.24 -3.8655
f 3171/5771/1 3172/5772/1 3173/1/1

v -0.110076 1.25257 -3.8655
vt -0.646612 0.494993
f 3172/5772/1 3171/5771/1 3174/5773/1

v -0.10664 1.2619 -3.8655
vt -0.78188 0.86215
f 3174/5773/1 3171/5771/1 3175/5774/1

v -0.0991645 1.28244 -3.8655
vt -1.0762 1.67079
f 3175/5774/1 3171/5771/1 3176/5775/1

v -0.0931235 1.29535 -3.8655
vt -1.31403 2.17916
f 3176/5775/1 3171/5771/1 3177/5776/1

vt -1.31403 0
vt -0.848771 0
v -0.104941 1.29535 -3.8635
vt -0.848771 0.0787402
v -0.0931235 1.29535 -3.8635
vt -1.31403 0.0787402
f 3177/5777/5 3171/5778/5 3178/5779/5 3179/5780/5 

vt -2.33862 0
vn -0.931814 0.362937 1.38953e-16
v -0.1265 1.24 -3.8635
vt -2.33862 0.0787402
f 3171/5781/505 3173/1/505 3180/8/505 3178/5782/505 

vt 0.46675 0
v -0.114645 1.24 -3.8635
vt 0.46675 0.0787402
f 3173/1/3 3172/5783/3 3181/5784/3 3180/8/3 

vt 0.159403 0
vn 0.939876 -0.341516 -1.30752e-16
vt 0.68606 0
v -0.110076 1.25257 -3.8635
vt 0.68606 0.0787402
vt 0.159403 0.0787402
f 3172/5785/506 3174/5786/506 3182/5787/506 3181/5788/506 

vt 0.646612 0
v -0.0879509 1.25257 -3.8655
vt 1.51768 0
v -0.0879509 1.25257 -3.8635
vt 1.51768 0.0787402
vt 0.646612 0.0787402
f 3174/5789/3 3183/5790/3 3184/5791/3 3182/5792/3 

vt -1.51768 0.494993
f 3175/5774/1 3183/5793/1 3174/5773/1

v -0.0915378 1.2619 -3.8655
vt -1.37647 0.86215
f 3183/5793/1 3175/5774/1 3185/5794/1

vt -1.37647 0
vt -0.78188 0
v -0.10664 1.2619 -3.8635
vt -0.78188 0.0787402
v -0.0915378 1.2619 -3.8635
vt -1.37647 0.0787402
f 3185/5795/5 3175/5796/5 3186/5797/5 3187/5798/5 

vt 1.07757 0
vn 0.939693 -0.34202 -1.30945e-16
vt 1.93811 0
v -0.0991645 1.28244 -3.8635
vt 1.93811 0.0787402
vt 1.07757 0.0787402
f 3175/5799/507 3176/5800/507 3188/5801/507 3186/5802/507 

vt -1.19167 0
vn -0.937457 -0.3481 -1.33272e-16
vt -0.329081 0
vt -0.329081 0.0787402
vt -1.19167 0.0787402
f 3176/5803/508 3185/5804/508 3187/5805/508 3188/5806/508 

f 3176/5775/1 3177/5776/1 3185/5794/1

v -0.0709606 1.24 -3.8655
vt -2.18659 0
f 3185/5794/1 3177/5776/1 3189/5807/1

vt -0.812795 0
vn 0.928346 0.371718 1.42315e-16
vt 1.53456 0
vt 1.53456 0.0787402
v -0.0709606 1.24 -3.8635
vt -0.812795 0.0787402
f 3189/5808/509 3177/5809/509 3179/5810/509 3190/5811/509 

vt 1.31403 2.17916
vt 1.37647 0.86215
vt 2.18659 0
f 3179/5812/6 3187/5813/6 3190/5814/6

vt 1.0762 1.67079
f 3179/5812/6 3188/5815/6 3187/5813/6

vt 0.848771 2.17916
f 3178/5816/6 3188/5815/6 3179/5812/6

vt 0.78188 0.86215
f 3178/5816/6 3186/5817/6 3188/5815/6

vt 0.646612 0.494993
f 3178/5816/6 3182/5818/6 3186/5817/6

f 3178/5816/6 3181/5783/6 3182/5818/6

f 3181/5783/6 3178/5816/6 3180/1/6

vt 1.51768 0.494993
f 3184/5819/6 3186/5817/6 3182/5818/6

f 3186/5817/6 3184/5819/6 3187/5813/6

f 3190/5814/6 3187/5813/6 3184/5819/6

v -0.0831181 1.24 -3.8635
vt 1.70795 0
f 3190/5814/6 3184/5819/6 3191/5820/6

vt 0.0824954 0
vn -0.933418 -0.358791 -1.37366e-16
v -0.0831181 1.24 -3.8655
vt 0.612797 0
vt 0.612797 0.0787402
vt 0.0824954 0.0787402
f 3183/5821/510 3192/5822/510 3191/5823/510 3184/5824/510 

vt -1.70795 0
f 3183/5793/1 3189/5807/1 3192/5825/1

f 3185/5794/1 3189/5807/1 3183/5793/1

vt 2.18659 0.0787402
vt 1.70795 0.0787402
f 3192/5820/3 3189/5814/3 3190/5826/3 3191/5827/3 

g Mesh50 Group23 Model

v -0.0467211 1.2801 -3.8655
vt -3.1409 1.57863
v -0.0467211 1.27164 -3.8655
vt -3.1409 1.24566
v -0.0539703 1.27164 -3.8655
vt -2.8555 1.24566
v -0.0539703 1.25548 -3.8655
vt -2.8555 0.609451
v -0.0537627 1.24976 -3.8655
vt -2.86367 0.384251
v -0.0528188 1.24842 -3.8655
vt -2.90084 0.331482
v -0.0510254 1.24789 -3.8655
vt -2.97144 0.310671
v -0.0467589 1.24891 -3.8655
vt -3.13941 0.350806
v -0.0458528 1.24068 -3.8655
vt -3.17509 0.0267564
v -0.0497983 1.23949 -3.8655
vt -3.01975 -0.0200674
v -0.0542346 1.23909 -3.8655
vt -2.84509 -0.0356752
v -0.0569625 1.23933 -3.8655
vt -2.7377 -0.026199
v -0.0594072 1.24006 -3.8655
vt -2.64145 0.0022297
v -0.0614036 1.24116 -3.8655
vt -2.56285 0.0457088
v -0.0627864 1.24255 -3.8655
vt -2.50841 0.100336
v -0.0642778 1.24668 -3.8655
vt -2.44969 0.263104
v -0.0646176 1.25416 -3.8655
vt -2.43632 0.557424
v -0.0646176 1.27164 -3.8655
vt -2.43632 1.24566
v -0.0694881 1.27164 -3.8655
vt -2.24456 1.24566
v -0.0694881 1.2801 -3.8655
vt -2.24456 1.57863
v -0.0646176 1.2801 -3.8655
vt -2.43632 1.57863
v -0.0646176 1.28806 -3.8655
vt -2.43632 1.89227
v -0.0539703 1.29426 -3.8655
vt -2.8555 2.13605
v -0.0539703 1.2801 -3.8655
vt -2.8555 1.57863
f 3193/5828/1 3194/5829/1 3195/5830/1 3196/5831/1 3197/5832/1 3198/5833/1 3199/5834/1 3200/5835/1 3201/5836/1 3202/5837/1 3203/5838/1 3204/5839/1 3205/5840/1 3206/5841/1 3207/5842/1 3208/5843/1 3209/5844/1 3210/5845/1 3211/5846/1 3212/5847/1 3213/5848/1 3214/5849/1 3215/5850/1 3216/5851/1 

vt 1.24566 0
vt 1.57863 0
v -0.0467211 1.2801 -3.8635
vt 1.57863 0.0787402
v -0.0467211 1.27164 -3.8635
vt 1.24566 0.0787402
f 3194/5852/4 3193/5853/4 3217/5854/4 3218/5855/4 

vt -3.1409 0
vt -2.8555 0
v -0.0539703 1.2801 -3.8635
vt -2.8555 0.0787402
vt -3.1409 0.0787402
f 3193/5856/5 3216/5857/5 3219/5858/5 3217/5859/5 

vt 2.13605 0
v -0.0539703 1.29426 -3.8635
vt 2.13605 0.0787402
f 3216/5853/4 3215/5860/4 3220/5861/4 3219/5854/4 

vt -3.54227 0
vn -0.502727 0.864445 3.30959e-16
vt -3.05736 0
v -0.0646176 1.28806 -3.8635
vt -3.05736 0.0787402
vt -3.54227 0.0787402
f 3215/5862/511 3214/5863/511 3221/5864/511 3220/5865/511 

vt -1.89227 0
vt -1.57863 0
v -0.0646176 1.2801 -3.8635
vt -1.57863 0.0787402
vt -1.89227 0.0787402
f 3214/5866/2 3213/5867/2 3222/5868/2 3221/5869/2 

vt -2.43632 0
vt -2.24456 0
v -0.0694881 1.2801 -3.8635
vt -2.24456 0.0787402
vt -2.43632 0.0787402
f 3213/5870/5 3212/5871/5 3223/5872/5 3222/5873/5 

vt -1.24566 0
v -0.0694881 1.27164 -3.8635
vt -1.24566 0.0787402
f 3212/5867/2 3211/5874/2 3224/5875/2 3223/5868/2 

vt 2.24456 0
vt 2.43632 0
v -0.0646176 1.27164 -3.8635
vt 2.43632 0.0787402
vt 2.24456 0.0787402
f 3211/5876/3 3210/5877/3 3225/5878/3 3224/5879/3 

vt -0.557424 0
vn -0.999742 -0.0227097 -8.69456e-18
v -0.0646176 1.25416 -3.8635
vt -0.557424 0.0787402
f 3210/5874/2 3209/5880/512 3226/5881/512 3225/5875/2 

vt -0.446222 0
vt -0.151598 0
vn -0.98089 -0.194564 -7.44901e-17
v -0.0642778 1.24668 -3.8635
vt -0.151598 0.0787402
vt -0.446222 0.0787402
f 3209/5882/512 3208/5883/513 3227/5884/513 3226/5885/512 

vt 0.583755 0
vt 0.75679 0
vn -0.844616 -0.535372 -2.04971e-16
v -0.0627864 1.24255 -3.8635
vt 0.75679 0.0787402
vt 0.583755 0.0787402
f 3208/5886/513 3207/5887/514 3228/5888/514 3227/5889/513 

vt 1.69962 0
vt 1.77674 0
vn -0.602154 -0.79838 -3.05665e-16
v -0.0614036 1.24116 -3.8635
vt 1.77674 0.0787402
vt 1.69962 0.0787402
f 3207/5890/514 3206/5891/515 3229/5892/515 3228/5893/514 

vt 2.22046 0
vt 2.31028 0
vn -0.385957 -0.922517 -3.53192e-16
v -0.0594072 1.24006 -3.8635
vt 2.31028 0.0787402
vt 2.22046 0.0787402
f 3206/5894/515 3205/5895/516 3230/5896/516 3229/5897/515 

vt 2.53262 0
vt 2.63298 0
vn -0.186506 -0.982454 -3.76139e-16
v -0.0569625 1.23933 -3.8635
vt 2.63298 0.0787402
vt 2.53262 0.0787402
f 3205/5898/516 3204/5899/517 3231/5900/517 3230/5901/516 

vt 2.7294 0
vt 2.83722 0
vn 0.000558794 -1 -3.82857e-16
v -0.0542346 1.23909 -3.8635
vt 2.83722 0.0787402
vt 2.7294 0.0787402
f 3204/5902/517 3203/5903/518 3232/5904/518 3231/5905/517 

vt 2.83063 0
vt 3.00598 0
vn 0.189791 -0.981825 -3.75898e-16
v -0.0497983 1.23949 -3.8635
vt 3.00598 0.0787402
vt 2.83063 0.0787402
f 3203/5906/518 3202/5907/519 3233/5908/519 3232/5909/518 

vt 2.88546 0
vt 3.0477 0
vn 0.288609 -0.957447 -3.66565e-16
v -0.0458528 1.24068 -3.8635
vt 3.0477 0.0787402
vt 2.88546 0.0787402
f 3202/5910/519 3201/5911/520 3234/5912/520 3233/5913/519 

vt -0.320856 0
vn 0.993994 0.109431 4.18962e-17
vt 0.00515105 0
v -0.0467589 1.24891 -3.8635
vt 0.00515105 0.0787402
vt -0.320856 0.0787402
f 3201/5914/521 3200/5915/521 3235/5916/521 3234/5917/521 

vt -3.13499 0
vn -0.232396 0.972621 3.72375e-16
vt -2.96229 0
vn 0.0260374 0.999661 3.82727e-16
v -0.0510254 1.24789 -3.8635
vt -2.96229 0.0787402
vt -3.13499 0.0787402
f 3200/5918/522 3199/5919/523 3236/5920/523 3235/5921/522 

vt -2.76239 0
vt -2.68878 0
vn 0.282713 0.959205 3.67238e-16
v -0.0528188 1.24842 -3.8635
vt -2.68878 0.0787402
vt -2.76239 0.0787402
f 3199/5922/523 3198/5923/524 3237/5924/524 3236/5925/523 

vt -1.39922 0
vn 0.817606 0.575779 2.20441e-16
vt -1.33468 0
v -0.0537627 1.24976 -3.8635
vt -1.33468 0.0787402
vt -1.39922 0.0787402
f 3198/5926/525 3197/5927/525 3238/5928/525 3237/5929/525 

vt 0.280105 0
vn 0.999342 0.0362797 1.38899e-17
vt 0.505453 0
vn 0.999835 0.0181429 6.94612e-18
v -0.0539703 1.25548 -3.8635
vt 0.505453 0.0787402
vt 0.280105 0.0787402
f 3197/5930/526 3196/5931/527 3239/5932/527 3238/5933/526 

vt 0.609451 0
v -0.0539703 1.27164 -3.8635
vt 0.609451 0.0787402
f 3196/5934/527 3195/5852/4 3240/5855/4 3239/5935/527 

vt 2.8555 0
vt 3.1409 0
vt 3.1409 0.0787402
vt 2.8555 0.0787402
f 3195/5936/3 3194/5937/3 3218/5938/3 3240/5939/3 

vt 3.1409 1.24566
vt 3.1409 1.57863
vt 2.8555 1.57863
vt 2.8555 2.13605
vt 2.43632 1.89227
vt 2.43632 1.57863
vt 2.24456 1.57863
vt 2.24456 1.24566
vt 2.43632 1.24566
vt 2.43632 0.557424
vt 2.44969 0.263104
vt 2.50841 0.100336
vt 2.56285 0.0457088
vt 2.64145 0.0022297
vt 2.7377 -0.026199
vt 2.84509 -0.0356752
vt 3.01975 -0.0200674
vt 3.17509 0.0267564
vt 3.13941 0.350806
vt 2.97144 0.310671
vt 2.90084 0.331482
vt 2.86367 0.384251
vt 2.8555 0.609451
vt 2.8555 1.24566
f 3218/5940/6 3217/5941/6 3219/5942/6 3220/5943/6 3221/5944/6 3222/5945/6 3223/5946/6 3224/5947/6 3225/5948/6 3226/5949/6 3227/5950/6 3228/5951/6 3229/5952/6 3230/5953/6 3231/5954/6 3232/5955/6 3233/5956/6 3234/5957/6 3235/5958/6 3236/5959/6 3237/5960/6 3238/5961/6 3239/5962/6 3240/5963/6 

g Mesh51 Group23 Model

v -0.0401516 1.2801 -3.8655
vt -3.39954 1.57863
v -0.0303727 1.2801 -3.8655
vt -3.78454 1.57863
v -0.0303727 1.27462 -3.8655
vt -3.78454 1.36309
v -0.0276236 1.27741 -3.8655
vt -3.89277 1.47299
v -0.0246243 1.27941 -3.8655
vt -4.01085 1.5515
v -0.0213749 1.2806 -3.8655
vt -4.13878 1.5986
v -0.0178754 1.281 -3.8655
vt -4.27656 1.6143
v -0.0142791 1.28061 -3.8655
vt -4.41814 1.59869
v -0.0111926 1.27942 -3.8655
vt -4.53966 1.55187
v -0.00861569 1.27743 -3.8655
vt -4.64111 1.47346
v -0.00654854 1.27462 -3.8655
vt -4.7225 1.36309
v -0.00380178 1.27743 -3.8655
vt -4.83064 1.47346
v -0.000847357 1.27942 -3.8655
vt -4.94695 1.55187
v 0.00231472 1.28061 -3.8655
vt -5.07145 1.59869
v 0.00568447 1.281 -3.8655
vt -5.20411 1.6143
v 0.00976214 1.28055 -3.8655
vt -5.36465 1.59665
v 0.0131602 1.27921 -3.8655
vt -5.49843 1.54369
v 0.0158314 1.277 -3.8655
vt -5.6036 1.45655
v 0.0177287 1.27394 -3.8655
vt -5.6783 1.33633
v 0.0185499 1.27058 -3.8655
vt -5.71063 1.20404
v 0.0188236 1.26564 -3.8655
vt -5.7214 1.00931
v 0.0188236 1.24 -3.8655
vt -5.7214 0
v 0.00821413 1.24 -3.8655
vt -5.30371 0
v 0.00821413 1.26292 -3.8655
vt -5.30371 0.902284
v 0.0079404 1.26783 -3.8655
vt -5.29293 1.09552
v 0.0071192 1.27062 -3.8655
vt -5.2606 1.20552
v 0.00525027 1.27232 -3.8655
vt -5.18702 1.27241
v 0.00258846 1.27289 -3.8655
vt -5.08222 1.29471
v 0.000426914 1.27255 -3.8655
vt -4.99712 1.28133
v -0.00160248 1.27153 -3.8655
vt -4.91723 1.2412
v -0.00329207 1.26985 -3.8655
vt -4.85071 1.17524
v -0.0044342 1.26754 -3.8655
vt -4.80574 1.08438
v -0.00508549 1.26416 -3.8655
vt -4.7801 0.951152
v -0.00530259 1.25926 -3.8655
vt -4.77155 0.758097
v -0.00530259 1.24 -3.8655
vt -4.77155 0
v -0.0159121 1.24 -3.8655
vt -4.35386 0
v -0.0159121 1.26197 -3.8655
vt -4.35386 0.865122
v -0.0164784 1.26953 -3.8655
vt -4.33156 1.16242
v -0.0182341 1.27206 -3.8655
vt -4.26244 1.26201
v -0.0214622 1.27289 -3.8655
vt -4.13534 1.29471
v -0.0237937 1.27256 -3.8655
vt -4.04356 1.2817
v -0.0258797 1.27156 -3.8655
vt -3.96143 1.24268
v -0.0275646 1.26995 -3.8655
vt -3.89509 1.17914
v -0.0286926 1.26775 -3.8655
vt -3.85069 1.09255
v -0.0293297 1.26444 -3.8655
vt -3.8256 0.962114
v -0.0295421 1.25948 -3.8655
vt -3.81724 0.767016
v -0.0295421 1.24 -3.8655
vt -3.81724 0
v -0.0401516 1.24 -3.8655
vt -3.39954 0
f 3241/5964/1 3242/5965/1 3243/5966/1 3244/5967/1 3245/5968/1 3246/5969/1 3247/5970/1 3248/5971/1 3249/5972/1 3250/5973/1 3251/5974/1 3252/5975/1 3253/5976/1 3254/5977/1 3255/5978/1 3256/5979/1 3257/5980/1 3258/5981/1 3259/5982/1 3260/5983/1 3261/5984/1 3262/5985/1 3263/5986/1 3264/5987/1 3265/5988/1 3266/5989/1 3267/5990/1 3268/5991/1 3269/5992/1 3270/5993/1 3271/5994/1 3272/5995/1 3273/5996/1 3274/5997/1 3275/5998/1 3276/5999/1 3277/6000/1 3278/6001/1 3279/6002/1 3280/6003/1 3281/6004/1 3282/6005/1 3283/6006/1 3284/6007/1 3285/6008/1 3286/6009/1 3287/6010/1 3288/6011/1 

vt -3.78454 0
v -0.0401516 1.2801 -3.8635
vt -3.39954 0.0787402
v -0.0303727 1.2801 -3.8635
vt -3.78454 0.0787402
f 3242/6012/5 3241/6011/5 3289/6013/5 3290/6014/5 

v -0.0401516 1.24 -3.8635
f 3241/5867/2 3288/1/2 3291/8/2 3289/5868/2 

vt 3.39954 0
vt 3.81724 0
v -0.0295421 1.24 -3.8635
vt 3.81724 0.0787402
vt 3.39954 0.0787402
f 3288/6015/3 3287/6016/3 3292/6017/3 3291/6018/3 

vt 0.767016 0
vn 0.999771 -0.0214137 -8.19838e-18
v -0.0295421 1.25948 -3.8635
vt 0.767016 0.0787402
f 3287/1/4 3286/6019/528 3293/6020/528 3292/8/4 

vt 0.929757 0
vt 1.12504 0
vn 0.993232 -0.116147 -4.44677e-17
v -0.0293297 1.26444 -3.8635
vt 1.12504 0.0787402
vt 0.929757 0.0787402
f 3286/6021/528 3285/6022/529 3294/6023/529 3293/6024/528 

vt 1.66726 0
vt 1.80009 0
vn 0.945411 -0.325879 -1.24765e-16
v -0.0286926 1.26775 -3.8635
vt 1.80009 0.0787402
vt 1.66726 0.0787402
f 3285/6025/529 3284/6026/530 3295/6027/530 3294/6028/529 

vt 2.72943 0
vt 2.82674 0
vn 0.801872 -0.597496 -2.28755e-16
v -0.0275646 1.26995 -3.8635
vt 2.82674 0.0787402
vt 2.72943 0.0787402
f 3284/6029/530 3283/6030/531 3296/6031/531 3295/6032/530 

vt 3.6284 0
vt 3.72026 0
vn 0.567726 -0.823217 -3.15174e-16
v -0.0258797 1.27156 -3.8635
vt 3.72026 0.0787402
vt 3.6284 0.0787402
f 3283/6033/531 3282/6034/532 3297/6035/532 3296/6036/531 

vt 4.1114 0
vt 4.20232 0
vn 0.288014 -0.957626 -3.66634e-16
v -0.0237937 1.27256 -3.8635
vt 4.20232 0.0787402
vt 4.1114 0.0787402
f 3282/6037/532 3281/6038/533 3298/6039/533 3297/6040/532 

vt 4.18338 0
vt 4.27609 0
vn -0.0555135 -0.998458 -3.82266e-16
v -0.0214622 1.27289 -3.8635
vt 4.27609 0.0787402
vt 4.18338 0.0787402
f 3281/6041/533 3280/6042/534 3299/6043/534 3298/6044/533 

vt 3.68226 0
vt 3.81349 0
vn -0.249193 -0.968454 -3.70779e-16
v -0.0182341 1.27206 -3.8635
vt 3.81349 0.0787402
vt 3.68226 0.0787402
f 3280/6045/534 3279/6046/535 3300/6047/535 3299/6048/534 

vt 1.39352 0
vn -0.82153 -0.570166 -2.18292e-16
vt 1.51475 0
v -0.0164784 1.26953 -3.8635
vt 1.51475 0.0787402
vt 1.39352 0.0787402
f 3279/6049/536 3278/6050/536 3301/6051/536 3300/6052/536 

vt -0.835203 0
vn -0.997199 -0.0747899 -2.86338e-17
vt -0.537075 0
vn -0.9993 -0.0374212 -1.4327e-17
v -0.0159121 1.26197 -3.8635
vt -0.537075 0.0787402
vt -0.835203 0.0787402
f 3278/6053/537 3277/6054/538 3302/6055/538 3301/6056/537 

vt -0.865122 0
v -0.0159121 1.24 -3.8635
vt -0.865122 0.0787402
f 3277/6057/538 3276/1/2 3303/8/2 3302/6058/538 

vt 4.35386 0
vt 4.77155 0
v -0.00530259 1.24 -3.8635
vt 4.77155 0.0787402
vt 4.35386 0.0787402
f 3276/6059/3 3275/6060/3 3304/6061/3 3303/6062/3 

vt 0.758097 0
vn 0.999755 -0.0221203 -8.46891e-18
v -0.00530259 1.25926 -3.8635
vt 0.758097 0.0787402
f 3275/1/4 3274/6063/539 3305/6064/539 3304/8/4 

vt 0.9684 0
vt 1.16164 0
vn 0.993141 -0.116926 -4.47659e-17
v -0.00508549 1.26416 -3.8635
vt 1.16164 0.0787402
vt 0.9684 0.0787402
f 3274/6065/539 3273/6066/540 3306/6067/540 3305/6068/539 

vt 1.83745 0
vt 1.97312 0
vn 0.9477 -0.319163 -1.22194e-16
v -0.0044342 1.26754 -3.8635
vt 1.97312 0.0787402
vt 1.83745 0.0787402
f 3273/6069/540 3272/6070/541 3307/6071/541 3306/6072/540 

vt 3.10343 0
vt 3.20481 0
vn 0.81121 -0.584755 -2.23877e-16
v -0.00329207 1.26985 -3.8635
vt 3.20481 0.0787402
vt 3.10343 0.0787402
f 3272/6073/541 3271/6074/542 3308/6075/542 3307/6076/541 

vt 4.27188 0
vt 4.36556 0
vn 0.583757 -0.811928 -3.10852e-16
v -0.00160248 1.27153 -3.8635
vt 4.36556 0.0787402
vt 4.27188 0.0787402
f 3271/6077/542 3270/6078/543 3309/6079/543 3308/6080/542 

vt 4.95115 0
vt 5.04056 0
vn 0.305742 -0.952114 -3.64524e-16
v 0.000426914 1.27255 -3.8635
vt 5.04056 0.0787402
vt 4.95115 0.0787402
f 3270/6081/543 3269/6082/544 3310/6083/544 3309/6084/543 

vt 5.13548 0
vt 5.22163 0
vn -0.026852 -0.999639 -3.82719e-16
v 0.00258846 1.27289 -3.8635
vt 5.22163 0.0787402
vt 5.13548 0.0787402
f 3269/6085/544 3268/6086/545 3311/6087/545 3310/6088/544 

vt 4.70152 0
vt 4.80866 0
vn -0.208107 -0.978106 -3.74475e-16
v 0.00525027 1.27232 -3.8635
vt 4.80866 0.0787402
vt 4.70152 0.0787402
f 3268/6089/545 3267/6090/546 3312/6091/546 3311/6092/545 

vt 2.98216 0
vn -0.672674 -0.739939 -2.83291e-16
vt 3.0816 0
v 0.0071192 1.27062 -3.8635
vt 3.0816 0.0787402
vt 2.98216 0.0787402
f 3267/6093/547 3266/6094/547 3313/6095/547 3312/6096/547 

vt 0.326847 0
vn -0.959417 -0.281992 -1.07962e-16
vt 0.441498 0
vn -0.985451 -0.169961 -6.50708e-17
v 0.0079404 1.26783 -3.8635
vt 0.441498 0.0787402
vt 0.326847 0.0787402
f 3266/6097/548 3265/6098/549 3314/6099/549 3313/6100/548 

vt -0.799102 0
vt -0.605561 0
vn -0.999612 -0.027852 -1.06633e-17
v 0.00821413 1.26292 -3.8635
vt -0.605561 0.0787402
vt -0.799102 0.0787402
f 3265/6101/549 3264/6102/550 3315/6103/550 3314/6104/549 

vt -0.902284 0
v 0.00821413 1.24 -3.8635
vt -0.902284 0.0787402
f 3264/6105/550 3263/1/2 3316/8/2 3315/6106/550 

vt 5.30371 0
vt 5.7214 0
v 0.0188236 1.24 -3.8635
vt 5.7214 0.0787402
vt 5.30371 0.0787402
f 3263/6107/3 3262/6108/3 3317/6109/3 3316/6110/3 

vt 1.00931 0
vn 0.999618 0.0276399 1.05821e-17
v 0.0188236 1.26564 -3.8635
vt 1.00931 0.0787402
f 3262/1/4 3261/6111/551 3318/6112/551 3317/8/4 

vt 0.69161 0
vt 0.886636 0
vn 0.989144 0.146952 5.62615e-17
v 0.0185499 1.27058 -3.8635
vt 0.886636 0.0787402
vt 0.69161 0.0787402
f 3261/6113/551 3260/6114/552 3319/6115/552 3318/6116/551 

vt -0.186066 0
vt -0.0498776 0
vn 0.921908 0.387409 1.48322e-16
v 0.0177287 1.27394 -3.8635
vt -0.0498776 0.0787402
vt -0.186066 0.0787402
f 3260/6117/552 3259/6118/553 3320/6119/553 3319/6120/552 

vt -1.86167 0
vt -1.72014 0
vn 0.753517 0.657428 2.51701e-16
v 0.0158314 1.277 -3.8635
vt -1.72014 0.0787402
vt -1.86167 0.0787402
f 3259/6121/553 3258/6122/554 3321/6123/554 3320/6124/553 

vt -3.38545 0
vt -3.24887 0
vn 0.509351 0.860559 3.29471e-16
v 0.0131602 1.27921 -3.8635
vt -3.24887 0.0787402
vt -3.38545 0.0787402
f 3258/6125/554 3257/6126/555 3322/6127/555 3321/6128/554 

vt -4.54432 0
vt -4.40044 0
vn 0.240821 0.97057 3.71589e-16
v 0.00976214 1.28055 -3.8635
vt -4.40044 0.0787402
vt -4.54432 0.0787402
f 3257/6129/555 3256/6130/556 3323/6131/556 3322/6132/555 

vt -5.15801 0
vt -4.9965 0
vn -0.00379747 0.999993 3.82854e-16
v 0.00568447 1.281 -3.8635
vt -4.9965 0.0787402
vt -5.15801 0.0787402
f 3256/6133/556 3255/6134/557 3324/6135/557 3323/6136/556 

vt -5.35708 0
vt -5.2235 0
vn -0.236178 0.97171 3.72026e-16
v 0.00231472 1.28061 -3.8635
vt -5.2235 0.0787402
vt -5.35708 0.0787402
f 3255/6137/557 3254/6138/558 3325/6139/558 3324/6140/557 

vt -5.3096 0
vt -5.17659 0
vn -0.458626 0.888629 3.40218e-16
v -0.000847357 1.27942 -3.8635
vt -5.17659 0.0787402
vt -5.3096 0.0787402
f 3254/6141/558 3253/6142/559 3326/6143/559 3325/6144/558 

vt -4.9694 0
vt -4.82912 0
vn -0.639904 0.768455 2.94208e-16
v -0.00380178 1.27743 -3.8635
vt -4.82912 0.0787402
vt -4.9694 0.0787402
f 3253/6145/559 3252/6146/560 3327/6147/560 3326/6148/559 

vt -4.43321 0
vt -4.2787 0
vn -0.714285 0.699855 2.67944e-16
v -0.00654854 1.27462 -3.8635
vt -4.2787 0.0787402
vt -4.43321 0.0787402
f 3252/6149/560 3251/6150/561 3328/6151/561 3327/6152/560 

vt -1.7056 0
vn 0.804852 0.593476 2.27216e-16
vt -1.56847 0
vn 0.715059 0.699064 2.67641e-16
v -0.00861569 1.27743 -3.8635
vt -1.56847 0.0787402
vt -1.7056 0.0787402
f 3251/6153/562 3250/6154/563 3329/6155/563 3328/6156/562 

vt -2.77109 0
vt -2.64287 0
vn 0.490698 0.87133 3.33595e-16
v -0.0111926 1.27942 -3.8635
vt -2.64287 0.0787402
vt -2.77109 0.0787402
f 3250/6157/563 3249/6158/564 3330/6159/564 3329/6160/563 

vt -3.67809 0
vt -3.54786 0
vn 0.236528 0.971625 3.71993e-16
v -0.0142791 1.28061 -3.8635
vt -3.54786 0.0787402
vt -3.67809 0.0787402
f 3249/6161/564 3248/6162/565 3331/6163/565 3330/6164/564 

vt -4.21637 0
vt -4.07393 0
vn -0.00183763 0.999998 3.82856e-16
v -0.0178754 1.281 -3.8635
vt -4.07393 0.0787402
vt -4.21637 0.0787402
f 3248/6165/565 3247/6166/566 3332/6167/566 3331/6168/565 

vt -4.43184 0
vt -4.29317 0
vn -0.231022 0.972949 3.725e-16
v -0.0213749 1.2806 -3.8635
vt -4.29317 0.0787402
vt -4.43184 0.0787402
f 3247/6169/566 3246/6170/567 3333/6171/567 3332/6172/566 

vt -4.43623 0
vt -4.2999 0
vn -0.452672 0.891677 3.41385e-16
v -0.0246243 1.27941 -3.8635
vt -4.2999 0.0787402
vt -4.43623 0.0787402
f 3246/6173/567 3245/6174/568 3334/6175/568 3333/6176/567 

vt -4.19903 0
vt -4.05724 0
vn -0.636459 0.771311 2.95302e-16
v -0.0276236 1.27741 -3.8635
vt -4.05724 0.0787402
vt -4.19903 0.0787402
f 3245/6177/568 3244/6178/569 3335/6179/569 3334/6180/568 

vt -3.78094 0
vt -3.62669 0
vn -0.712507 0.701665 2.68637e-16
v -0.0303727 1.27462 -3.8635
vt -3.62669 0.0787402
vt -3.78094 0.0787402
f 3244/6181/569 3243/6182/570 3336/6183/570 3335/6184/569 

vt 1.36309 0
vt 1.36309 0.0787402
f 3243/6185/4 3242/5853/4 3290/5854/4 3336/6186/4 

vt 3.78454 1.57863
vt 3.39954 1.57863
vt 3.81724 0.767016
vt 3.8256 0.962114
vt 3.85069 1.09255
vt 3.89509 1.17914
vt 3.96143 1.24268
vt 4.04356 1.2817
vt 4.13534 1.29471
vt 4.26244 1.26201
vt 4.33156 1.16242
vt 4.35386 0.865122
vt 4.77155 0.758097
vt 4.7801 0.951152
vt 4.80574 1.08438
vt 4.85071 1.17524
vt 4.91723 1.2412
vt 4.99712 1.28133
vt 5.08222 1.29471
vt 5.18702 1.27241
vt 5.2606 1.20552
vt 5.29293 1.09552
vt 5.30371 0.902284
vt 5.7214 1.00931
vt 5.71063 1.20404
vt 5.6783 1.33633
vt 5.6036 1.45655
vt 5.49843 1.54369
vt 5.36465 1.59665
vt 5.20411 1.6143
vt 5.07145 1.59869
vt 4.94695 1.55187
vt 4.83064 1.47346
vt 4.7225 1.36309
vt 4.64111 1.47346
vt 4.53966 1.55187
vt 4.41814 1.59869
vt 4.27656 1.6143
vt 4.13878 1.5986
vt 4.01085 1.5515
vt 3.89277 1.47299
vt 3.78454 1.36309
f 3290/6187/6 3289/6188/6 3291/6015/6 3292/6016/6 3293/6189/6 3294/6190/6 3295/6191/6 3296/6192/6 3297/6193/6 3298/6194/6 3299/6195/6 3300/6196/6 3301/6197/6 3302/6198/6 3303/6059/6 3304/6060/6 3305/6199/6 3306/6200/6 3307/6201/6 3308/6202/6 3309/6203/6 3310/6204/6 3311/6205/6 3312/6206/6 3313/6207/6 3314/6208/6 3315/6209/6 3316/6107/6 3317/6108/6 3318/6210/6 3319/6211/6 3320/6212/6 3321/6213/6 3322/6214/6 3323/6215/6 3324/6216/6 3325/6217/6 3326/6218/6 3327/6219/6 3328/6220/6 3329/6221/6 3330/6222/6 3331/6223/6 3332/6224/6 3333/6225/6 3334/6226/6 3335/6227/6 3336/6228/6 

g Mesh52 Group23 Model

v 0.0275925 1.26582 -3.8655
vt -6.06663 1.01637
v 0.0275925 1.25423 -3.8655
vt -6.06663 0.560211
v 0.0269412 1.26061 -3.8655
vt -6.04099 0.81161
f 3337/6229/1 3338/6230/1 3339/6231/1

v 0.0295464 1.27085 -3.8655
vt -6.14356 1.21444
f 3338/6230/1 3337/6229/1 3340/6232/1

vt -3.35618 0
vn -0.878615 0.477532 1.82826e-16
vt -3.1437 0
vn -0.969526 0.244989 9.37957e-17
v 0.0275925 1.26582 -3.8635
vt -3.1437 0.0787402
v 0.0295464 1.27085 -3.8635
vt -3.35618 0.0787402
f 3340/6233/571 3337/6234/572 3341/6235/572 3342/6236/571 

vt -1.76231 0
vt -1.55595 0
vn -0.999934 0.0114669 4.39016e-18
v 0.0269412 1.26061 -3.8635
vt -1.55595 0.0787402
vt -1.76231 0.0787402
f 3337/6237/572 3339/6238/573 3343/6239/573 3341/6240/572 

vt -0.19445 0
vt 0.0582529 0
vn -0.97451 -0.224346 -8.58923e-17
v 0.0275925 1.25423 -3.8635
vt 0.0582529 0.0787402
vt -0.19445 0.0787402
f 3339/6241/573 3338/6242/574 3344/6243/574 3343/6244/573 

vt 1.55929 0
v 0.0295464 1.24889 -3.8655
vt 1.78307 0
vn -0.877859 -0.478918 -1.83357e-16
v 0.0295464 1.24889 -3.8635
vt 1.78307 0.0787402
vt 1.55929 0.0787402
f 3338/6245/574 3345/6246/575 3346/6247/575 3344/6248/574 

vt -6.14356 0.350062
f 3338/6230/1 3340/6232/1 3345/6249/1

v 0.0326943 1.27521 -3.8655
vt -6.26749 1.38613
f 3345/6249/1 3340/6232/1 3347/6250/1

vt -4.79225 0
vn -0.714341 0.699798 2.67922e-16
vt -4.5805 0
vt -4.5805 0.0787402
v 0.0326943 1.27521 -3.8635
vt -4.79225 0.0787402
f 3347/6251/576 3340/6252/571 3342/6253/571 3348/6254/576 

vt 6.14356 1.21444
v 0.0327509 1.24466 -3.8635
vt 6.26972 0.183392
vt 6.26749 1.38613
f 3342/6255/6 3349/6256/6 3348/6257/6

vt 6.14356 0.350062
f 3342/6255/6 3346/6258/6 3349/6256/6

vt 6.06663 1.01637
f 3341/6259/6 3346/6258/6 3342/6255/6

vt 6.06663 0.560211
f 3341/6259/6 3344/6260/6 3346/6258/6

vt 6.04099 0.81161
f 3344/6260/6 3341/6259/6 3343/6261/6

vt 3.42882 0
v 0.0327509 1.24466 -3.8655
vt 3.63786 0
vn -0.693281 -0.720667 -2.75912e-16
vt 3.63786 0.0787402
vt 3.42882 0.0787402
f 3345/6262/575 3350/6263/577 3349/6264/577 3346/6265/575 

vt -6.26972 0.183392
f 3345/6249/1 3347/6250/1 3350/6266/1

v 0.0369277 1.2784 -3.8655
vt -6.43416 1.51173
f 3350/6266/1 3347/6250/1 3351/6267/1

vt -6.04822 0
vn -0.485853 0.87404 3.34632e-16
vt -5.83952 0
vt -5.83952 0.0787402
v 0.0369277 1.2784 -3.8635
vt -6.04822 0.0787402
f 3351/6268/578 3347/6269/576 3348/6270/576 3352/6271/578 

vt 6.43416 1.51173
f 3348/6257/6 3349/6256/6 3352/6272/6

v 0.0371543 1.24159 -3.8635
vt 6.44308 0.0624315
f 3352/6272/6 3349/6256/6 3353/6273/6

vt 5.03685 0
v 0.0371543 1.24159 -3.8655
vt 5.24824 0
vn -0.461147 -0.887324 -3.39718e-16
vt 5.24824 0.0787402
vt 5.03685 0.0787402
f 3350/6274/577 3354/6275/579 3353/6276/579 3349/6277/577 

vt -6.44308 0.0624315
f 3350/6266/1 3351/6267/1 3354/6278/1

v 0.037815 1.26005 -3.8655
vt -6.46909 0.789313
f 3354/6278/1 3351/6267/1 3355/6279/1

v 0.0385229 1.26532 -3.8655
vt -6.49697 0.996675
f 3355/6279/1 3351/6267/1 3356/6280/1

v 0.0419823 1.28035 -3.8655
vt -6.63316 1.58866
f 3356/6280/1 3351/6267/1 3357/6281/1

vt -6.7598 0
vn -0.239843 0.970812 3.71682e-16
vt -6.54645 0
vt -6.54645 0.0787402
v 0.0419823 1.28035 -3.8635
vt -6.7598 0.0787402
f 3357/6282/580 3351/6283/578 3352/6284/578 3358/6285/580 

v 0.0385229 1.26532 -3.8635
vt 6.49697 0.996675
vt 6.63316 1.58866
f 3352/6272/6 3359/6286/6 3358/6287/6

v 0.037815 1.26005 -3.8635
vt 6.46909 0.789313
f 3352/6272/6 3360/6288/6 3359/6286/6

f 3352/6272/6 3353/6273/6 3360/6288/6

v 0.0385229 1.25478 -3.8635
vt 6.49697 0.581951
f 3353/6273/6 3361/6289/6 3360/6288/6

v 0.0422844 1.23972 -3.8635
vt 6.64505 -0.0111486
f 3361/6289/6 3353/6273/6 3362/6290/6

vt 6.03249 0
v 0.0422844 1.23972 -3.8655
vt 6.24745 0
vn -0.230186 -0.973147 -3.72576e-16
vt 6.24745 0.0787402
vt 6.03249 0.0787402
f 3354/6291/579 3363/6292/581 3362/6293/581 3353/6294/579 

v 0.0385229 1.25478 -3.8655
vt -6.49697 0.581951
vt -6.64505 -0.0111486
f 3354/6278/1 3364/6295/1 3363/6296/1

f 3364/6295/1 3354/6278/1 3355/6279/1

vt -0.288696 0
vn 0.949939 0.312437 1.19619e-16
vt -0.0794696 0
vn 1 -7.00129e-17 -2.68049e-32
vt -0.0794696 0.0787402
vt -0.288696 0.0787402
f 3364/6297/582 3355/6298/583 3360/6299/583 3361/6300/582 

vt 1.64403 0
vt 1.85325 0
vn 0.949939 -0.312437 -1.19619e-16
vt 1.85325 0.0787402
vt 1.64403 0.0787402
f 3355/6301/583 3356/6302/584 3359/6303/584 3360/6304/583 

vt 3.99943 0
v 0.0406467 1.26919 -3.8655
vt 4.17323 0
vn 0.755824 -0.654775 -2.50685e-16
v 0.0406467 1.26919 -3.8635
vt 4.17323 0.0787402
vt 3.99943 0.0787402
f 3356/6305/584 3365/6306/585 3366/6307/585 3359/6308/584 

vt -6.58058 1.14904
f 3356/6280/1 3357/6281/1 3365/6309/1

v 0.0438088 1.27156 -3.8655
vt -6.70507 1.24268
f 3365/6309/1 3357/6281/1 3367/6310/1

v 0.0475939 1.281 -3.8655
vt -6.85409 1.6143
f 3367/6310/1 3357/6281/1 3368/6311/1

vt -6.9945 0
vn -0.0153708 0.999882 3.82812e-16
vt -6.77209 0
vt -6.77209 0.0787402
v 0.0475939 1.281 -3.8635
vt -6.9945 0.0787402
f 3368/6312/586 3357/6313/580 3358/6314/580 3369/6315/586 

v 0.0438088 1.27156 -3.8635
vt 6.70507 1.24268
vt 6.85409 1.6143
f 3358/6287/6 3370/6316/6 3369/6317/6

vt 6.58058 1.14904
f 3358/6287/6 3366/6318/6 3370/6316/6

f 3358/6287/6 3359/6286/6 3366/6318/6

vt 5.94954 0
vt 6.10532 0
vn 0.412066 -0.911154 -3.48842e-16
vt 6.10532 0.0787402
vt 5.94954 0.0787402
f 3365/6319/585 3367/6320/587 3370/6321/587 3366/6322/585 

vt 6.81771 0
v 0.0476316 1.27236 -3.8655
vt 6.97142 0
vn -0.000122893 -1 -3.82857e-16
v 0.0476316 1.27236 -3.8635
vt 6.97142 0.0787402
vt 6.81771 0.0787402
f 3367/6323/587 3371/6324/588 3372/6325/588 3370/6326/587 

vt -6.85558 1.2739
f 3367/6310/1 3368/6311/1 3371/6327/1

v 0.0519382 1.28063 -3.8655
vt -7.02513 1.59976
f 3371/6327/1 3368/6311/1 3373/6328/1

vt -6.86438 0
vn 0.178702 0.983903 3.76694e-16
vt -6.69272 0
vt -6.69272 0.0787402
v 0.0519382 1.28063 -3.8635
vt -6.86438 0.0787402
f 3373/6329/589 3368/6330/586 3369/6331/586 3374/6332/589 

vt 6.85558 1.2739
vt 7.02513 1.59976
f 3369/6317/6 3372/6333/6 3374/6334/6

f 3369/6317/6 3370/6316/6 3372/6333/6

v 0.0514497 1.27156 -3.8635
vt 7.00589 1.24268
f 3374/6334/6 3372/6333/6 3375/6335/6

vt 6.45336 0
v 0.0514497 1.27156 -3.8655
vt 6.60688 0
vn -0.41316 -0.910658 -3.48652e-16
vt 6.60688 0.0787402
vt 6.45336 0.0787402
f 3371/6336/588 3376/6337/590 3375/6338/590 3372/6339/588 

vt -7.00589 1.24268
f 3371/6327/1 3373/6328/1 3376/6340/1

v 0.0545976 1.26919 -3.8655
vt -7.12983 1.14904
f 3376/6340/1 3373/6328/1 3377/6341/1

v 0.0558719 1.27953 -3.8655
vt -7.18 1.55614
f 3377/6341/1 3373/6328/1 3378/6342/1

vt -6.48926 0
vn 0.369659 0.929168 3.55738e-16
vt -6.32836 0
vt -6.32836 0.0787402
v 0.0558719 1.27953 -3.8635
vt -6.48926 0.0787402
f 3378/6343/591 3373/6344/589 3374/6345/589 3379/6346/591 

v 0.0545976 1.26919 -3.8635
vt 7.12983 1.14904
vt 7.18 1.55614
f 3374/6334/6 3380/6347/6 3379/6348/6

f 3374/6334/6 3375/6335/6 3380/6347/6

vt 4.84042 0
vt 4.99575 0
vn -0.756777 -0.653673 -2.50263e-16
vt 4.99575 0.0787402
vt 4.84042 0.0787402
f 3376/6349/590 3377/6350/592 3380/6351/592 3375/6352/590 

vt 2.41767 0
v 0.0567073 1.26533 -3.8655
vt 2.59055 0
vn -0.949972 -0.312336 -1.1958e-16
v 0.0567073 1.26533 -3.8635
vt 2.59055 0.0787402
vt 2.41767 0.0787402
f 3377/6353/592 3381/6354/593 3382/6355/593 3380/6356/592 

vt -7.21288 0.997418
f 3377/6341/1 3378/6342/1 3381/6357/1

v 0.059395 1.27768 -3.8655
vt -7.3187 1.48345
f 3381/6357/1 3378/6342/1 3383/6358/1

vt -5.79368 0
vn 0.554635 0.832094 3.18573e-16
vt -5.63708 0
vt -5.63708 0.0787402
v 0.059395 1.27768 -3.8635
vt -5.79368 0.0787402
f 3383/6359/594 3378/6360/591 3379/6361/591 3384/6362/594 

vt 7.21288 0.997418
vt 7.3187 1.48345
f 3379/6348/6 3382/6363/6 3384/6364/6

f 3379/6348/6 3380/6347/6 3382/6363/6

v 0.0574105 1.26012 -3.8635
vt 7.24057 0.792286
f 3384/6364/6 3382/6363/6 3385/6365/6

vt -0.0237303 0
v 0.0574105 1.26012 -3.8655
vt 0.183262 0
vn -0.999999 -0.00141063 -5.40068e-19
vt 0.183262 0.0787402
vt -0.0237303 0.0787402
f 3381/6366/593 3386/6367/595 3385/6368/595 3382/6369/593 

vt -7.24057 0.792286
f 3381/6357/1 3383/6358/1 3386/6370/1

v 0.0593254 1.24246 -3.8655
vt -7.31596 0.0968521
f 3386/6370/1 3383/6358/1 3387/6371/1

v 0.0624509 1.24508 -3.8655
vt -7.43901 0.199929
f 3387/6371/1 3383/6358/1 3388/6372/1

v 0.0625076 1.27509 -3.8655
vt -7.44124 1.38167
f 3388/6372/1 3383/6358/1 3389/6373/1

vt -4.84156 0
vn 0.711906 0.702275 2.68871e-16
vt -4.68226 0
vt -4.68226 0.0787402
v 0.0625076 1.27509 -3.8635
vt -4.84156 0.0787402
f 3389/6374/596 3383/6375/594 3384/6376/594 3390/6377/596 

v 0.0624509 1.24508 -3.8635
vt 7.43901 0.199929
vt 7.44124 1.38167
f 3384/6364/6 3391/6378/6 3390/6379/6

v 0.0593254 1.24246 -3.8635
vt 7.31596 0.0968521
f 3384/6364/6 3392/6380/6 3391/6378/6

f 3384/6364/6 3385/6365/6 3392/6380/6

v 0.0567073 1.2548 -3.8635
vt 7.21288 0.582694
f 3393/6381/6 3392/6380/6 3385/6365/6

v 0.05582 1.24059 -3.8635
vt 7.17795 0.0232257
f 3393/6381/6 3394/6382/6 3392/6380/6

v 0.0545976 1.25091 -3.8635
vt 7.12983 0.429588
f 3395/6383/6 3394/6382/6 3393/6381/6

v 0.0519346 1.23947 -3.8635
vt 7.02499 -0.02095
f 3395/6383/6 3396/6384/6 3394/6382/6

v 0.0514497 1.24853 -3.8635
vt 7.00589 0.335941
f 3397/6385/6 3396/6384/6 3395/6383/6

v 0.0476694 1.23909 -3.8635
vt 6.85706 -0.0356752
f 3397/6385/6 3398/6386/6 3396/6384/6

v 0.0476316 1.24774 -3.8635
vt 6.85558 0.304725
f 3399/6387/6 3398/6386/6 3397/6385/6

v 0.0438088 1.24853 -3.8635
vt 6.70507 0.335941
f 3400/6388/6 3398/6386/6 3399/6387/6

f 3400/6388/6 3362/6290/6 3398/6386/6

v 0.0406467 1.25091 -3.8635
vt 6.58058 0.429588
f 3401/6389/6 3362/6290/6 3400/6388/6

f 3361/6289/6 3362/6290/6 3401/6389/6

v 0.0406467 1.25091 -3.8655
vt -2.7893 0
vn 0.755824 0.654775 2.50685e-16
vt -2.6155 0
vt -2.6155 0.0787402
vt -2.7893 0.0787402
f 3402/6390/597 3364/6391/582 3361/6392/582 3401/6393/597 

vt -6.58058 0.429588
f 3363/6296/1 3364/6295/1 3402/6394/1

v 0.0438088 1.24853 -3.8655
vt -6.70507 0.335941
f 3363/6296/1 3402/6394/1 3403/6395/1

vt -5.15634 0
vn 0.412066 0.911154 3.48842e-16
vt -5.00056 0
vt -5.00056 0.0787402
vt -5.15634 0.0787402
f 3403/6396/598 3402/6397/597 3401/6398/597 3400/6399/598 

v 0.0476316 1.24774 -3.8655
vt -6.65083 0
vn -0.000122893 1 3.82857e-16
vt -6.49712 0
vt -6.49712 0.0787402
vt -6.65083 0.0787402
f 3404/6400/599 3403/6401/598 3400/6402/598 3399/6403/599 

v 0.0476694 1.23909 -3.8655
vt -6.85706 -0.0356752
vt -6.85558 0.304725
f 3405/6404/1 3403/6395/1 3404/6405/1

f 3363/6296/1 3403/6395/1 3405/6404/1

vt 6.60231 0
vt 6.81573 0
vn -0.0138545 -0.999904 -3.8282e-16
vt 6.81573 0.0787402
vt 6.60231 0.0787402
f 3363/6406/581 3405/6407/600 3398/6408/600 3362/6409/581 

vt 6.82773 0
v 0.0519346 1.23947 -3.8655
vt 6.9963 0
vn 0.183263 -0.983064 -3.76373e-16
vt 6.9963 0.0787402
vt 6.82773 0.0787402
f 3405/6410/600 3406/6411/601 3396/6412/601 3398/6413/600 

v 0.0514497 1.24853 -3.8655
vt -7.00589 0.335941
vt -7.02499 -0.02095
f 3405/6404/1 3407/6414/1 3406/6415/1

f 3405/6404/1 3404/6405/1 3407/6414/1

vt -6.92786 0
vn -0.41316 0.910658 3.48652e-16
vt -6.77433 0
vt -6.77433 0.0787402
vt -6.92786 0.0787402
f 3407/6416/602 3404/6417/599 3399/6418/599 3397/6419/602 

v 0.0545976 1.25091 -3.8655
vt -5.94745 0
vn -0.758116 0.65212 2.49669e-16
vt -5.79212 0
vt -5.79212 0.0787402
vt -5.94745 0.0787402
f 3408/6420/603 3407/6421/602 3397/6422/602 3395/6423/603 

vt -7.12983 0.429588
f 3406/6415/1 3407/6414/1 3408/6424/1

v 0.05582 1.24059 -3.8655
vt -7.17795 0.0232257
f 3406/6415/1 3408/6424/1 3409/6425/1

v 0.0567073 1.2548 -3.8655
vt -7.21288 0.582694
f 3409/6425/1 3408/6424/1 3410/6426/1

vt -3.95153 0
vn -0.951047 0.309046 1.18321e-16
vt -3.77735 0
vt -3.77735 0.0787402
vt -3.95153 0.0787402
f 3410/6427/604 3408/6428/603 3395/6429/603 3393/6430/604 

vt -1.73364 0
vt -1.52223 0
vt -1.52223 0.0787402
vt -1.73364 0.0787402
f 3386/6431/595 3410/6432/604 3393/6433/604 3385/6434/595 

f 3387/6371/1 3410/6426/1 3386/6370/1

f 3409/6425/1 3410/6426/1 3387/6371/1

vt 6.344 0
vn 0.376127 -0.926568 -3.54743e-16
vt 6.50042 0
vn 0.559422 -0.828883 -3.17344e-16
vt 6.50042 0.0787402
vt 6.344 0.0787402
f 3409/6435/605 3387/6436/606 3392/6437/606 3394/6438/605 

vt 5.67047 0
vt 5.83099 0
vn 0.71376 -0.70039 -2.68149e-16
vt 5.83099 0.0787402
vt 5.67047 0.0787402
f 3387/6439/606 3388/6440/607 3391/6441/607 3392/6442/606 

vt 4.82393 0
v 0.0650195 1.24827 -3.8655
vt 4.98508 0
vn 0.838537 -0.544845 -2.08598e-16
v 0.0650195 1.24827 -3.8635
vt 4.98508 0.0787402
vt 4.82393 0.0787402
f 3388/6443/607 3411/6444/608 3412/6445/608 3391/6446/607 

vt -7.54014 0.325397
f 3388/6372/1 3389/6373/1 3411/6447/1

v 0.0650514 1.27195 -3.8655
vt -7.54139 1.25769
f 3411/6447/1 3389/6373/1 3413/6448/1

vt -3.76054 0
vn 0.838139 0.545457 2.08832e-16
vt -3.60116 0
vt -3.60116 0.0787402
v 0.0650514 1.27195 -3.8635
vt -3.76054 0.0787402
f 3413/6449/609 3389/6450/596 3390/6451/596 3414/6452/609 

vt 7.54014 0.325397
vt 7.54139 1.25769
f 3390/6379/6 3412/6453/6 3414/6454/6

f 3390/6379/6 3391/6378/6 3412/6453/6

v 0.0668542 1.25184 -3.8635
vt 7.61237 0.466192
f 3414/6454/6 3412/6453/6 3415/6455/6

vt 3.73134 0
v 0.0668542 1.25184 -3.8655
vt 3.88958 0
vn 0.931457 -0.363851 -1.39303e-16
vt 3.88958 0.0787402
vt 3.73134 0.0787402
f 3411/6456/608 3416/6457/610 3415/6458/610 3412/6459/608 

vt -7.61237 0.466192
f 3411/6447/1 3413/6448/1 3416/6460/1

v 0.0668684 1.26841 -3.8655
vt -7.61293 1.11838
f 3416/6460/1 3413/6448/1 3417/6461/1

vt -2.4827 0
vn 0.931395 0.364009 1.39364e-16
vt -2.3261 0
vt -2.3261 0.0787402
v 0.0668684 1.26841 -3.8635
vt -2.4827 0.0787402
f 3417/6462/611 3413/6463/609 3414/6464/609 3418/6465/611 

vt 7.61293 1.11838
f 3414/6454/6 3415/6455/6 3418/6466/6

v 0.0679551 1.25581 -3.8635
vt 7.65571 0.622317
f 3418/6466/6 3415/6455/6 3419/6467/6

vt 2.48537 0
v 0.0679551 1.25581 -3.8655
vt 2.6474 0
vn 0.984303 -0.176489 -6.75701e-17
vt 2.6474 0.0787402
vt 2.48537 0.0787402
f 3416/6468/610 3420/6469/612 3419/6470/612 3415/6471/610 

vt -7.65571 0.622317
f 3416/6460/1 3417/6461/1 3420/6472/1

v 0.0679586 1.26448 -3.8655
vt -7.65585 0.96374
f 3420/6472/1 3417/6461/1 3421/6473/1

vt -1.11892 0
vn 0.984313 0.176433 6.75484e-17
vt -0.958433 0
vt -0.958433 0.0787402
v 0.0679586 1.26448 -3.8635
vt -1.11892 0.0787402
f 3421/6474/613 3417/6475/611 3418/6476/611 3422/6477/613 

vt 7.65585 0.96374
f 3418/6466/6 3419/6467/6 3422/6478/6

v 0.068322 1.26016 -3.8635
vt 7.67016 0.793772
f 3422/6478/6 3419/6467/6 3423/6479/6

vt 1.2629 0
v 0.068322 1.26016 -3.8655
vt 1.43496 0
vn 1 -4.12095e-05 -1.57773e-20
vt 1.43496 0.0787402
vt 1.2629 0.0787402
f 3420/6480/612 3424/6481/614 3423/6482/614 3419/6483/612 

vt -7.67016 0.793772
f 3420/6472/1 3421/6473/1 3424/6484/1

vt 0.147613 0
vt 0.318183 0
vt 0.318183 0.0787402
vt 0.147613 0.0787402
f 3424/6485/614 3421/6486/613 3422/6487/613 3423/6488/614 

vt 6.74336 0
vt 6.90258 0
vt 6.90258 0.0787402
vt 6.74336 0.0787402
f 3406/6489/601 3409/6490/605 3394/6491/605 3396/6492/601 

g Mesh53 Group23 Model

v 0.112119 1.26035 -3.8655
vt -9.39446 0.801204
v 0.122955 1.25691 -3.8655
vt -9.82107 0.665936
v 0.121503 1.25268 -3.8655
vt -9.76389 0.499034
v 0.119637 1.24902 -3.8655
vt -9.69045 0.355079
v 0.117359 1.24595 -3.8655
vt -9.60075 0.234072
v 0.114668 1.24345 -3.8655
vt -9.49479 0.136012
v 0.111575 1.24153 -3.8655
vt -9.37304 0.060248
v 0.108093 1.24016 -3.8655
vt -9.23596 0.00613145
v 0.104222 1.23933 -3.8655
vt -9.08355 -0.0263384
v 0.0999617 1.23906 -3.8655
vt -8.91582 -0.0371616
v 0.0946947 1.23953 -3.8655
vt -8.70845 -0.0186274
v 0.0899185 1.24094 -3.8655
vt -8.52042 0.0369754
v 0.0856332 1.24329 -3.8655
vt -8.3517 0.129647
v 0.0818387 1.24659 -3.8655
vt -8.20231 0.259388
v 0.0787333 1.2507 -3.8655
vt -8.08005 0.421274
v 0.0765151 1.2555 -3.8655
vt -7.99272 0.610379
v 0.0751842 1.261 -3.8655
vt -7.94032 0.826706
v 0.0747406 1.26718 -3.8655
vt -7.92286 1.07025
v 0.0751866 1.27371 -3.8655
vt -7.94042 1.32709
v 0.0765245 1.27946 -3.8655
vt -7.99309 1.55354
v 0.0787545 1.28444 -3.8655
vt -8.08089 1.74962
v 0.0818765 1.28865 -3.8655
vt -8.2038 1.91531
v 0.0857253 1.29199 -3.8655
vt -8.35533 2.047
v 0.0901356 1.29438 -3.8655
vt -8.52896 2.14107
v 0.0951077 1.29582 -3.8655
vt -8.72471 2.19751
v 0.100641 1.29629 -3.8655
vt -8.94257 2.21632
v 0.105481 1.29592 -3.8655
vt -9.13312 2.20155
v 0.109844 1.29479 -3.8655
vt -9.3049 2.15723
v 0.113731 1.29292 -3.8655
vt -9.45791 2.08337
v 0.117141 1.29029 -3.8655
vt -9.59216 1.97997
v 0.120444 1.28597 -3.8655
vt -9.72222 1.80977
v 0.122804 1.2801 -3.8655
vt -9.81513 1.57863
v 0.111742 1.27745 -3.8655
vt -9.37959 1.47457
v 0.110227 1.28131 -3.8655
vt -9.31995 1.62619
v 0.107645 1.28425 -3.8655
vt -9.21831 1.74214
v 0.104195 1.28612 -3.8655
vt -9.08249 1.81572
v 0.100075 1.28674 -3.8655
vt -8.92027 1.84024
v 0.097143 1.28647 -3.8655
vt -8.80484 1.82937
v 0.0945012 1.28564 -3.8655
vt -8.70084 1.79676
v 0.0921497 1.28426 -3.8655
vt -8.60826 1.74242
v 0.0900885 1.28232 -3.8655
vt -8.5271 1.66633
v 0.0884118 1.27977 -3.8655
vt -8.4611 1.5659
v 0.0872143 1.27654 -3.8655
vt -8.41395 1.43853
v 0.0864957 1.27262 -3.8655
vt -8.38566 1.28421
v 0.0862562 1.26802 -3.8655
vt -8.37623 1.10296
v 0.0864922 1.26314 -3.8655
vt -8.38552 0.911202
v 0.0872001 1.25903 -3.8655
vt -8.41339 0.749178
v 0.08838 1.25567 -3.8655
vt -8.45984 0.616883
v 0.0900318 1.25306 -3.8655
vt -8.52487 0.514317
v 0.0920612 1.25111 -3.8655
vt -8.60477 0.437578
v 0.0943738 1.24972 -3.8655
vt -8.69582 0.382764
v 0.0969695 1.24889 -3.8655
vt -8.79801 0.349877
v 0.0998484 1.24861 -3.8655
vt -8.91136 0.338914
v 0.103992 1.24932 -3.8655
vt -9.0745 0.366785
v 0.107513 1.25144 -3.8655
vt -9.21311 0.450399
v 0.110269 1.25508 -3.8655
vt -9.32162 0.593842
f 3425/6493/1 3426/6494/1 3427/6495/1 3428/6496/1 3429/6497/1 3430/6498/1 3431/6499/1 3432/6500/1 3433/6501/1 3434/6502/1 3435/6503/1 3436/6504/1 3437/6505/1 3438/6506/1 3439/6507/1 3440/6508/1 3441/6509/1 3442/6510/1 3443/6511/1 3444/6512/1 3445/6513/1 3446/6514/1 3447/6515/1 3448/6516/1 3449/6517/1 3450/6518/1 3451/6519/1 3452/6520/1 3453/6521/1 3454/6522/1 3455/6523/1 3456/6524/1 3457/6525/1 3458/6526/1 3459/6527/1 3460/6528/1 3461/6529/1 3462/6530/1 3463/6531/1 3464/6532/1 3465/6533/1 3466/6534/1 3467/6535/1 3468/6536/1 3469/6537/1 3470/6538/1 3471/6539/1 3472/6540/1 3473/6541/1 3474/6542/1 3475/6543/1 3476/6544/1 3477/6545/1 3478/6546/1 3479/6547/1 3480/6548/1 

vt -9.16047 0
vt -8.71292 0
v 0.112119 1.26035 -3.8635
vt -8.71292 0.0787402
v 0.122955 1.25691 -3.8635
vt -9.16047 0.0787402
f 3426/6549/42 3425/6550/42 3481/6551/42 3482/6552/42 

vt -3.86929 0
vt -3.64951 0
v 0.110269 1.25508 -3.8635
vt -3.64951 0.0787402
vt -3.86929 0.0787402
f 3425/6553/43 3480/6554/44 3483/6555/44 3481/6556/43 

vt -6.09734 0
vt -5.91748 0
v 0.107513 1.25144 -3.8635
vt -5.91748 0.0787402
vt -6.09734 0.0787402
f 3480/6557/44 3479/6558/45 3484/6559/45 3483/6560/44 

vt -8.12159 0
vt -7.95971 0
v 0.103992 1.24932 -3.8635
vt -7.95971 0.0787402
vt -8.12159 0.0787402
f 3479/6561/45 3478/6562/46 3485/6563/46 3484/6564/45 

vt -9.00666 0
vt -8.84116 0
v 0.0998484 1.24861 -3.8635
vt -8.84116 0.0787402
vt -9.00666 0.0787402
f 3478/6565/46 3477/6566/47 3486/6567/47 3485/6568/46 

vt -8.83734 0
vt -8.72346 0
v 0.0969695 1.24889 -3.8635
vt -8.72346 0.0787402
vt -8.83734 0.0787402
f 3477/6569/47 3476/6570/48 3487/6571/48 3486/6572/47 

vt -8.26783 0
vt -8.16047 0
v 0.0943738 1.24972 -3.8635
vt -8.16047 0.0787402
vt -8.26783 0.0787402
f 3476/6573/48 3475/6574/49 3488/6575/49 3487/6576/48 

vt -7.25246 0
vt -7.14619 0
v 0.0920612 1.25111 -3.8635
vt -7.14619 0.0787402
vt -7.25246 0.0787402
f 3475/6577/49 3474/6578/50 3489/6579/50 3488/6580/49 

vt -5.90281 0
vt -5.79203 0
v 0.0900318 1.25306 -3.8635
vt -5.79203 0.0787402
vt -5.90281 0.0787402
f 3474/6581/50 3473/6582/51 3490/6583/51 3489/6584/50 

vt -4.13062 0
vt -4.00918 0
v 0.08838 1.25567 -3.8635
vt -4.00918 0.0787402
vt -4.13062 0.0787402
f 3473/6585/51 3472/6586/52 3491/6587/52 3490/6588/51 

vt -2.22066 0
vt -2.08045 0
v 0.0872001 1.25903 -3.8635
vt -2.08045 0.0787402
vt -2.22066 0.0787402
f 3472/6589/52 3471/6590/53 3492/6591/53 3491/6592/52 

vt -0.687971 0
vt -0.523567 0
v 0.0864922 1.26314 -3.8635
vt -0.523567 0.0787402
vt -0.687971 0.0787402
f 3471/6593/53 3470/6594/54 3493/6595/54 3492/6596/53 

vt 0.50434 0
vt 0.696319 0
v 0.0862562 1.26802 -3.8635
vt 0.696319 0.0787402
vt 0.50434 0.0787402
f 3470/6597/54 3469/6598/55 3494/6599/55 3493/6600/54 

vt 1.53664 0
vt 1.71815 0
v 0.0864957 1.27262 -3.8635
vt 1.71815 0.0787402
vt 1.53664 0.0787402
f 3469/6601/55 3468/6602/56 3495/6603/56 3494/6604/55 

vt 2.77525 0
vt 2.93213 0
v 0.0872143 1.27654 -3.8635
vt 2.93213 0.0787402
vt 2.77525 0.0787402
f 3468/6605/56 3467/6606/57 3496/6607/57 3495/6608/56 

vt 4.26995 0
vt 4.40577 0
v 0.0884118 1.27977 -3.8635
vt 4.40577 0.0787402
vt 4.26995 0.0787402
f 3467/6609/57 3466/6610/58 3497/6611/58 3496/6612/57 

vt 5.9558 0
vt 6.07598 0
v 0.0900885 1.28232 -3.8635
vt 6.07598 0.0787402
vt 5.9558 0.0787402
f 3466/6613/58 3465/6614/59 3498/6615/59 3497/6616/58 

vt 7.36024 0
vt 7.47148 0
v 0.0921497 1.28426 -3.8635
vt 7.47148 0.0787402
vt 7.36024 0.0787402
f 3465/6617/59 3464/6618/60 3499/6619/60 3498/6620/59 

vt 8.3057 0
vt 8.41305 0
v 0.0945012 1.28564 -3.8635
vt 8.41305 0.0787402
vt 8.3057 0.0787402
f 3464/6621/60 3463/6622/61 3500/6623/61 3499/6624/60 

vt 8.83987 0
vt 8.94887 0
v 0.097143 1.28647 -3.8635
vt 8.94887 0.0787402
vt 8.83987 0.0787402
f 3463/6625/61 3462/6626/62 3501/6627/62 3500/6628/61 

vt 8.93757 0
vt 9.05351 0
v 0.100075 1.28674 -3.8635
vt 9.05351 0.0787402
vt 8.93757 0.0787402
f 3462/6629/62 3461/6630/63 3502/6631/63 3501/6632/62 

vt 8.5449 0
vt 8.70896 0
v 0.104195 1.28612 -3.8635
vt 8.70896 0.0787402
vt 8.5449 0.0787402
f 3461/6633/63 3460/6634/64 3503/6635/64 3502/6636/63 

vt 7.12109 0
vt 7.27557 0
v 0.107645 1.28425 -3.8635
vt 7.27557 0.0787402
vt 7.12109 0.0787402
f 3460/6637/64 3459/6638/65 3504/6639/65 3503/6640/64 

vt 4.76655 0
vt 4.92073 0
v 0.110227 1.28131 -3.8635
vt 4.92073 0.0787402
vt 4.76655 0.0787402
f 3459/6641/65 3458/6642/66 3505/6643/66 3504/6644/65 

vt 1.89849 0
vt 2.06142 0
v 0.111742 1.27745 -3.8635
vt 2.06142 0.0787402
vt 1.89849 0.0787402
f 3458/6645/66 3457/6646/67 3506/6647/67 3505/6648/66 

vt 9.4655 0
vt 9.91329 0
v 0.122804 1.2801 -3.8635
vt 9.91329 0.0787402
vt 9.4655 0.0787402
f 3457/6649/68 3456/6650/68 3507/6651/68 3506/6652/68 

vt -2.19564 0
vt -1.94652 0
v 0.120444 1.28597 -3.8635
vt -1.94652 0.0787402
vt -2.19564 0.0787402
f 3456/6653/69 3455/6654/70 3508/6655/70 3507/6656/69 

vt -4.46531 0
vt -4.2511 0
v 0.117141 1.29029 -3.8635
vt -4.2511 0.0787402
vt -4.46531 0.0787402
f 3455/6657/70 3454/6658/71 3509/6659/71 3508/6660/70 

vt -6.39104 0
vt -6.22159 0
v 0.113731 1.29292 -3.8635
vt -6.22159 0.0787402
vt -6.39104 0.0787402
f 3454/6661/71 3453/6662/72 3510/6663/72 3509/6664/71 

vt -7.61189 0
vt -7.44199 0
v 0.109844 1.29479 -3.8635
vt -7.44199 0.0787402
vt -7.61189 0.0787402
f 3453/6665/72 3452/6666/73 3511/6667/73 3510/6668/72 

vt -8.47104 0
vt -8.29364 0
v 0.105481 1.29592 -3.8635
vt -8.29364 0.0787402
vt -8.47104 0.0787402
f 3452/6669/73 3451/6670/74 3512/6671/74 3511/6672/73 

vt -8.93564 0
vt -8.74452 0
v 0.100641 1.29629 -3.8635
vt -8.74452 0.0787402
vt -8.93564 0.0787402
f 3451/6673/74 3450/6674/75 3513/6675/75 3512/6676/74 

vt -9.10009 0
vt -8.88142 0
v 0.0951077 1.29582 -3.8635
vt -8.88142 0.0787402
vt -9.10009 0.0787402
f 3450/6677/75 3449/6678/76 3514/6679/76 3513/6680/75 

vt -8.99201 0
vt -8.78829 0
v 0.0901356 1.29438 -3.8635
vt -8.78829 0.0787402
vt -8.99201 0.0787402
f 3449/6681/76 3448/6682/77 3515/6683/77 3514/6684/76 

vt -8.51909 0
vt -8.32161 0
v 0.0857253 1.29199 -3.8635
vt -8.32161 0.0787402
vt -8.51909 0.0787402
f 3448/6685/77 3447/6686/78 3516/6687/78 3515/6688/77 

vt -7.64922 0
vt -7.44846 0
v 0.0818765 1.28865 -3.8635
vt -7.44846 0.0787402
vt -7.64922 0.0787402
f 3447/6689/78 3446/6690/79 3517/6691/79 3516/6692/78 

vt -6.42592 0
vt -6.21961 0
v 0.0787545 1.28444 -3.8635
vt -6.21961 0.0787402
vt -6.42592 0.0787402
f 3446/6693/79 3445/6694/80 3518/6695/80 3517/6696/79 

vt -4.89922 0
vt -4.68439 0
v 0.0765245 1.27946 -3.8635
vt -4.68439 0.0787402
vt -4.89922 0.0787402
f 3445/6697/80 3444/6698/81 3519/6699/81 3518/6700/80 

vt -3.3241 0
vt -3.09161 0
v 0.0751866 1.27371 -3.8635
vt -3.09161 0.0787402
vt -3.3241 0.0787402
f 3444/6701/81 3443/6702/82 3520/6703/82 3519/6704/81 

vt -1.86559 0
v 0.0747406 1.26718 -3.8635
vt -1.86559 0.0787402
f 3443/6705/82 3442/297/83 3521/300/83 3520/6706/82 

vt -0.500789 0
vt -0.256615 0
v 0.0751842 1.261 -3.8635
vt -0.256615 0.0787402
vt -0.500789 0.0787402
f 3442/6707/83 3441/6708/84 3522/6709/84 3521/6710/83 

vt 1.06574 0
vt 1.28833 0
v 0.0765151 1.2555 -3.8635
vt 1.28833 0.0787402
vt 1.06574 0.0787402
f 3441/6711/84 3440/6712/85 3523/6713/85 3522/6714/84 

vt 2.79686 0
vt 3.00516 0
v 0.0787333 1.2507 -3.8635
vt 3.00516 0.0787402
vt 2.79686 0.0787402
f 3440/6715/85 3439/6716/86 3524/6717/86 3523/6718/85 

vt 4.53345 0
vt 4.73631 0
v 0.0818387 1.24659 -3.8635
vt 4.73631 0.0787402
vt 4.53345 0.0787402
f 3439/6719/86 3438/6720/87 3525/6721/87 3524/6722/86 

vt 6.02278 0
vt 6.22064 0
v 0.0856332 1.24329 -3.8635
vt 6.22064 0.0787402
vt 6.02278 0.0787402
f 3438/6723/87 3437/6724/88 3526/6725/88 3525/6726/87 

vt 7.25769 0
vt 7.45018 0
v 0.0899185 1.24094 -3.8635
vt 7.45018 0.0787402
vt 7.25769 0.0787402
f 3437/6727/88 3436/6728/89 3527/6729/89 3526/6730/88 

vt 8.1602 0
vt 8.35628 0
v 0.0946947 1.23953 -3.8635
vt 8.35628 0.0787402
vt 8.1602 0.0787402
f 3436/6731/89 3435/6732/90 3528/6733/90 3527/6734/89 

vt 8.67553 0
vt 8.88372 0
v 0.0999617 1.23906 -3.8635
vt 8.88372 0.0787402
vt 8.67553 0.0787402
f 3435/6735/90 3434/6736/91 3529/6737/91 3528/6738/90 

vt 8.89492 0
vt 9.06301 0
v 0.104222 1.23933 -3.8635
vt 9.06301 0.0787402
vt 8.89492 0.0787402
f 3434/6739/91 3433/6740/92 3530/6741/92 3529/6742/91 

vt 8.87869 0
vt 9.03452 0
v 0.108093 1.24016 -3.8635
vt 9.03452 0.0787402
vt 8.87869 0.0787402
f 3433/6743/92 3432/6744/93 3531/6745/93 3530/6746/92 

vt 8.593 0
vt 8.74037 0
v 0.111575 1.24153 -3.8635
vt 8.74037 0.0787402
vt 8.593 0.0787402
f 3432/6747/93 3431/6748/94 3532/6749/94 3531/6750/93 

vt 7.98986 0
vt 8.13326 0
v 0.114668 1.24345 -3.8635
vt 8.13326 0.0787402
vt 7.98986 0.0787402
f 3431/6751/94 3430/6752/95 3533/6753/95 3532/6754/94 

vt 7.06087 0
vt 7.20524 0
v 0.117359 1.24595 -3.8635
vt 7.20524 0.0787402
vt 7.06087 0.0787402
f 3430/6755/95 3429/6756/96 3534/6757/96 3533/6758/95 

vt 5.9053 0
vt 6.05593 0
v 0.119637 1.24902 -3.8635
vt 6.05593 0.0787402
vt 5.9053 0.0787402
f 3429/6759/96 3428/6760/97 3535/6761/97 3534/6762/96 

vt 4.72004 0
vt 4.88165 0
v 0.121503 1.25268 -3.8635
vt 4.88165 0.0787402
vt 4.72004 0.0787402
f 3428/6763/97 3427/6764/98 3536/6765/98 3535/6766/97 

vt 3.63672 0
vt 3.81314 0
vt 3.81314 0.0787402
vt 3.63672 0.0787402
f 3427/6767/98 3426/6768/99 3482/6769/99 3536/6770/98 

vt 9.82107 0.665936
vt 9.39446 0.801204
vt 9.32162 0.593842
vt 9.21311 0.450399
vt 9.0745 0.366785
vt 8.91136 0.338914
vt 8.79801 0.349877
vt 8.69582 0.382764
vt 8.60477 0.437578
vt 8.52487 0.514317
vt 8.45984 0.616883
vt 8.41339 0.749178
vt 8.38552 0.911202
vt 8.37623 1.10296
vt 8.38566 1.28421
vt 8.41395 1.43853
vt 8.4611 1.5659
vt 8.5271 1.66633
vt 8.60826 1.74242
vt 8.70084 1.79676
vt 8.80484 1.82937
vt 8.92027 1.84024
vt 9.08249 1.81572
vt 9.21831 1.74214
vt 9.31995 1.62619
vt 9.37959 1.47457
vt 9.81513 1.57863
vt 9.72222 1.80977
vt 9.59216 1.97997
vt 9.45791 2.08337
vt 9.3049 2.15723
vt 9.13312 2.20155
vt 8.94257 2.21632
vt 8.72471 2.19751
vt 8.52896 2.14107
vt 8.35533 2.047
vt 8.2038 1.91531
vt 8.08089 1.74962
vt 7.99309 1.55354
vt 7.94042 1.32709
vt 7.92286 1.07025
vt 7.94032 0.826706
vt 7.99272 0.610379
vt 8.08005 0.421274
vt 8.20231 0.259388
vt 8.3517 0.129647
vt 8.52042 0.0369754
vt 8.70845 -0.0186274
vt 8.91582 -0.0371616
vt 9.08355 -0.0263384
vt 9.23596 0.00613145
vt 9.37304 0.060248
vt 9.49479 0.136012
vt 9.60075 0.234072
vt 9.69045 0.355079
vt 9.76389 0.499034
f 3482/6771/6 3481/6772/6 3483/6773/6 3484/6774/6 3485/6775/6 3486/6776/6 3487/6777/6 3488/6778/6 3489/6779/6 3490/6780/6 3491/6781/6 3492/6782/6 3493/6783/6 3494/6784/6 3495/6785/6 3496/6786/6 3497/6787/6 3498/6788/6 3499/6789/6 3500/6790/6 3501/6791/6 3502/6792/6 3503/6793/6 3504/6794/6 3505/6795/6 3506/6796/6 3507/6797/6 3508/6798/6 3509/6799/6 3510/6800/6 3511/6801/6 3512/6802/6 3513/6803/6 3514/6804/6 3515/6805/6 3516/6806/6 3517/6807/6 3518/6808/6 3519/6809/6 3520/6810/6 3521/6811/6 3522/6812/6 3523/6813/6 3524/6814/6 3525/6815/6 3526/6816/6 3527/6817/6 3528/6818/6 3529/6819/6 3530/6820/6 3531/6821/6 3532/6822/6 3533/6823/6 3534/6824/6 3535/6825/6 3536/6826/6 

g Mesh54 Group24 Model

v 0.912242 3.17403 -1.47403
v 0.912242 3.22938 -1.47403
v 0.923418 3.22938 -1.47403
vt -0.439994 2.17916
v 0.923418 3.20759 -1.47403
vt -0.439994 1.32147
v 0.945316 3.20759 -1.47403
vt -1.30214 1.32147
v 0.945316 3.22938 -1.47403
vt -1.30214 2.17916
v 0.956492 3.22938 -1.47403
vt -1.74214 2.17916
v 0.956492 3.17403 -1.47403
vt -1.74214 0
v 0.945316 3.17403 -1.47403
vt -1.30214 0
v 0.945316 3.19823 -1.47403
vt -1.30214 0.952824
v 0.923418 3.19823 -1.47403
vt -0.439994 0.952824
v 0.923418 3.17403 -1.47403
f 3537/1/1 3538/22/1 3539/6827/1 3540/6828/1 3541/6829/1 3542/6830/1 3543/6831/1 3544/6832/1 3545/6833/1 3546/6834/1 3547/6835/1 3548/14/1 

v 0.912242 3.17403 -1.47203
v 0.912242 3.22938 -1.47203
f 3538/27/2 3537/1/2 3549/8/2 3550/28/2 

v 0.923418 3.17403 -1.47203
f 3537/1/3 3548/29/3 3551/30/3 3549/8/3 

vt 0.952824 0
v 0.923418 3.19823 -1.47203
vt 0.952824 0.0787402
f 3548/1/4 3547/6836/4 3552/6837/4 3551/8/4 

vt 1.30214 0
v 0.945316 3.19823 -1.47203
vt 1.30214 0.0787402
f 3547/29/3 3546/6838/3 3553/6839/3 3552/30/3 

vt -0.952824 0
v 0.945316 3.17403 -1.47203
vt -0.952824 0.0787402
f 3546/6840/2 3545/1/2 3554/8/2 3553/6841/2 

vt 1.74214 0
v 0.956492 3.17403 -1.47203
vt 1.74214 0.0787402
f 3545/6838/3 3544/6842/3 3555/6843/3 3554/6839/3 

v 0.956492 3.22938 -1.47203
f 3544/1/4 3543/2585/4 3556/2586/4 3555/8/4 

v 0.945316 3.22938 -1.47203
vt -1.30214 0.0787402
vt -1.74214 0.0787402
f 3543/6832/5 3542/6833/5 3557/6844/5 3556/6845/5 

vt -1.32147 0
v 0.945316 3.20759 -1.47203
vt -1.32147 0.0787402
f 3542/27/2 3541/6846/2 3558/6847/2 3557/28/2 

v 0.923418 3.20759 -1.47203
f 3541/6833/5 3540/14/5 3559/15/5 3558/6844/5 

vt 1.32147 0
v 0.923418 3.22938 -1.47203
vt 1.32147 0.0787402
f 3540/6848/4 3539/2585/4 3560/2586/4 3559/6849/4 

f 3539/14/5 3538/1/5 3550/8/5 3560/15/5 

vt 0.439994 0.952824
vt 1.30214 0.952824
vt 1.74214 2.17916
vt 1.30214 2.17916
vt 1.30214 1.32147
vt 0.439994 1.32147
vt 0.439994 2.17916
f 3550/22/6 3549/1/6 3551/29/6 3552/6850/6 3553/6851/6 3554/6838/6 3555/6842/6 3556/6852/6 3557/6853/6 3558/6854/6 3559/6855/6 3560/6856/6 

g Mesh55 Group24 Model

v 1.00154 3.18388 -1.47403
vt -3.51549 0.387967
v 1.00154 3.17403 -1.47403
vt -3.51549 0
v 0.964346 3.17403 -1.47403
vt -2.05132 0
v 0.965554 3.17947 -1.47403
vt -2.09889 0.214237
v 0.96797 3.18462 -1.47403
vt -2.19402 0.416953
v 0.972463 3.19044 -1.47403
vt -2.37091 0.646055
v 0.979901 3.19789 -1.47403
vt -2.66374 0.939446
v 0.988698 3.20695 -1.47403
vt -3.01009 1.2962
v 0.990341 3.21022 -1.47403
vt -3.07475 1.42478
v 0.990888 3.21345 -1.47403
vt -3.09631 1.55187
v 0.990411 3.21658 -1.47403
vt -3.07754 1.67543
v 0.988981 3.2189 -1.47403
vt -3.02124 1.76666
v 0.986711 3.22033 -1.47403
vt -2.93187 1.82296
v 0.983714 3.22081 -1.47403
vt -2.81388 1.84173
v 0.980732 3.22031 -1.47403
vt -2.69645 1.82203
v 0.978429 3.21881 -1.47403
vt -2.60577 1.76295
v 0.976881 3.21614 -1.47403
vt -2.54483 1.65815
v 0.976163 3.21216 -1.47403
vt -2.51658 1.50133
v 0.965591 3.21322 -1.47403
vt -2.10037 1.54295
v 0.966316 3.21729 -1.47403
vt -2.1289 1.70321
v 0.967545 3.22074 -1.47403
vt -2.1773 1.83913
v 0.96928 3.22358 -1.47403
vt -2.24558 1.95071
v 0.971519 3.22579 -1.47403
vt -2.33375 2.03794
v 0.974167 3.22746 -1.47403
vt -2.43799 2.10363
v 0.977126 3.22865 -1.47403
vt -2.55449 2.15054
v 0.983979 3.2296 -1.47403
v 0.987856 3.22933 -1.47403
vt -2.97692 2.17721
v 0.991294 3.2285 -1.47403
vt -3.11229 2.1446
v 0.994293 3.22712 -1.47403
vt -3.23037 2.09025
v 0.996854 3.22519 -1.47403
vt -3.33117 2.01416
v 0.998902 3.22284 -1.47403
vt -3.41181 1.92191
v 1.00036 3.22023 -1.47403
vt -3.46941 1.81906
v 1.00124 3.21735 -1.47403
vt -3.50397 1.70563
v 1.00154 3.2142 -1.47403
vt -3.51549 1.5816
v 1.0012 3.21055 -1.47403
vt -3.5023 1.43797
v 1.0002 3.20708 -1.47403
vt -3.46272 1.3014
v 0.998463 3.20362 -1.47403
vt -3.39453 1.1652
v 0.995947 3.2 -1.47403
vt -3.29549 1.02269
v 0.989 3.19294 -1.47403
vt -3.02198 0.744719
v 0.982638 3.18683 -1.47403
vt -2.77151 0.503912
v 0.980467 3.18388 -1.47403
vt -2.68604 0.387967
f 3561/6857/1 3562/6858/1 3563/6859/1 3564/6860/1 3565/6861/1 3566/6862/1 3567/6863/1 3568/6864/1 3569/6865/1 3570/6866/1 3571/6867/1 3572/6868/1 3573/6869/1 3574/6870/1 3575/6871/1 3576/6872/1 3577/6873/1 3578/6874/1 3579/6875/1 3580/6876/1 3581/6877/1 3582/6878/1 3583/6879/1 3584/6880/1 3585/6881/1 3586/4000/1 3587/6882/1 3588/6883/1 3589/6884/1 3590/6885/1 3591/6886/1 3592/6887/1 3593/6888/1 3594/6889/1 3595/6890/1 3596/6891/1 3597/6892/1 3598/6893/1 3599/6894/1 3600/6895/1 3601/6896/1 

v 1.00154 3.18388 -1.47203
v 1.00154 3.17403 -1.47203
f 3562/1/4 3561/676/4 3602/677/4 3603/8/4 

vt -2.68604 0
v 0.980467 3.18388 -1.47203
vt -2.68604 0.0787402
vt -3.51549 0.0787402
f 3561/6858/5 3601/6897/5 3604/6898/5 3602/6899/5 

vt 1.90612 0
vt 2.05016 0
v 0.982638 3.18683 -1.47203
vt 2.05016 0.0787402
vt 1.90612 0.0787402
f 3601/6900/108 3600/6901/109 3605/6902/109 3604/6903/108 

vt 2.34716 0
vt 2.69461 0
v 0.989 3.19294 -1.47203
vt 2.69461 0.0787402
vt 2.34716 0.0787402
f 3600/6904/109 3599/6905/110 3606/6906/110 3605/6907/109 

vt 2.65035 0
vt 3.04032 0
v 0.995947 3.2 -1.47203
vt 3.04032 0.0787402
vt 2.65035 0.0787402
f 3599/6908/110 3598/6909/111 3607/6910/111 3606/6911/110 

vt 2.72041 0
vt 2.89396 0
v 0.998463 3.20362 -1.47203
vt 2.89396 0.0787402
vt 2.72041 0.0787402
f 3598/6912/111 3597/6913/112 3608/6914/112 3607/6915/111 

vt 2.56164 0
vt 2.71395 0
v 1.0002 3.20708 -1.47203
vt 2.71395 0.0787402
vt 2.56164 0.0787402
f 3597/6916/112 3596/6917/113 3609/6918/113 3608/6919/112 

vt 2.35599 0
v 1.0012 3.21055 -1.47203
vt 2.35599 0.0787402
f 3596/1466/113 3595/6920/114 3610/6921/114 3609/1467/113 

vt 1.75228 0
vt 1.89651 0
v 1.00154 3.2142 -1.47203
vt 1.89651 0.0787402
vt 1.75228 0.0787402
f 3595/6922/114 3594/6923/115 3611/6924/115 3610/6925/114 

vt 1.24969 0
vt 1.37425 0
v 1.00124 3.21735 -1.47203
vt 1.37425 0.0787402
vt 1.24969 0.0787402
f 3594/6926/115 3593/6927/116 3612/6928/116 3611/6929/115 

vt 0.61038 0
vt 0.728964 0
v 1.00036 3.22023 -1.47203
vt 0.728964 0.0787402
vt 0.61038 0.0787402
f 3593/6930/116 3592/6931/117 3613/6932/117 3612/6933/116 

vt -0.108241 0
vt 0.00963503 0
v 0.998902 3.22284 -1.47203
vt 0.00963503 0.0787402
vt -0.108241 0.0787402
f 3592/6934/117 3591/6935/118 3614/6936/118 3613/6937/117 

vt -0.7984 0
vt -0.675869 0
v 0.996854 3.22519 -1.47203
vt -0.675869 0.0787402
vt -0.7984 0.0787402
f 3591/6938/118 3590/6939/119 3615/6940/119 3614/6941/118 

vt -1.44527 0
vt -1.31898 0
v 0.994293 3.22712 -1.47203
vt -1.31898 0.0787402
vt -1.44527 0.0787402
f 3590/6942/119 3589/6943/120 3616/6944/120 3615/6945/119 

vt -2.06051 0
vt -1.93052 0
v 0.991294 3.2285 -1.47203
vt -1.93052 0.0787402
vt -2.06051 0.0787402
f 3589/6946/120 3588/6947/121 3617/6948/121 3616/6949/120 

vt -2.52345 0
vt -2.38422 0
v 0.987856 3.22933 -1.47203
vt -2.38422 0.0787402
vt -2.52345 0.0787402
f 3588/6950/121 3587/6951/122 3618/6952/122 3617/6953/121 

vt -2.81476 0
vt -2.66173 0
v 0.983979 3.2296 -1.47203
vt -2.66173 0.0787402
vt -2.81476 0.0787402
f 3587/6954/122 3586/6955/123 3619/6956/123 3618/6957/122 

vt -3.09884 0
vt -2.82645 0
v 0.977126 3.22865 -1.47203
vt -2.82645 0.0787402
vt -3.09884 0.0787402
f 3586/6958/123 3585/6959/124 3620/6960/124 3619/6961/123 

vt -3.17291 0
vt -3.04732 0
v 0.974167 3.22746 -1.47203
vt -3.04732 0.0787402
vt -3.17291 0.0787402
f 3585/6962/124 3584/6963/125 3621/6964/125 3620/6965/124 

vt -3.18412 0
vt -3.06091 0
v 0.971519 3.22579 -1.47203
vt -3.06091 0.0787402
vt -3.18412 0.0787402
f 3584/6966/125 3583/6967/126 3622/6968/126 3621/6969/125 

vt -3.09232 0
vt -2.96829 0
v 0.96928 3.22358 -1.47203
vt -2.96829 0.0787402
vt -3.09232 0.0787402
f 3583/6970/126 3582/6971/127 3623/6972/127 3622/6973/126 

vt -2.83604 0
vt -2.70522 0
v 0.967545 3.22074 -1.47203
vt -2.70522 0.0787402
vt -2.83604 0.0787402
f 3582/6974/127 3581/6975/128 3624/6976/128 3623/6977/127 

vt -2.46299 0
vt -2.31871 0
v 0.966316 3.21729 -1.47203
vt -2.31871 0.0787402
vt -2.46299 0.0787402
f 3581/6978/128 3580/6979/129 3625/6980/129 3624/6981/128 

vt -2.04988 0
vt -1.8871 0
v 0.965591 3.21322 -1.47203
vt -1.8871 0.0787402
vt -2.04988 0.0787402
f 3580/6982/129 3579/6983/130 3626/6984/130 3625/6985/129 

vt 1.93642 0
vt 2.35471 0
v 0.976163 3.21216 -1.47203
vt 2.35471 0.0787402
vt 1.93642 0.0787402
f 3579/6986/131 3578/6987/131 3627/6988/131 3626/6989/131 

vt 1.92361 0
vt 2.08295 0
v 0.976881 3.21614 -1.47203
vt 2.08295 0.0787402
vt 1.92361 0.0787402
f 3578/6990/132 3577/6991/133 3628/6992/133 3627/6993/132 

vt 2.71274 0
vt 2.83397 0
v 0.978429 3.21881 -1.47203
vt 2.83397 0.0787402
vt 2.71274 0.0787402
f 3577/6994/133 3576/6995/134 3629/6996/134 3628/6997/133 

vt 3.14564 0
vt 3.25387 0
v 0.980732 3.22031 -1.47203
vt 3.25387 0.0787402
vt 3.14564 0.0787402
f 3576/6998/134 3575/6999/135 3630/7000/135 3629/7001/134 

vt 2.96069 0
vt 3.07976 0
v 0.983714 3.22081 -1.47203
vt 3.07976 0.0787402
vt 2.96069 0.0787402
f 3575/7002/135 3574/7003/136 3631/7004/136 3630/7005/135 

vt 2.48965 0
vt 2.60912 0
v 0.986711 3.22033 -1.47203
vt 2.60912 0.0787402
vt 2.48965 0.0787402
f 3574/7006/136 3573/7007/137 3632/7008/137 3631/7009/136 

vt 1.50905 0
vt 1.61468 0
v 0.988981 3.2189 -1.47203
vt 1.61468 0.0787402
vt 1.50905 0.0787402
f 3573/7010/137 3572/7011/138 3633/7012/138 3632/7013/137 

vt 0.0832045 0
vt 0.190409 0
v 0.990411 3.21658 -1.47203
vt 0.190409 0.0787402
vt 0.0832045 0.0787402
f 3572/7014/138 3571/7015/139 3634/7016/139 3633/7017/138 

vt -1.19432 0
vt -1.06934 0
v 0.990888 3.21345 -1.47203
vt -1.06934 0.0787402
vt -1.19432 0.0787402
f 3571/7018/139 3570/7019/140 3635/7020/140 3634/7021/139 

vt -2.04773 0
vt -1.91883 0
v 0.990341 3.21022 -1.47203
vt -1.91883 0.0787402
vt -2.04773 0.0787402
f 3570/7022/140 3569/7023/141 3636/7024/141 3635/7025/140 

vt -2.6543 0
vt -2.51038 0
v 0.988698 3.20695 -1.47203
vt -2.51038 0.0787402
vt -2.6543 0.0787402
f 3569/7026/141 3568/7027/142 3637/7028/142 3636/7029/141 

vt -3.02674 0
vt -2.52952 0
v 0.979901 3.19789 -1.47203
vt -2.52952 0.0787402
vt -3.02674 0.0787402
f 3568/7030/142 3567/7031/143 3638/7032/143 3637/7033/142 

vt -2.54668 0
vt -2.13216 0
v 0.972463 3.19044 -1.47203
vt -2.13216 0.0787402
vt -2.54668 0.0787402
f 3567/7034/143 3566/7035/144 3639/7036/144 3638/7037/143 

vt -1.96032 0
vt -1.67088 0
v 0.96797 3.18462 -1.47203
vt -1.67088 0.0787402
vt -1.96032 0.0787402
f 3566/7038/144 3565/7039/145 3640/7040/145 3639/7041/144 

vt -1.30956 0
vt -1.08563 0
v 0.965554 3.17947 -1.47203
vt -1.08563 0.0787402
vt -1.30956 0.0787402
f 3565/7042/145 3564/7043/146 3641/7044/146 3640/7045/145 

vt -0.664079 0
vt -0.444625 0
v 0.964346 3.17403 -1.47203
vt -0.444625 0.0787402
vt -0.664079 0.0787402
f 3564/7046/146 3563/7047/147 3642/7048/147 3641/7049/146 

vt 2.05132 0
vt 3.51549 0
vt 3.51549 0.0787402
vt 2.05132 0.0787402
f 3563/7050/3 3562/7051/3 3603/7052/3 3642/7053/3 

vt 3.51549 0.387967
vt 2.68604 0.387967
vt 2.77151 0.503912
vt 3.02198 0.744719
vt 3.29549 1.02269
vt 3.39453 1.1652
vt 3.46272 1.3014
vt 3.5023 1.43797
vt 3.51549 1.5816
vt 3.50397 1.70563
vt 3.46941 1.81906
vt 3.41181 1.92191
vt 3.33117 2.01416
vt 3.23037 2.09025
vt 3.11229 2.1446
vt 2.97692 2.17721
vt 2.55449 2.15054
vt 2.43799 2.10363
vt 2.33375 2.03794
vt 2.24558 1.95071
vt 2.1773 1.83913
vt 2.1289 1.70321
vt 2.10037 1.54295
vt 2.51658 1.50133
vt 2.54483 1.65815
vt 2.60577 1.76295
vt 2.69645 1.82203
vt 2.81388 1.84173
vt 2.93187 1.82296
vt 3.02124 1.76666
vt 3.07754 1.67543
vt 3.09631 1.55187
vt 3.07475 1.42478
vt 3.01009 1.2962
vt 2.66374 0.939446
vt 2.37091 0.646055
vt 2.19402 0.416953
vt 2.09889 0.214237
f 3603/7051/6 3602/7054/6 3604/7055/6 3605/7056/6 3606/7057/6 3607/7058/6 3608/7059/6 3609/7060/6 3610/7061/6 3611/7062/6 3612/7063/6 3613/7064/6 3614/7065/6 3615/7066/6 3616/7067/6 3617/7068/6 3618/7069/6 3619/4032/6 3620/7070/6 3621/7071/6 3622/7072/6 3623/7073/6 3624/7074/6 3625/7075/6 3626/7076/6 3627/7077/6 3628/7078/6 3629/7079/6 3630/7080/6 3631/7081/6 3632/7082/6 3633/7083/6 3634/7084/6 3635/7085/6 3636/7086/6 3637/7087/6 3638/7088/6 3639/7089/6 3640/7090/6 3641/7091/6 3642/7050/6 

g Mesh56 Group25 Model

v -1.0009 3.19363 -1.47373
v -1.0009 3.24898 -1.47373
v -0.989721 3.24898 -1.47373
v -0.989721 3.22719 -1.47373
v -0.967823 3.22719 -1.47373
v -0.967823 3.24898 -1.47373
v -0.956647 3.24898 -1.47373
v -0.956647 3.19363 -1.47373
v -0.967823 3.19363 -1.47373
v -0.967823 3.21783 -1.47373
v -0.989721 3.21783 -1.47373
v -0.989721 3.19363 -1.47373
f 3643/1/1 3644/22/1 3645/6827/1 3646/6828/1 3647/6829/1 3648/6830/1 3649/6831/1 3650/6832/1 3651/6833/1 3652/6834/1 3653/6835/1 3654/14/1 

v -1.0009 3.19363 -1.47173
v -1.0009 3.24898 -1.47173
f 3644/27/2 3643/1/2 3655/8/2 3656/28/2 

v -0.989721 3.19363 -1.47173
f 3643/1/3 3654/29/3 3657/30/3 3655/8/3 

v -0.989721 3.21783 -1.47173
f 3654/1/4 3653/6836/4 3658/6837/4 3657/8/4 

v -0.967823 3.21783 -1.47173
f 3653/29/3 3652/6838/3 3659/6839/3 3658/30/3 

v -0.967823 3.19363 -1.47173
f 3652/6840/2 3651/1/2 3660/8/2 3659/6841/2 

v -0.956647 3.19363 -1.47173
f 3651/6838/3 3650/6842/3 3661/6843/3 3660/6839/3 

v -0.956647 3.24898 -1.47173
f 3650/1/4 3649/2585/4 3662/2586/4 3661/8/4 

v -0.967823 3.24898 -1.47173
f 3649/6832/5 3648/6833/5 3663/6844/5 3662/6845/5 

v -0.967823 3.22719 -1.47173
f 3648/27/2 3647/6846/2 3664/6847/2 3663/28/2 

v -0.989721 3.22719 -1.47173
f 3647/6833/5 3646/14/5 3665/15/5 3664/6844/5 

v -0.989721 3.24898 -1.47173
f 3646/6848/4 3645/2585/4 3666/2586/4 3665/6849/4 

f 3645/14/5 3644/1/5 3656/8/5 3666/15/5 

f 3656/22/6 3655/1/6 3657/29/6 3658/6850/6 3659/6851/6 3660/6838/6 3661/6842/6 3662/6852/6 3663/6853/6 3664/6854/6 3665/6855/6 3666/6856/6 

g Mesh57 Group25 Model

v -0.920288 3.19363 -1.47373
vt -3.1736 0
v -0.930897 3.19363 -1.47373
vt -2.75591 0
v -0.930897 3.23361 -1.47373
vt -2.75591 1.57417
v -0.937231 3.22888 -1.47373
vt -2.50655 1.38799
v -0.944603 3.22557 -1.47373
vt -2.21632 1.25755
v -0.944603 3.2352 -1.47373
vt -2.21632 1.6366
v -0.94027 3.23717 -1.47373
vt -2.38689 1.71408
v -0.935579 3.24035 -1.47373
vt -2.57158 1.8395
v -0.931473 3.24446 -1.47373
vt -2.73324 2.00134
v -0.928896 3.24921 -1.47373
vt -2.83469 2.18808
v -0.920288 3.24921 -1.47373
vt -3.1736 2.18808
f 3667/7092/1 3668/7093/1 3669/7094/1 3670/7095/1 3671/7096/1 3672/7097/1 3673/7098/1 3674/7099/1 3675/7100/1 3676/7101/1 3677/7102/1 

vt 2.75591 0
vt 3.1736 0
v -0.920288 3.19363 -1.47173
vt 3.1736 0.0787402
v -0.930897 3.19363 -1.47173
vt 2.75591 0.0787402
f 3668/7103/3 3667/7104/3 3678/7105/3 3679/7106/3 

v -0.920288 3.24921 -1.47173
f 3667/1/4 3677/591/4 3680/592/4 3678/8/4 

v -0.928896 3.24921 -1.47173
vt -2.83469 0.0787402
vt -3.1736 0.0787402
f 3677/7092/5 3676/577/5 3681/7107/5 3680/7108/5 

vt -3.27588 0
vt -3.06336 0
v -0.931473 3.24446 -1.47173
vt -3.06336 0.0787402
vt -3.27588 0.0787402
f 3676/7109/100 3675/7110/101 3682/7111/101 3681/7112/100 

vt -3.34755 0
vt -3.11881 0
v -0.935579 3.24035 -1.47173
vt -3.11881 0.0787402
vt -3.34755 0.0787402
f 3675/7113/101 3674/7114/102 3683/7115/102 3682/7116/101 

vt -3.16083 0
vt -2.93758 0
v -0.94027 3.23717 -1.47173
vt -2.93758 0.0787402
vt -3.16083 0.0787402
f 3674/7117/102 3673/7118/103 3684/7119/103 3683/7120/102 

vt -2.88209 0
vt -2.69475 0
v -0.944603 3.2352 -1.47173
vt -2.69475 0.0787402
vt -2.88209 0.0787402
f 3673/7121/103 3672/7122/104 3685/7123/104 3684/7124/103 

v -0.944603 3.22557 -1.47173
f 3672/612/2 3671/613/2 3686/614/2 3685/615/2 

vt 2.53705 0
vt 2.85524 0
v -0.937231 3.22888 -1.47173
vt 2.85524 0.0787402
vt 2.53705 0.0787402
f 3671/7125/105 3670/7126/106 3687/7127/106 3686/7128/105 

vt 2.83887 0
vt 3.15006 0
v -0.930897 3.23361 -1.47173
vt 3.15006 0.0787402
vt 2.83887 0.0787402
f 3670/7129/106 3669/7130/107 3688/7131/107 3687/7132/106 

f 3669/624/2 3668/1/2 3679/8/2 3688/625/2 

vt 3.1736 2.18808
vt 2.83469 2.18808
vt 2.73324 2.00134
vt 2.57158 1.8395
vt 2.38689 1.71408
vt 2.21632 1.6366
vt 2.21632 1.25755
vt 2.50655 1.38799
vt 2.75591 1.57417
f 3679/7103/6 3678/7104/6 3680/7133/6 3681/7134/6 3682/7135/6 3683/7136/6 3684/7137/6 3685/7138/6 3686/7139/6 3687/7140/6 3688/7141/6 

g Mesh58 Group26 Model

v -1.00154 3.17403 1.47003
v -1.00154 3.22938 1.47003
v -0.99036 3.22938 1.47003
v -0.99036 3.20759 1.47003
v -0.968461 3.20759 1.47003
v -0.968461 3.22938 1.47003
v -0.957285 3.22938 1.47003
v -0.957285 3.17403 1.47003
v -0.968461 3.17403 1.47003
v -0.968461 3.19823 1.47003
v -0.99036 3.19823 1.47003
v -0.99036 3.17403 1.47003
f 3689/1/1 3690/22/1 3691/6827/1 3692/6828/1 3693/6829/1 3694/6830/1 3695/6831/1 3696/6832/1 3697/6833/1 3698/6834/1 3699/6835/1 3700/14/1 

v -1.00154 3.17403 1.47203
v -1.00154 3.22938 1.47203
f 3690/27/2 3689/1/2 3701/8/2 3702/28/2 

v -0.99036 3.17403 1.47203
f 3689/1/3 3700/29/3 3703/30/3 3701/8/3 

v -0.99036 3.19823 1.47203
f 3700/1/4 3699/6836/4 3704/6837/4 3703/8/4 

v -0.968461 3.19823 1.47203
f 3699/29/3 3698/6838/3 3705/6839/3 3704/30/3 

v -0.968461 3.17403 1.47203
f 3698/6840/2 3697/1/2 3706/8/2 3705/6841/2 

v -0.957285 3.17403 1.47203
f 3697/6838/3 3696/6842/3 3707/6843/3 3706/6839/3 

v -0.957285 3.22938 1.47203
f 3696/1/4 3695/2585/4 3708/2586/4 3707/8/4 

v -0.968461 3.22938 1.47203
f 3695/6832/5 3694/6833/5 3709/6844/5 3708/6845/5 

v -0.968461 3.20759 1.47203
f 3694/27/2 3693/6846/2 3710/6847/2 3709/28/2 

v -0.99036 3.20759 1.47203
f 3693/6833/5 3692/14/5 3711/15/5 3710/6844/5 

v -0.99036 3.22938 1.47203
f 3692/6848/4 3691/2585/4 3712/2586/4 3711/6849/4 

f 3691/14/5 3690/1/5 3702/8/5 3712/15/5 

f 3702/22/6 3701/1/6 3703/29/6 3704/6850/6 3705/6851/6 3706/6838/6 3707/6842/6 3708/6852/6 3709/6853/6 3710/6854/6 3711/6855/6 3712/6856/6 

g Mesh59 Group26 Model

v -0.94845 3.18872 1.47003
vt -2.08997 0.578235
v -0.93818 3.18996 1.47003
vt -2.49429 0.627288
v -0.937274 3.1865 1.47003
vt -2.52996 0.490905
v -0.935538 3.18396 1.47003
vt -2.59834 0.39094
v -0.933159 3.1824 1.47003
vt -2.69199 0.329623
v -0.930327 3.18188 1.47003
vt -2.80347 0.309185
v -0.927302 3.1825 1.47003
vt -2.92258 0.333711
v -0.924796 3.18437 1.47003
vt -3.02124 0.407291
v -0.923111 3.1873 1.47003
vt -3.08757 0.522492
v -0.922549 3.19109 1.47003
vt -3.10968 0.671882
v -0.923087 3.19468 1.47003
vt -3.0885 0.813096
v -0.924702 3.19744 1.47003
vt -3.02496 0.921608
v -0.92709 3.19919 1.47003
vt -2.93094 0.990729
v -0.92995 3.19978 1.47003
vt -2.81834 1.01377
v -0.93482 3.19898 1.47003
vt -2.62658 0.982553
v -0.93365 3.20763 1.47003
vt -2.67266 1.32295
v -0.929855 3.20804 1.47003
vt -2.82205 1.33912
v -0.92708 3.2095 1.47003
vt -2.93131 1.39653
v -0.925381 3.21181 1.47003
vt -2.9982 1.48739
v -0.924815 3.21477 1.47003
vt -3.0205 1.6039
v -0.92523 3.21728 1.47003
vt -3.00415 1.70275
v -0.926476 3.21922 1.47003
vt -2.95509 1.7793
v -0.928411 3.22047 1.47003
vt -2.87891 1.82835
v -0.930894 3.22088 1.47003
vt -2.78118 1.8447
v -0.933414 3.22041 1.47003
vt -2.68195 1.82612
v -0.935538 3.219 1.47003
vt -2.59834 1.77038
v -0.937086 3.21667 1.47003
vt -2.5374 1.67896
v -0.937878 3.21348 1.47003
vt -2.50618 1.55336
v -0.947657 3.21514 1.47003
vt -2.12119 1.61876
v -0.946378 3.21966 1.47003
vt -2.17154 1.79658
v -0.94458 3.22317 1.47003
vt -2.24233 1.93463
v -0.942117 3.22585 1.47003
vt -2.33932 2.04017
v -0.938841 3.22789 1.47003
vt -2.46827 2.12044
v -0.934938 3.22918 1.47003
vt -2.62194 2.17117
v -0.930591 3.2296 1.47003
vt -2.79307 2.18808
v -0.926877 3.22929 1.47003
vt -2.9393 2.17581
v -0.92355 3.22836 1.47003
vt -3.07029 2.13902
v -0.92061 3.2268 1.47003
vt -3.18605 2.07771
v -0.918056 3.22462 1.47003
vt -3.28657 1.99186
v -0.91514 3.22028 1.47003
vt -3.4014 1.82092
v -0.914168 3.21541 1.47003
vt -3.43968 1.62917
v -0.914665 3.21195 1.47003
vt -3.42008 1.49297
v -0.916159 3.20886 1.47003
vt -3.36127 1.37126
v -0.918649 3.20613 1.47003
vt -3.26325 1.26405
v -0.922134 3.20378 1.47003
vt -3.12604 1.17133
v -0.917853 3.20213 1.47003
vt -3.29456 1.1063
v -0.914526 3.19921 1.47003
vt -3.42556 0.991472
v -0.912388 3.19529 1.47003
vt -3.50973 0.837251
v -0.911676 3.19064 1.47003
vt -3.53779 0.654044
v -0.912008 3.18713 1.47003
vt -3.52469 0.515896
v -0.913007 3.18389 1.47003
vt -3.48539 0.388339
v -0.91467 3.18092 1.47003
vt -3.41989 0.271373
v -0.916999 3.17822 1.47003
vt -3.32819 0.164998
v -0.919824 3.17597 1.47003
vt -3.21699 0.0765526
v -0.922974 3.17437 1.47003
vt -3.09296 0.0133779
v -0.92645 3.1734 1.47003
vt -2.95611 -0.0245268
v -0.930252 3.17308 1.47003
vt -2.80645 -0.0371616
v -0.933848 3.17335 1.47003
vt -2.66486 -0.0265242
v -0.937123 3.17416 1.47003
vt -2.53591 0.00538822
v -0.940078 3.17552 1.47003
vt -2.41959 0.0585758
v -0.942711 3.17741 1.47003
vt -2.31591 0.133039
v -0.944925 3.17973 1.47003
vt -2.22877 0.224689
v -0.946619 3.1824 1.47003
vt -2.16206 0.329438
v -0.947794 3.18539 1.47003
vt -2.1158 0.447286
f 3713/7142/1 3714/7143/1 3715/7144/1 3716/7145/1 3717/7146/1 3718/7147/1 3719/7148/1 3720/7149/1 3721/7150/1 3722/7151/1 3723/7152/1 3724/7153/1 3725/7154/1 3726/7155/1 3727/7156/1 3728/7157/1 3729/7158/1 3730/7159/1 3731/7160/1 3732/7161/1 3733/7162/1 3734/7163/1 3735/7164/1 3736/7165/1 3737/7166/1 3738/7167/1 3739/7168/1 3740/7169/1 3741/7170/1 3742/7171/1 3743/7172/1 3744/7173/1 3745/7174/1 3746/7175/1 3747/7176/1 3748/7177/1 3749/7178/1 3750/7179/1 3751/7180/1 3752/7181/1 3753/7182/1 3754/7183/1 3755/7184/1 3756/7185/1 3757/7186/1 3758/7187/1 3759/7188/1 3760/7189/1 3761/7190/1 3762/7191/1 3763/7192/1 3764/7193/1 3765/7194/1 3766/7195/1 3767/7196/1 3768/7197/1 3769/7198/1 3770/7199/1 3771/7200/1 3772/7201/1 3773/7202/1 3774/7203/1 3775/7204/1 3776/7205/1 

vt -2.55168 0
vt -2.1444 0
v -0.94845 3.18872 1.47203
vt -2.1444 0.0787402
v -0.93818 3.18996 1.47203
vt -2.55168 0.0787402
f 3714/7206/148 3713/7207/148 3777/7208/148 3778/7209/148 

vt -0.162887 0
vt -0.0294162 0
v -0.947794 3.18539 1.47203
vt -0.0294162 0.0787402
vt -0.162887 0.0787402
f 3713/7210/149 3776/7211/150 3779/7212/150 3777/7213/149 

vt 0.356838 0
vt 0.483443 0
v -0.946619 3.1824 1.47203
vt 0.483443 0.0787402
vt 0.356838 0.0787402
f 3776/7214/150 3775/7215/151 3780/7216/151 3779/7217/150 

vt 0.883457 0
vt 1.00764 0
v -0.944925 3.17973 1.47203
vt 1.00764 0.0787402
vt 0.883457 0.0787402
f 3775/7218/151 3774/7219/152 3781/7220/152 3780/7221/151 

vt 1.37294 0
vt 1.49941 0
v -0.942711 3.17741 1.47203
vt 1.49941 0.0787402
vt 1.37294 0.0787402
f 3774/7222/152 3773/7223/153 3782/7224/153 3781/7225/152 

vt 1.80345 0
vt 1.9311 0
v -0.940078 3.17552 1.47203
vt 1.9311 0.0787402
vt 1.80345 0.0787402
f 3773/7226/153 3772/7227/154 3783/7228/154 3782/7229/153 

vt 2.17609 0
vt 2.30399 0
v -0.937123 3.17416 1.47203
vt 2.30399 0.0787402
vt 2.17609 0.0787402
f 3772/7230/154 3771/7231/155 3784/7232/155 3783/7233/154 

vt 2.46035 0
vt 2.59319 0
v -0.933848 3.17335 1.47203
vt 2.59319 0.0787402
vt 2.46035 0.0787402
f 3771/7234/155 3770/7235/156 3785/7236/156 3784/7237/155 

vt 2.65936 0
vt 2.80134 0
v -0.930252 3.17308 1.47203
vt 2.80134 0.0787402
vt 2.65936 0.0787402
f 3770/7238/156 3769/7239/157 3786/7240/157 3785/7241/156 

vt 2.79337 0
vt 2.94357 0
v -0.92645 3.1734 1.47203
vt 2.94357 0.0787402
vt 2.79337 0.0787402
f 3769/7242/157 3768/7243/158 3787/7244/158 3786/7245/157 

vt 2.8423 0
vt 2.9843 0
v -0.922974 3.17437 1.47203
vt 2.9843 0.0787402
vt 2.8423 0.0787402
f 3768/7246/158 3767/7247/159 3788/7248/159 3787/7249/158 

vt 2.7621 0
vt 2.90129 0
v -0.919824 3.17597 1.47203
vt 2.90129 0.0787402
vt 2.7621 0.0787402
f 3767/7250/159 3766/7251/160 3789/7252/160 3788/7253/159 

vt 2.56543 0
vt 2.70752 0
v -0.916999 3.17822 1.47203
vt 2.70752 0.0787402
vt 2.56543 0.0787402
f 3766/7254/160 3765/7255/161 3790/7256/161 3789/7257/160 

vt 2.298 0
vt 2.43844 0
v -0.91467 3.18092 1.47203
vt 2.43844 0.0787402
vt 2.298 0.0787402
f 3765/7258/161 3764/7259/162 3791/7260/162 3790/7261/161 

vt 1.90768 0
vt 2.04173 0
v -0.913007 3.18389 1.47203
vt 2.04173 0.0787402
vt 1.90768 0.0787402
f 3764/7262/162 3763/7263/163 3792/7264/163 3791/7265/162 

vt 1.39732 0
vt 1.53079 0
v -0.912008 3.18713 1.47203
vt 1.53079 0.0787402
vt 1.39732 0.0787402
f 3763/7266/163 3762/7267/164 3793/7268/164 3792/7269/163 

vt 0.846314 0
vt 0.985082 0
v -0.911676 3.19064 1.47203
vt 0.985082 0.0787402
vt 0.846314 0.0787402
f 3762/7270/164 3761/7271/165 3794/7272/165 3793/7273/164 

vt 0.110963 0
vt 0.296306 0
v -0.912388 3.19529 1.47203
vt 0.296306 0.0787402
vt 0.110963 0.0787402
f 3761/7274/165 3760/7275/166 3795/7276/166 3794/7277/165 

vt -0.946507 0
vt -0.770812 0
v -0.914526 3.19921 1.47203
vt -0.770812 0.0787402
vt -0.946507 0.0787402
f 3760/7278/166 3759/7279/167 3796/7280/167 3795/7281/166 

vt -1.92239 0
vt -1.74819 0
v -0.917853 3.20213 1.47203
vt -1.74819 0.0787402
vt -1.92239 0.0787402
f 3759/7282/167 3758/7283/168 3797/7284/168 3796/7285/167 

vt -2.67537 0
vt -2.49473 0
v -0.922134 3.20378 1.47203
vt -2.49473 0.0787402
vt -2.67537 0.0787402
f 3758/7286/168 3757/7287/169 3798/7288/169 3797/7289/168 

vt 3.24597 0
vt 3.41158 0
v -0.918649 3.20613 1.47203
vt 3.41158 0.0787402
vt 3.24597 0.0787402
f 3757/7290/170 3756/7291/171 3799/7292/171 3798/7293/170 

vt 3.13479 0
vt 3.28005 0
v -0.916159 3.20886 1.47203
vt 3.28005 0.0787402
vt 3.13479 0.0787402
f 3756/7294/171 3755/7295/172 3800/7296/172 3799/7297/171 

vt 2.69708 0
vt 2.83225 0
v -0.914665 3.21195 1.47203
vt 2.83225 0.0787402
vt 2.69708 0.0787402
f 3755/7298/172 3754/7299/173 3801/7300/173 3800/7301/172 

vt 1.96496 0
vt 2.10256 0
v -0.914168 3.21541 1.47203
vt 2.10256 0.0787402
vt 1.96496 0.0787402
f 3754/7302/173 3753/7303/174 3802/7304/174 3801/7305/173 

vt 0.924331 0
vt 1.11987 0
v -0.91514 3.22028 1.47203
vt 1.11987 0.0787402
vt 0.924331 0.0787402
f 3753/7306/174 3752/7307/175 3803/7308/175 3802/7309/174 

vt -0.385118 0
vt -0.179187 0
v -0.918056 3.22462 1.47203
vt -0.179187 0.0787402
vt -0.385118 0.0787402
f 3752/7310/175 3751/7311/176 3804/7312/176 3803/7313/175 

vt -1.20574 0
vt -1.07355 0
v -0.92061 3.2268 1.47203
vt -1.07355 0.0787402
vt -1.20574 0.0787402
f 3751/7314/176 3750/7315/177 3805/7316/177 3804/7317/176 

vt -1.84292 0
vt -1.71193 0
v -0.92355 3.22836 1.47203
vt -1.71193 0.0787402
vt -1.84292 0.0787402
f 3750/7318/177 3749/7319/178 3806/7320/178 3805/7321/177 

vt -2.37756 0
vt -2.2415 0
v -0.926877 3.22929 1.47203
vt -2.2415 0.0787402
vt -2.37756 0.0787402
f 3749/7322/178 3748/7323/179 3807/7324/179 3806/7325/178 

vt -2.74719 0
vt -2.60044 0
v -0.930591 3.2296 1.47203
vt -2.60044 0.0787402
vt -2.74719 0.0787402
f 3748/7326/179 3747/7327/180 3808/7328/180 3807/7329/179 

vt -2.99468 0
vt -2.82272 0
v -0.934938 3.22918 1.47203
vt -2.82272 0.0787402
vt -2.99468 0.0787402
f 3747/7330/180 3746/7331/181 3809/7332/181 3808/7333/180 

vt -3.17038 0
vt -3.00857 0
v -0.938841 3.22789 1.47203
vt -3.00857 0.0787402
vt -3.17038 0.0787402
f 3746/7334/181 3745/7335/182 3810/7336/182 3809/7337/181 

vt -3.21603 0
vt -3.06414 0
v -0.942117 3.22585 1.47203
vt -3.06414 0.0787402
vt -3.21603 0.0787402
f 3745/7338/182 3744/7339/183 3811/7340/183 3810/7341/182 

vt -3.0851 0
vt -2.94176 0
v -0.94458 3.22317 1.47203
vt -2.94176 0.0787402
vt -3.0851 0.0787402
f 3744/7342/183 3743/7343/184 3812/7344/184 3811/7345/183 

vt -2.74465 0
vt -2.58951 0
v -0.946378 3.21966 1.47203
vt -2.58951 0.0787402
vt -2.74465 0.0787402
f 3743/7346/184 3742/7347/185 3813/7348/185 3812/7349/184 

vt -2.32027 0
vt -2.13546 0
v -0.947657 3.21514 1.47203
vt -2.13546 0.0787402
vt -2.32027 0.0787402
f 3742/7350/185 3741/7351/186 3814/7352/186 3813/7353/185 

vt 1.82011 0
vt 2.21062 0
v -0.937878 3.21348 1.47203
vt 2.21062 0.0787402
vt 1.82011 0.0787402
f 3741/7354/187 3740/7355/187 3815/7356/187 3814/7357/187 

vt 2.11195 0
vt 2.24138 0
v -0.937086 3.21667 1.47203
vt 2.24138 0.0787402
vt 2.11195 0.0787402
f 3740/7358/188 3739/7359/189 3816/7360/189 3815/7361/188 

vt 2.80448 0
vt 2.91435 0
v -0.935538 3.219 1.47203
vt 2.91435 0.0787402
vt 2.80448 0.0787402
f 3739/7362/189 3738/7363/190 3817/7364/190 3816/7365/189 

vt 3.14398 0
vt 3.24447 0
v -0.933414 3.22041 1.47203
vt 3.24447 0.0787402
vt 3.14398 0.0787402
f 3738/7366/190 3737/7367/191 3818/7368/191 3817/7369/190 

vt 2.97226 0
vt 3.0732 0
v -0.930894 3.22088 1.47203
vt 3.0732 0.0787402
vt 2.97226 0.0787402
f 3737/7370/191 3736/7371/192 3819/7372/192 3818/7373/191 

vt 2.43867 0
vt 2.53776 0
v -0.928411 3.22047 1.47203
vt 2.53776 0.0787402
vt 2.43867 0.0787402
f 3736/7374/192 3735/7375/193 3820/7376/193 3819/7377/192 

vt 1.43069 0
vt 1.5213 0
v -0.926476 3.21922 1.47203
vt 1.5213 0.0787402
vt 1.43069 0.0787402
f 3735/7378/193 3734/7379/194 3821/7380/194 3820/7381/193 

vt 0.0962042 0
vt 0.187125 0
v -0.92523 3.21728 1.47203
vt 0.187125 0.0787402
vt 0.0962042 0.0787402
f 3734/7382/194 3733/7383/195 3822/7384/195 3821/7385/194 

vt -1.18966 0
vt -1.08946 0
v -0.924815 3.21477 1.47203
vt -1.08946 0.0787402
vt -1.18966 0.0787402
f 3733/7386/195 3732/7387/196 3823/7388/196 3822/7389/195 

vt -2.14308 0
vt -2.02447 0
v -0.925381 3.21181 1.47203
vt -2.02447 0.0787402
vt -2.14308 0.0787402
f 3732/7390/196 3731/7391/197 3824/7392/197 3823/7393/196 

vt -2.97532 0
vt -2.8625 0
v -0.92708 3.2095 1.47203
vt -2.8625 0.0787402
vt -2.97532 0.0787402
f 3731/7394/197 3730/7395/198 3825/7396/198 3824/7397/197 

vt -3.24448 0
vt -3.12106 0
v -0.929855 3.20804 1.47203
vt -3.12106 0.0787402
vt -3.24448 0.0787402
f 3730/7398/198 3729/7399/199 3826/7400/199 3825/7401/198 

vt -2.94974 0
vt -2.79948 0
v -0.93365 3.20763 1.47203
vt -2.79948 0.0787402
vt -2.94974 0.0787402
f 3729/7402/199 3728/7403/200 3827/7404/200 3826/7405/199 

vt -1.66953 0
vt -1.32602 0
v -0.93482 3.19898 1.47203
vt -1.32602 0.0787402
vt -1.66953 0.0787402
f 3728/7406/201 3727/7407/201 3828/7408/201 3827/7409/201 

vt 2.75033 0
vt 2.94461 0
v -0.92995 3.19978 1.47203
vt 2.94461 0.0787402
vt 2.75033 0.0787402
f 3727/7410/202 3726/7411/203 3829/7412/203 3828/7413/202 

vt 2.5579 0
vt 2.67283 0
v -0.92709 3.19919 1.47203
vt 2.67283 0.0787402
vt 2.5579 0.0787402
f 3726/7414/203 3725/7415/204 3830/7416/204 3829/7417/203 

vt 1.7746 0
vt 1.8913 0
v -0.924702 3.19744 1.47203
vt 1.8913 0.0787402
vt 1.7746 0.0787402
f 3725/7418/204 3724/7419/205 3831/7420/205 3830/7421/204 

vt 0.733361 0
vt 0.85911 0
v -0.923087 3.19468 1.47203
vt 0.85911 0.0787402
vt 0.733361 0.0787402
f 3724/7422/205 3723/7423/206 3832/7424/206 3831/7425/205 

vt -0.345953 0
vt -0.203159 0
v -0.922549 3.19109 1.47203
vt -0.203159 0.0787402
vt -0.345953 0.0787402
f 3723/7426/206 3722/7427/207 3833/7428/207 3832/7429/206 

vt -1.11994 0
vt -0.968926 0
v -0.923111 3.1873 1.47203
vt -0.968926 0.0787402
vt -1.11994 0.0787402
f 3722/7430/207 3721/7431/208 3834/7432/208 3833/7433/207 

vt -1.99348 0
vt -1.86055 0
v -0.924796 3.18437 1.47203
vt -1.86055 0.0787402
vt -1.99348 0.0787402
f 3721/7434/208 3720/7435/209 3835/7436/209 3834/7437/208 

vt -2.6654 0
vt -2.54232 0
v -0.927302 3.1825 1.47203
vt -2.54232 0.0787402
vt -2.6654 0.0787402
f 3720/7438/209 3719/7439/210 3836/7440/210 3835/7441/209 

vt -2.92982 0
vt -2.80822 0
v -0.930327 3.18188 1.47203
vt -2.80822 0.0787402
vt -2.92982 0.0787402
f 3719/7442/210 3718/7443/211 3837/7444/211 3836/7445/210 

vt -2.70176 0
vt -2.58842 0
v -0.933159 3.1824 1.47203
vt -2.58842 0.0787402
vt -2.70176 0.0787402
f 3718/7446/211 3717/7447/212 3838/7448/212 3837/7449/211 

vt -2.0716 0
vt -1.95967 0
v -0.935538 3.18396 1.47203
vt -1.95967 0.0787402
vt -2.0716 0.0787402
f 3717/7450/212 3716/7451/213 3839/7452/213 3838/7453/212 

vt -1.14428 0
vt -1.02317 0
v -0.937274 3.1865 1.47203
vt -1.02317 0.0787402
vt -1.14428 0.0787402
f 3716/7454/213 3715/7455/214 3840/7456/214 3839/7457/213 

vt -0.165319 0
vt -0.0243475 0
vt -0.0243475 0.0787402
vt -0.165319 0.0787402
f 3715/7458/214 3714/7459/215 3778/7460/215 3840/7461/214 

vt 2.49429 0.627288
vt 2.08997 0.578235
vt 2.1158 0.447286
vt 2.16206 0.329438
vt 2.22877 0.224689
vt 2.31591 0.133039
vt 2.41959 0.0585758
vt 2.53591 0.00538822
vt 2.66486 -0.0265242
vt 2.80645 -0.0371616
vt 2.95611 -0.0245268
vt 3.09296 0.0133779
vt 3.21699 0.0765526
vt 3.32819 0.164998
vt 3.41989 0.271373
vt 3.48539 0.388339
vt 3.52469 0.515896
vt 3.53779 0.654044
vt 3.50973 0.837251
vt 3.42556 0.991472
vt 3.29456 1.1063
vt 3.12604 1.17133
vt 3.26325 1.26405
vt 3.36127 1.37126
vt 3.42008 1.49297
vt 3.43968 1.62917
vt 3.4014 1.82092
vt 3.28657 1.99186
vt 3.18605 2.07771
vt 3.07029 2.13902
vt 2.9393 2.17581
vt 2.79307 2.18808
vt 2.62194 2.17117
vt 2.46827 2.12044
vt 2.33932 2.04017
vt 2.24233 1.93463
vt 2.17154 1.79658
vt 2.12119 1.61876
vt 2.50618 1.55336
vt 2.5374 1.67896
vt 2.59834 1.77038
vt 2.68195 1.82612
vt 2.78118 1.8447
vt 2.87891 1.82835
vt 2.95509 1.7793
vt 3.00415 1.70275
vt 3.0205 1.6039
vt 2.9982 1.48739
vt 2.93131 1.39653
vt 2.82205 1.33912
vt 2.67266 1.32295
vt 2.62658 0.982553
vt 2.81834 1.01377
vt 2.93094 0.990729
vt 3.02496 0.921608
vt 3.0885 0.813096
vt 3.10968 0.671882
vt 3.08757 0.522492
vt 3.02124 0.407291
vt 2.92258 0.333711
vt 2.80347 0.309185
vt 2.69199 0.329623
vt 2.59834 0.39094
vt 2.52996 0.490905
f 3778/7462/6 3777/7463/6 3779/7464/6 3780/7465/6 3781/7466/6 3782/7467/6 3783/7468/6 3784/7469/6 3785/7470/6 3786/7471/6 3787/7472/6 3788/7473/6 3789/7474/6 3790/7475/6 3791/7476/6 3792/7477/6 3793/7478/6 3794/7479/6 3795/7480/6 3796/7481/6 3797/7482/6 3798/7483/6 3799/7484/6 3800/7485/6 3801/7486/6 3802/7487/6 3803/7488/6 3804/7489/6 3805/7490/6 3806/7491/6 3807/7492/6 3808/7493/6 3809/7494/6 3810/7495/6 3811/7496/6 3812/7497/6 3813/7498/6 3814/7499/6 3815/7500/6 3816/7501/6 3817/7502/6 3818/7503/6 3819/7504/6 3820/7505/6 3821/7506/6 3822/7507/6 3823/7508/6 3824/7509/6 3825/7510/6 3826/7511/6 3827/7512/6 3828/7513/6 3829/7514/6 3830/7515/6 3831/7516/6 3832/7517/6 3833/7518/6 3834/7519/6 3835/7520/6 3836/7521/6 3837/7522/6 3838/7523/6 3839/7524/6 3840/7525/6 

g Mesh60 Group27 Model

v -0.06 2.4 0.005667
v -0.06 2.45535 0.005667
v -0.0488242 2.45535 0.005667
v -0.0488242 2.43357 0.005667
v -0.0269256 2.43357 0.005667
v -0.0269256 2.45535 0.005667
v -0.0157497 2.45535 0.005667
v -0.0157497 2.4 0.005667
v -0.0269256 2.4 0.005667
v -0.0269256 2.4242 0.005667
v -0.0488242 2.4242 0.005667
v -0.0488242 2.4 0.005667
f 3841/1/1 3842/22/1 3843/6827/1 3844/6828/1 3845/6829/1 3846/6830/1 3847/6831/1 3848/6832/1 3849/6833/1 3850/6834/1 3851/6835/1 3852/14/1 

v -0.06 2.4 0.007667
v -0.06 2.45535 0.007667
f 3842/27/2 3841/1/2 3853/8/2 3854/28/2 

v -0.0488242 2.4 0.007667
f 3841/1/3 3852/29/3 3855/30/3 3853/8/3 

v -0.0488242 2.4242 0.007667
f 3852/1/4 3851/6836/4 3856/6837/4 3855/8/4 

v -0.0269256 2.4242 0.007667
f 3851/29/3 3850/6838/3 3857/6839/3 3856/30/3 

v -0.0269256 2.4 0.007667
f 3850/6840/2 3849/1/2 3858/8/2 3857/6841/2 

v -0.0157497 2.4 0.007667
f 3849/6838/3 3848/6842/3 3859/6843/3 3858/6839/3 

v -0.0157497 2.45535 0.007667
f 3848/1/4 3847/2585/4 3860/2586/4 3859/8/4 

v -0.0269256 2.45535 0.007667
f 3847/6832/5 3846/6833/5 3861/6844/5 3860/6845/5 

v -0.0269256 2.43357 0.007667
f 3846/27/2 3845/6846/2 3862/6847/2 3861/28/2 

v -0.0488242 2.43357 0.007667
f 3845/6833/5 3844/14/5 3863/15/5 3862/6844/5 

v -0.0488242 2.45535 0.007667
f 3844/6848/4 3843/2585/4 3864/2586/4 3863/6849/4 

f 3843/14/5 3842/1/5 3854/8/5 3864/15/5 

f 3854/22/6 3853/1/6 3855/29/6 3856/6850/6 3857/6851/6 3858/6838/6 3859/6842/6 3860/6852/6 3861/6853/6 3862/6854/6 3863/6855/6 3864/6856/6 

g Mesh61 Group27 Model

v -0.00638619 2.41423 0.005667
vt -2.11078 0.560397
v 0.00418554 2.41533 0.005667
vt -2.52699 0.603505
v 0.00508225 2.41212 0.005667
vt -2.56229 0.476969
v 0.00686624 2.40965 0.005667
vt -2.63253 0.379792
v 0.00926375 2.40808 0.005667
vt -2.72692 0.317918
v 0.0120011 2.40755 0.005667
vt -2.83469 0.297293
v 0.0150688 2.40823 0.005667
vt -2.95546 0.323863
v 0.0176268 2.41025 0.005667
vt -3.05617 0.403575
v 0.0193541 2.41363 0.005667
vt -3.12418 0.536799
v 0.0199299 2.41839 0.005667
vt -3.14685 0.723908
v 0.0193588 2.42285 0.005667
vt -3.12436 0.899497
v 0.0176456 2.42603 0.005667
vt -3.05691 1.02492
v 0.0150169 2.42794 0.005667
vt -2.95342 1.10017
v 0.011699 2.42858 0.005667
vt -2.8228 1.12525
v 0.0073665 2.42757 0.005667
vt -2.65222 1.08549
v 0.00350593 2.42454 0.005667
vt -2.50023 0.966202
v -0.00510248 2.42579 0.005667
vt -2.16132 1.01526
v 0.000334412 2.4546 0.005667
vt -2.37537 2.14943
v 0.0283873 2.4546 0.005667
vt -3.47981 2.14943
v 0.0283873 2.44467 0.005667
vt -3.47981 1.75849
v 0.00837648 2.44467 0.005667
vt -2.69199 1.75849
v 0.00671521 2.43526 0.005667
vt -2.62658 1.38836
v 0.010302 2.4366 0.005667
vt -2.7678 1.44076
v 0.0139644 2.43704 0.005667
vt -2.91198 1.45822
v 0.0173601 2.43672 0.005667
vt -3.04567 1.44559
v 0.0204868 2.43576 0.005667
vt -3.16877 1.40768
v 0.0233445 2.43415 0.005667
vt -3.28128 1.34451
v 0.0259331 2.4319 0.005667
vt -3.38319 1.25606
v 0.0280805 2.42915 0.005667
vt -3.46774 1.14746
v 0.0296144 2.426 0.005667
vt -3.52812 1.0238
v 0.0305347 2.42248 0.005667
vt -3.56436 0.885097
v 0.0308414 2.41858 0.005667
vt -3.57643 0.731341
v 0.0298503 2.41211 0.005667
vt -3.53741 0.476783
v 0.026877 2.40638 0.005667
vt -3.42036 0.251213
v 0.0239155 2.40318 0.005667
vt -3.30376 0.125048
v 0.0204302 2.40089 0.005667
vt -3.16654 0.0349316
v 0.0164209 2.39951 0.005667
vt -3.0087 -0.0191384
v 0.0118878 2.39906 0.005667
vt -2.83023 -0.0371616
v 0.00823253 2.39931 0.005667
vt -2.68632 -0.0270352
v 0.00493123 2.40008 0.005667
vt -2.55635 0.00334434
v 0.00198389 2.40137 0.005667
vt -2.44031 0.053977
v -0.000609493 2.40317 0.005667
vt -2.33821 0.124863
v -0.00278284 2.40541 0.005667
vt -2.25264 0.212843
v -0.00447007 2.40799 0.005667
vt -2.18622 0.314759
v -0.00567118 2.41094 0.005667
vt -2.13893 0.43061
f 3865/7526/1 3866/7527/1 3867/7528/1 3868/7529/1 3869/7530/1 3870/7531/1 3871/7532/1 3872/7533/1 3873/7534/1 3874/7535/1 3875/7536/1 3876/7537/1 3877/7538/1 3878/7539/1 3879/7540/1 3880/7541/1 3881/7542/1 3882/7543/1 3883/7544/1 3884/7545/1 3885/7546/1 3886/7547/1 3887/7548/1 3888/7549/1 3889/7550/1 3890/7551/1 3891/7552/1 3892/7553/1 3893/7554/1 3894/7555/1 3895/7556/1 3896/7557/1 3897/7558/1 3898/7559/1 3899/7560/1 3900/7561/1 3901/7562/1 3902/7563/1 3903/7564/1 3904/7565/1 3905/7566/1 3906/7567/1 3907/7568/1 3908/7569/1 3909/7570/1 

vt -2.57572 0
vt -2.15728 0
v -0.00638619 2.41423 0.007667
vt -2.15728 0.0787402
v 0.00418554 2.41533 0.007667
vt -2.57572 0.0787402
f 3866/7571/218 3865/7572/218 3910/7573/218 3911/7574/218 

vt -0.100254 0
vt 0.0325511 0
v -0.00567118 2.41094 0.007667
vt 0.0325511 0.0787402
vt -0.100254 0.0787402
f 3865/7575/219 3909/7576/220 3912/7577/220 3910/7578/219 

vt 0.409645 0
vt 0.534775 0
v -0.00447007 2.40799 0.007667
vt 0.534775 0.0787402
vt 0.409645 0.0787402
f 3909/7579/220 3908/7580/221 3913/7581/221 3912/7582/220 

vt 0.930059 0
vt 1.05171 0
v -0.00278284 2.40541 0.007667
vt 1.05171 0.0787402
vt 0.930059 0.0787402
f 3908/7583/221 3907/7584/222 3914/7585/222 3913/7586/221 

vt 1.41796 0
vt 1.54068 0
v -0.000609493 2.40317 0.007667
vt 1.54068 0.0787402
vt 1.41796 0.0787402
f 3907/7587/222 3906/7588/223 3915/7589/223 3914/7590/222 

vt 1.84948 0
vt 1.97378 0
v 0.00198389 2.40137 0.007667
vt 1.97378 0.0787402
vt 1.84948 0.0787402
f 3906/7591/223 3905/7592/224 3916/7593/224 3915/7594/223 

vt 2.21506 0
vt 2.34167 0
v 0.00493123 2.40008 0.007667
vt 2.34167 0.0787402
vt 2.21506 0.0787402
f 3905/7595/224 3904/7596/225 3917/7597/225 3916/7598/224 

vt 2.48849 0
vt 2.62197 0
v 0.00823253 2.39931 0.007667
vt 2.62197 0.0787402
vt 2.48849 0.0787402
f 3904/7599/225 3903/7600/226 3918/7601/226 3917/7602/225 

vt 2.68159 0
vt 2.82586 0
v 0.0118878 2.39906 0.007667
vt 2.82586 0.0787402
vt 2.68159 0.0787402
f 3903/7603/226 3902/7604/227 3919/7605/227 3918/7606/226 

vt 2.81217 0
vt 2.99155 0
v 0.0164209 2.39951 0.007667
vt 2.99155 0.0787402
vt 2.81217 0.0787402
f 3902/7607/227 3901/7608/228 3920/7609/228 3919/7610/227 

vt 2.84013 0
vt 3.00698 0
v 0.0204302 2.40089 0.007667
vt 3.00698 0.0787402
vt 2.84013 0.0787402
f 3901/7611/228 3900/7612/229 3921/7613/229 3920/7614/228 

vt 2.66596 0
vt 2.83013 0
v 0.0239155 2.40318 0.007667
vt 2.83013 0.0787402
vt 2.66596 0.0787402
f 3900/7615/229 3899/7616/230 3922/7617/230 3921/7618/229 

vt 2.33412 0
vt 2.50591 0
v 0.026877 2.40638 0.007667
vt 2.50591 0.0787402
vt 2.33412 0.0787402
f 3899/7619/230 3898/7620/231 3923/7621/231 3922/7622/230 

vt 1.79845 0
vt 2.05258 0
v 0.0298503 2.41211 0.007667
vt 2.05258 0.0787402
vt 1.79845 0.0787402
f 3898/7623/231 3897/7624/232 3924/7625/232 3923/7626/231 

vt 1.00725 0
vt 1.26478 0
v 0.0308414 2.41858 0.007667
vt 1.26478 0.0787402
vt 1.00725 0.0787402
f 3897/7627/232 3896/7628/233 3925/7629/233 3924/7630/232 

vt 0.449032 0
vt 0.603262 0
v 0.0305347 2.42248 0.007667
vt 0.603262 0.0787402
vt 0.449032 0.0787402
f 3896/7631/233 3895/7632/234 3926/7633/234 3925/7634/233 

vt -0.0444854 0
vt 0.0988743 0
v 0.0296144 2.426 0.007667
vt 0.0988743 0.0787402
vt -0.0444854 0.0787402
f 3895/7635/234 3894/7636/235 3927/7637/235 3926/7638/234 

vt -0.628261 0
vt -0.490648 0
v 0.0280805 2.42915 0.007667
vt -0.490648 0.0787402
vt -0.628261 0.0787402
f 3894/7639/235 3893/7640/236 3928/7641/236 3927/7642/235 

vt -1.22467 0
vt -1.08703 0
v 0.0259331 2.4319 0.007667
vt -1.08703 0.0787402
vt -1.22467 0.0787402
f 3893/7643/236 3892/7644/237 3929/7645/237 3928/7646/236 

vt -1.73192 0
vt -1.59698 0
v 0.0233445 2.43415 0.007667
vt -1.59698 0.0787402
vt -1.73192 0.0787402
f 3892/7647/237 3891/7648/238 3930/7649/238 3929/7650/237 

vt -2.20279 0
vt -2.07376 0
v 0.0204868 2.43576 0.007667
vt -2.07376 0.0787402
vt -2.20279 0.0787402
f 3891/7651/238 3890/7652/239 3931/7653/239 3930/7654/238 

vt -2.61418 0
vt -2.48538 0
v 0.0173601 2.43672 0.007667
vt -2.48538 0.0787402
vt -2.61418 0.0787402
f 3890/7655/239 3889/7656/240 3932/7657/240 3931/7658/239 

vt -2.89615 0
vt -2.76186 0
v 0.0139644 2.43704 0.007667
vt -2.76186 0.0787402
vt -2.89615 0.0787402
f 3889/7659/240 3888/7660/241 3933/7661/241 3932/7662/240 

vt -3.06621 0
vt -2.92097 0
v 0.010302 2.4366 0.007667
vt -2.92097 0.0787402
vt -3.06621 0.0787402
f 3888/7663/241 3887/7664/242 3934/7665/242 3933/7666/241 

vt -3.09613 0
vt -2.94551 0
v 0.00671521 2.43526 0.007667
vt -2.94551 0.0787402
vt -3.09613 0.0787402
f 3887/7667/242 3886/7668/243 3935/7669/243 3934/7670/242 

vt 1.82423 0
vt 2.2001 0
v 0.00837648 2.44467 0.007667
vt 2.2001 0.0787402
vt 1.82423 0.0787402
f 3886/7671/244 3885/7672/244 3936/7673/244 3935/7674/244 

vt 2.69199 0
vt 3.47981 0
v 0.0283873 2.44467 0.007667
vt 3.47981 0.0787402
vt 2.69199 0.0787402
f 3885/7675/3 3884/7676/3 3937/7677/3 3936/7678/3 

v 0.0283873 2.4546 0.007667
f 3884/1473/4 3883/1474/4 3938/1475/4 3937/1476/4 

vt -3.47981 0
vt -2.37537 0
v 0.000334412 2.4546 0.007667
vt -2.37537 0.0787402
vt -3.47981 0.0787402
f 3883/7679/5 3882/7680/5 3939/7681/5 3938/7682/5 

vt -2.55267 0
vt -1.39847 0
v -0.00510248 2.42579 0.007667
vt -1.39847 0.0787402
vt -2.55267 0.0787402
f 3882/7683/245 3881/7684/245 3940/7685/245 3939/7686/245 

vt 1.9936 0
vt 2.33605 0
v 0.00350593 2.42454 0.007667
vt 2.33605 0.0787402
vt 1.9936 0.0787402
f 3881/7687/246 3880/7688/246 3941/7689/246 3940/7690/246 

vt 2.56334 0
vt 2.75656 0
v 0.0073665 2.42757 0.007667
vt 2.75656 0.0787402
vt 2.56334 0.0787402
f 3880/7691/247 3879/7692/248 3942/7693/248 3941/7694/247 

vt 2.82941 0
vt 3.00455 0
v 0.011699 2.42858 0.007667
vt 3.00455 0.0787402
vt 2.82941 0.0787402
f 3879/7695/248 3878/7696/249 3943/7697/249 3942/7698/248 

vt 2.55994 0
vt 2.69295 0
v 0.0150169 2.42794 0.007667
vt 2.69295 0.0787402
vt 2.55994 0.0787402
f 3878/7699/249 3877/7700/250 3944/7701/250 3943/7702/249 

vt 1.74173 0
vt 1.86969 0
v 0.0176456 2.42603 0.007667
vt 1.86969 0.0787402
vt 1.74173 0.0787402
f 3877/7703/250 3876/7704/251 3945/7705/251 3944/7706/250 

vt 0.545191 0
vt 0.687598 0
v 0.0193588 2.42285 0.007667
vt 0.687598 0.0787402
vt 0.545191 0.0787402
f 3876/7707/251 3875/7708/252 3946/7709/252 3945/7710/251 

vt -0.495404 0
vt -0.318382 0
v 0.0199299 2.41839 0.007667
vt -0.318382 0.0787402
vt -0.495404 0.0787402
f 3875/7711/252 3874/7712/253 3947/7713/253 3946/7714/252 

vt -1.09713 0
vt -0.908653 0
v 0.0193541 2.41363 0.007667
vt -0.908653 0.0787402
vt -1.09713 0.0787402
f 3874/7715/253 3873/7716/254 3948/7717/254 3947/7718/253 

vt -1.89853 0
vt -1.74895 0
v 0.0176268 2.41025 0.007667
vt -1.74895 0.0787402
vt -1.89853 0.0787402
f 3873/7719/254 3872/7720/255 3949/7721/255 3948/7722/254 

vt -2.64683 0
vt -2.51839 0
v 0.0150688 2.40823 0.007667
vt -2.51839 0.0787402
vt -2.64683 0.0787402
f 3872/7723/255 3871/7724/256 3950/7725/256 3949/7726/255 

vt -2.95602 0
vt -2.83236 0
v 0.0120011 2.40755 0.007667
vt -2.83236 0.0787402
vt -2.95602 0.0787402
f 3871/7727/256 3870/7728/257 3951/7729/257 3950/7730/256 

vt -2.72828 0
vt -2.61855 0
v 0.00926375 2.40808 0.007667
vt -2.61855 0.0787402
vt -2.72828 0.0787402
f 3870/7731/257 3869/7732/258 3952/7733/258 3951/7734/257 

vt -2.10632 0
vt -1.99345 0
v 0.00686624 2.40965 0.007667
vt -1.99345 0.0787402
vt -2.10632 0.0787402
f 3869/7735/258 3868/7736/259 3953/7737/259 3952/7738/258 

vt -1.23426 0
vt -1.11435 0
v 0.00508225 2.41212 0.007667
vt -1.11435 0.0787402
vt -1.23426 0.0787402
f 3868/7739/259 3867/7740/260 3954/7741/260 3953/7742/259 

vt -0.22916 0
vt -0.0977923 0
vt -0.0977923 0.0787402
vt -0.22916 0.0787402
f 3867/7743/260 3866/7744/261 3911/7745/261 3954/7746/260 

vt 2.52699 0.603505
vt 2.11078 0.560397
vt 2.13893 0.43061
vt 2.18622 0.314759
vt 2.25264 0.212843
vt 2.33821 0.124863
vt 2.44031 0.053977
vt 2.55635 0.00334434
vt 2.68632 -0.0270352
vt 2.83023 -0.0371616
vt 3.0087 -0.0191384
vt 3.16654 0.0349316
vt 3.30376 0.125048
vt 3.42036 0.251213
vt 3.53741 0.476783
vt 3.57643 0.731341
vt 3.56436 0.885097
vt 3.52812 1.0238
vt 3.46774 1.14746
vt 3.38319 1.25606
vt 3.28128 1.34451
vt 3.16877 1.40768
vt 3.04567 1.44559
vt 2.91198 1.45822
vt 2.7678 1.44076
vt 2.62658 1.38836
vt 2.69199 1.75849
vt 3.47981 1.75849
vt 3.47981 2.14943
vt 2.37537 2.14943
vt 2.16132 1.01526
vt 2.50023 0.966202
vt 2.65222 1.08549
vt 2.8228 1.12525
vt 2.95342 1.10017
vt 3.05691 1.02492
vt 3.12436 0.899497
vt 3.14685 0.723908
vt 3.12418 0.536799
vt 3.05617 0.403575
vt 2.95546 0.323863
vt 2.83469 0.297293
vt 2.72692 0.317918
vt 2.63253 0.379792
vt 2.56229 0.476969
f 3911/7747/6 3910/7748/6 3912/7749/6 3913/7750/6 3914/7751/6 3915/7752/6 3916/7753/6 3917/7754/6 3918/7755/6 3919/7756/6 3920/7757/6 3921/7758/6 3922/7759/6 3923/7760/6 3924/7761/6 3925/7762/6 3926/7763/6 3927/7764/6 3928/7765/6 3929/7766/6 3930/7767/6 3931/7768/6 3932/7769/6 3933/7770/6 3934/7771/6 3935/7772/6 3936/7773/6 3937/7774/6 3938/7775/6 3939/7776/6 3940/7777/6 3941/7778/6 3942/7779/6 3943/7780/6 3944/7781/6 3945/7782/6 3946/7783/6 3947/7784/6 3948/7785/6 3949/7786/6 3950/7787/6 3951/7788/6 3952/7789/6 3953/7790/6 3954/7791/6 

g Mesh62 Group28 Model

v 0.904107 3.20696 1.51217
v 0.904107 3.26231 1.51217
v 0.915283 3.26231 1.51217
v 0.915283 3.24052 1.51217
v 0.937182 3.24052 1.51217
v 0.937182 3.26231 1.51217
v 0.948357 3.26231 1.51217
v 0.948357 3.20696 1.51217
v 0.937182 3.20696 1.51217
v 0.937182 3.23116 1.51217
v 0.915283 3.23116 1.51217
v 0.915283 3.20696 1.51217
f 3955/1/1 3956/22/1 3957/6827/1 3958/6828/1 3959/6829/1 3960/6830/1 3961/6831/1 3962/6832/1 3963/6833/1 3964/6834/1 3965/6835/1 3966/14/1 

v 0.904107 3.20696 1.51417
v 0.904107 3.26231 1.51417
f 3956/27/2 3955/1/2 3967/8/2 3968/28/2 

v 0.915283 3.20696 1.51417
f 3955/1/3 3966/29/3 3969/30/3 3967/8/3 

v 0.915283 3.23116 1.51417
f 3966/1/4 3965/6836/4 3970/6837/4 3969/8/4 

v 0.937182 3.23116 1.51417
f 3965/29/3 3964/6838/3 3971/6839/3 3970/30/3 

v 0.937182 3.20696 1.51417
f 3964/6840/2 3963/1/2 3972/8/2 3971/6841/2 

v 0.948357 3.20696 1.51417
f 3963/6838/3 3962/6842/3 3973/6843/3 3972/6839/3 

v 0.948357 3.26231 1.51417
f 3962/1/4 3961/2585/4 3974/2586/4 3973/8/4 

v 0.937182 3.26231 1.51417
f 3961/6832/5 3960/6833/5 3975/6844/5 3974/6845/5 

v 0.937182 3.24052 1.51417
f 3960/27/2 3959/6846/2 3976/6847/2 3975/28/2 

v 0.915283 3.24052 1.51417
f 3959/6833/5 3958/14/5 3977/15/5 3976/6844/5 

v 0.915283 3.26231 1.51417
f 3958/6848/4 3957/2585/4 3978/2586/4 3977/6849/4 

f 3957/14/5 3956/1/5 3968/8/5 3978/15/5 

f 3968/22/6 3967/1/6 3969/29/6 3970/6850/6 3971/6851/6 3972/6838/6 3973/6842/6 3974/6852/6 3975/6853/6 3976/6854/6 3977/6855/6 3978/6856/6 

g Mesh63 Group28 Model

v 0.995515 3.22742 1.51217
vt -3.59873 0.805664
v 0.988643 3.21809 1.51217
vt -3.32819 0.438507
v 0.988643 3.22742 1.51217
vt -3.32819 0.805664
f 3979/7792/1 3980/7793/1 3981/7794/1

v 0.995515 3.21809 1.51217
vt -3.59873 0.438507
f 3980/7793/1 3979/7792/1 3982/7795/1

v 0.995515 3.22742 1.51417
v 0.995515 3.21809 1.51417
f 3982/1262/4 3979/1263/4 3983/1264/4 3984/1265/4 

vt -3.59873 0
vt -3.32819 0
v 0.988643 3.22742 1.51417
vt -3.32819 0.0787402
vt -3.59873 0.0787402
f 3979/7796/5 3981/7797/5 3985/7798/5 3983/7799/5 

v 0.988643 3.26253 1.51217
v 0.988643 3.26253 1.51417
f 3981/1263/4 3986/591/4 3987/592/4 3985/1264/4 

v 0.988643 3.20696 1.51217
vt -3.32819 2.18808
f 3988/7797/1 3986/7800/1 3981/7794/1

v 0.979733 3.26253 1.51217
vt -2.97739 2.18808
f 3988/7797/1 3989/7801/1 3986/7800/1

v 0.978374 3.20696 1.51217
vt -2.92388 0
f 3990/7802/1 3989/7801/1 3988/7797/1

v 0.978374 3.21809 1.51217
vt -2.92388 0.438507
f 3991/7803/1 3989/7801/1 3990/7802/1

v 0.978374 3.22742 1.51217
vt -2.92388 0.805664
f 3992/7804/1 3989/7801/1 3991/7803/1

v 0.978374 3.24634 1.51217
vt -2.92388 1.55038
f 3993/7805/1 3989/7801/1 3992/7804/1

v 0.96565 3.22742 1.51217
vt -2.42294 0.805664
f 3994/7806/1 3989/7801/1 3993/7805/1

v 0.95572 3.21809 1.51217
vt -2.032 0.438507
f 3995/7807/1 3989/7801/1 3994/7806/1

v 0.95572 3.22738 1.51217
vt -2.032 0.804177
f 3989/7801/1 3995/7807/1 3996/7808/1

v 0.95572 3.21809 1.51417
v 0.95572 3.22738 1.51417
f 3996/1279/2 3995/1280/2 3997/1281/2 3998/1282/2 

vt 2.032 0
vt 2.92388 0
v 0.978374 3.21809 1.51417
vt 2.92388 0.0787402
vt 2.032 0.0787402
f 3995/7809/3 3991/7810/3 3999/7811/3 3997/7812/3 

f 3994/7806/1 3991/7803/1 3995/7807/1

f 3991/7803/1 3994/7806/1 3992/7804/1

vt -2.42294 0
v 0.96565 3.22742 1.51417
vt -2.42294 0.0787402
v 0.978374 3.22742 1.51417
vt -2.92388 0.0787402
f 3992/7802/5 3994/7813/5 4000/7814/5 4001/7815/5 

vt 2.02083 0
vt 2.91835 0
v 0.978374 3.24634 1.51417
vt 2.91835 0.0787402
vt 2.02083 0.0787402
f 3994/7816/216 3993/7817/216 4002/7818/216 4000/7819/216 

f 3993/1294/2 3992/1295/2 4001/1296/2 4002/1297/2 

vt 2.92388 0.805664
v 0.988643 3.20696 1.51417
vt 3.32819 0
vt 2.92388 1.55038
f 4001/7820/6 4003/7821/6 4002/7822/6

vt 2.92388 0.438507
f 3999/7823/6 4003/7821/6 4001/7820/6

v 0.978374 3.20696 1.51417
f 4003/7821/6 3999/7823/6 4004/7810/6

f 3991/1280/2 3990/1/2 4004/8/2 3999/1281/2 

vt 3.32819 0.0787402
f 3990/7810/3 3988/7821/3 4003/7824/3 4004/7811/3 

v 0.988643 3.21809 1.51417
f 3988/1/4 3980/1262/4 4005/1265/4 4003/8/4 

f 3988/7797/1 3981/7794/1 3980/7793/1

vt 3.59873 0
vt 3.59873 0.0787402
f 3980/7821/3 3982/7825/3 3984/7826/3 4005/7824/3 

vt 3.59873 0.438507
vt 3.32819 0.805664
vt 3.32819 0.438507
f 3984/7827/6 3985/7828/6 4005/7829/6

vt 3.59873 0.805664
f 3985/7828/6 3984/7827/6 3983/7830/6

vt 3.32819 2.18808
f 3987/7831/6 4005/7829/6 3985/7828/6

f 3987/7831/6 4003/7821/6 4005/7829/6

v 0.979733 3.26253 1.51417
vt 2.97739 2.18808
f 4006/7832/6 4003/7821/6 3987/7831/6

f 4002/7822/6 4003/7821/6 4006/7832/6

vt 2.42294 0.805664
f 4006/7832/6 4000/7833/6 4002/7822/6

vt 2.032 0.804177
f 4000/7833/6 4006/7832/6 3998/7834/6

vt -3.48622 0
vt -1.81023 0
vt -1.81023 0.0787402
vt -3.48622 0.0787402
f 3989/7835/217 3996/7836/217 3998/7837/217 4006/7838/217 

vt -2.97739 0
vt -2.97739 0.0787402
f 3986/7797/5 3989/7839/5 4006/7840/5 3987/7798/5 

f 3998/7834/6 3999/7823/6 4000/7833/6

vt 2.032 0.438507
f 3999/7823/6 3998/7834/6 3997/7841/6

f 4000/7833/6 3999/7823/6 4001/7820/6

g Mesh64 Group29 Model

usemtl Mati_re3
v 1.09521 3.04637 1.58832
vt 5.33427 0.518644
vn 0.439899 0.71294 0.546082
v 1.31871 3.04637 1.40827
vt 16.6335 0.518644
v 1.22479 3.19363 1.29168
vt 16.6335 8.78636
v 1.00129 3.19363 1.47173
vt 5.33427 8.78636
f 4007/7842/615 4008/7843/615 4009/7844/615 4010/7845/615 

vt 16.6335 6.65523
vn 0.447248 -0.701225 0.555205
vt 5.33427 6.65523
v 1.01515 2.91662 1.48893
vt 5.33427 -0.510121
v 1.23865 2.91662 1.30889
vt 16.6335 -0.510121
f 4008/7846/616 4007/7847/616 4011/7848/616 4012/7849/616 

vt 4.29705 5.10847
vn -0.778754 -3.51876e-17 0.62733
vt -1.59733 10.906
v 0.921226 3.06387 1.37234
vt -6.62186 5.79753
vt -0.727472 -1.877e-16
f 4007/7850/617 4010/7851/617 4013/7852/617 4011/7853/617 

vt -5.33427 6.65523
vn -0.447248 0.701225 -0.555205
vt -16.6335 6.65523
v 1.14473 3.06387 1.19229
vt -16.6335 -0.510121
vt -5.33427 -0.510121
f 4010/7854/618 4009/7855/618 4014/7856/618 4013/7857/618 

vt 1.59733 10.906
vn 0.778754 3.51876e-17 -0.62733
vt -4.29705 5.10847
vt 0.727472 -5.85293e-16
vt 6.62186 5.79753
f 4009/7858/619 4008/7859/619 4012/7860/619 4014/7861/619 

vt -16.6335 0.518644
vn -0.439899 -0.71294 -0.546082
vt -5.33427 0.518644
vt -5.33427 8.78636
vt -16.6335 8.78636
f 4012/7862/620 4011/7863/620 4013/7864/620 4014/7865/620 

g Mesh65 Group30 Model

v -1.31846 3.02597 1.40797
vt -5.52006 5.08153
vn -0.778754 1.86634e-17 -0.62733
v -1.22504 3.17403 1.29199
vt -11.3834 10.9105
v -1.14454 3.04496 1.19206
vt -16.4351 5.82897
v -1.23797 2.8969 1.30804
vt -10.5718 -8.2991e-17
f 4015/7866/621 4016/7867/621 4017/7868/621 4018/7869/621 

vt -4.44672 7.49734
vn -0.442284 0.70918 0.549043
v -1.09496 3.02597 1.58801
vt 6.85249 7.49734
vt 6.85249 15.7651
vt -4.44672 15.7651
f 4015/7870/622 4019/7871/622 3701/7872/622 4016/7873/622 

vt 6.85249 -0.288077
vn -0.44489 -0.705027 0.552277
vt -4.44672 -0.288077
vt -4.44672 -7.45343
v -1.01447 2.8969 1.48809
vt 6.85249 -7.45343
f 4019/7874/623 4015/7875/623 4018/7876/623 4020/7877/623 

vt -6.85249 7.49734
vn 0.442284 -0.70918 -0.549043
vt 4.44672 7.49734
vt 4.44672 15.7651
v -0.92104 3.04496 1.37211
vt -6.85249 15.7651
f 4020/7878/624 4018/7879/624 4017/7880/624 4021/7881/624 

vt 4.44672 -0.288077
vn 0.44489 0.705027 -0.552277
vt -6.85249 -0.288077
vt -6.85249 -7.45343
vt 4.44672 -7.45343
f 4016/7882/625 3701/7883/625 4021/7884/625 4017/7885/625 

vt 11.3834 10.9105
vn 0.778754 -1.86634e-17 0.62733
vt 5.52006 5.08153
vt 10.5718 1.27891e-16
vt 16.4351 5.82897
f 3701/7886/626 4019/7887/626 4020/7888/626 4021/7889/626 

g Mesh66 Group31 Model

usemtl Mati_re4
v -0.1435 2.4 0.105
vn 0 1 -0
v 0.1435 2.4 0.105
vt 11.2992 0
v 0.1435 2.4 -0.105
vt 11.2992 8.26772
v -0.1435 2.4 -0.105
vt 0 8.26772
f 4022/1/627 4023/7890/627 4024/7891/627 4025/7892/627 

vt 11.2992 7.16535
vn 0 0 1
vt 0 7.16535
v -0.1435 2.218 0.105
v 0.1435 2.218 0.105
f 4023/7893/628 4022/7894/628 4026/1/628 4027/7890/628 

vn -1 0 -0
vt -8.26772 7.16535
v -0.1435 2.218 -0.105
vt -8.26772 0
f 4022/7894/629 4025/7895/629 4028/7896/629 4026/1/629 

vn 0 0 -1
vt -11.2992 7.16535
v 0.1435 2.218 -0.105
vt -11.2992 0
f 4025/7894/630 4024/7897/630 4029/7898/630 4028/1/630 

vt 8.26772 7.16535
vt 8.26772 0
f 4024/7899/4 4023/7894/4 4027/1/4 4029/7900/4 

vn 0 -1 -0
vt -11.2992 8.26772
f 4027/7898/631 4026/1/631 4028/7892/631 4029/7901/631 

g Mesh67 Group32 Model

usemtl Mati_re3
v 1.31846 3.02597 -1.40797
vt 16.4351 5.08153
vn 0.778754 1.86634e-17 0.62733
v 1.22504 3.17403 -1.29199
vt 10.5718 10.9105
v 1.14454 3.04496 -1.19206
vt 5.52006 5.82897
v 1.23797 2.8969 -1.30804
vt 11.3834 -1.27891e-16
f 4030/7902/632 4031/7903/632 4032/7904/632 4033/7905/632 

vt -6.85249 -8.07286
vn 0.442284 0.70918 -0.549043
v 1.09496 3.02597 -1.58801
vt 4.44672 -8.07286
vt 4.44672 0.194859
vt -6.85249 0.194859
f 4030/7906/633 4034/7907/633 3603/7908/633 4031/7909/633 

vt 4.44672 15.1909
vn 0.44489 -0.705027 -0.552277
vt -6.85249 15.1909
vt -6.85249 8.02558
v 1.01447 2.8969 -1.48809
vt 4.44672 8.02558
f 4034/7910/634 4030/7911/634 4033/7912/634 4035/7913/634 

vt -4.44672 -8.07286
vn -0.442284 -0.70918 0.549043
vt 6.85249 -8.07286
vt 6.85249 0.194859
v 0.92104 3.04496 -1.37211
vt -4.44672 0.194859
f 4035/7914/635 4033/7915/635 4032/7916/635 4036/7917/635 

vt 6.85249 15.1909
vn -0.44489 0.705027 0.552277
vt -4.44672 15.1909
vt -4.44672 8.02558
vt 6.85249 8.02558
f 4031/7918/636 3603/7919/636 4036/7920/636 4032/7921/636 

vt -10.5718 10.9105
vn -0.778754 -1.86634e-17 -0.62733
vt -16.4351 5.08153
vt -11.3834 8.2991e-17
vt -5.52006 5.82897
f 3603/7922/637 4034/7923/637 4035/7924/637 4036/7925/637 

g Mesh68 Group33 Model

v -1.31871 3.04637 -1.40827
vt -5.33427 8.28544
vn -0.447248 -0.701225 -0.555205
v -1.09521 3.04637 -1.58832
vt -16.6335 8.28544
v -1.01515 2.91662 -1.48893
vt -16.6335 1.12009
v -1.23865 2.91662 -1.30889
vt -5.33427 1.12009
f 4037/7926/638 4038/7927/638 4039/7928/638 4040/7929/638 

vt -16.6335 -1.1388
vn -0.439899 0.71294 -0.546082
vt -5.33427 -1.1388
v -1.22479 3.19363 -1.29168
vt -5.33427 7.12891
v -1.00129 3.19363 -1.47173
vt -16.6335 7.12891
f 4038/7930/639 4037/7931/639 4041/7932/639 4042/7933/639 

vt -0.727472 10.906
vn -0.778754 3.51876e-17 0.62733
vt -6.62186 5.10847
vt -1.59733 1.877e-16
v -1.14473 3.06387 -1.19229
vt 4.29705 5.79753
f 4041/7934/640 4037/7935/640 4040/7936/640 4043/7937/640 

vt 5.33427 -1.1388
vn 0.439899 -0.71294 0.546082
vt 16.6335 -1.1388
v -0.921226 3.06387 -1.37234
vt 16.6335 7.12891
vt 5.33427 7.12891
f 4040/7938/641 4039/7939/641 4044/7940/641 4043/7941/641 

vt 6.62186 5.10847
vn 0.778754 -3.51876e-17 -0.62733
vt 0.727472 10.906
vt -4.29705 5.79753
vt 1.59733 5.85293e-16
f 4038/7942/642 4042/7943/642 4044/7944/642 4039/7945/642 

vt 16.6335 8.28544
vn 0.447248 0.701225 0.555205
vt 5.33427 8.28544
vt 5.33427 1.12009
vt 16.6335 1.12009
f 4042/7946/643 4041/7947/643 4043/7948/643 4044/7949/643 

g Mesh69 Group34 Model

usemtl Mati_re6
v -0.1125 1.24 -3.8635
vt 0 13.5827
v -0.1125 1.24 -4.1365
vt -10.748 13.5827
v -0.1125 0.895 -4.1365
vt -10.748 0
v -0.1125 0.895 -3.8635
f 4045/7950/629 4046/7951/629 4047/7952/629 4048/1/629 

v 0.1125 1.24 -3.8635
vt 8.85827 0
v 0.1125 1.24 -4.1365
vt 8.85827 10.748
vt 0 10.748
f 4045/1/627 4049/7953/627 4050/7954/627 4046/7955/627 

vt 8.85827 13.5827
v 0.1125 0.895 -3.8635
f 4049/7956/628 4045/7950/628 4048/1/628 4051/7953/628 

vt -8.85827 0
v 0.1125 0.895 -4.1365
vt -8.85827 10.748
f 4051/7957/631 4048/1/631 4047/7955/631 4052/7958/631 

vt -8.85827 13.5827
f 4046/7950/630 4050/7959/630 4052/7957/630 4047/1/630 

vt 10.748 13.5827
vt 10.748 0
f 4050/7960/4 4049/7950/4 4051/1/4 4052/7961/4 

g Mesh70 Group35 Model

usemtl Mati_re5
v 2.4375 2.3 3.0365
v 2.6625 2.3 3.0365
v 2.6625 2.3 2.7635
v 2.4375 2.3 2.7635
f 4053/1/627 4054/7953/627 4055/7954/627 4056/7955/627 

v 2.4375 1.955 3.0365
v 2.6625 1.955 3.0365
f 4054/7956/628 4053/7950/628 4057/1/628 4058/7953/628 

v 2.4375 1.955 2.7635
f 4053/7950/629 4056/7951/629 4059/7952/629 4057/1/629 

v 2.6625 1.955 2.7635
f 4056/7950/630 4055/7959/630 4060/7957/630 4059/1/630 

f 4055/7960/4 4054/7950/4 4058/1/4 4060/7961/4 

f 4058/7957/631 4057/1/631 4059/7955/631 4060/7958/631 

g Mesh71 Group36 Model

v 2.3375 2.3 -0.1365
v 2.5625 2.3 -0.1365
v 2.5625 1.955 -0.1365
v 2.3375 1.955 -0.1365
f 4061/7950/630 4062/7959/630 4063/7957/630 4064/1/630 

v 2.3375 2.3 0.1365
v 2.5625 2.3 0.1365
f 4065/1/627 4066/7953/627 4062/7954/627 4061/7955/627 

v 2.3375 1.955 0.1365
v 2.5625 1.955 0.1365
f 4066/7956/628 4065/7950/628 4067/1/628 4068/7953/628 

f 4065/7950/629 4061/7951/629 4064/7952/629 4067/1/629 

f 4068/7957/631 4067/1/631 4064/7955/631 4063/7958/631 

f 4062/7960/4 4066/7950/4 4068/1/4 4063/7961/4 

g Mesh72 Group37 Model

v 2.6625 2.3 -3.2635
v 2.4375 2.3 -3.2635
v 2.4375 1.955 -3.2635
v 2.6625 1.955 -3.2635
f 4069/7956/628 4070/7950/628 4071/1/628 4072/7953/628 

v 2.6625 2.3 -3.5365
v 2.4375 2.3 -3.5365
f 4070/1/627 4069/7953/627 4073/7954/627 4074/7955/627 

v 2.6625 1.955 -3.5365
f 4073/7960/4 4069/7950/4 4072/1/4 4075/7961/4 

v 2.4375 1.955 -3.5365
f 4072/7957/631 4071/1/631 4076/7955/631 4075/7958/631 

f 4070/7950/629 4074/7951/629 4076/7952/629 4071/1/629 

f 4074/7950/630 4073/7959/630 4075/7957/630 4076/1/630 

g Mesh73 Group38 Model

v -2.6625 2.3 -3.2635
v -2.4375 2.3 -3.2635
v -2.4375 2.3 -3.5365
v -2.6625 2.3 -3.5365
f 4077/1/627 4078/7953/627 4079/7954/627 4080/7955/627 

v -2.6625 1.955 -3.2635
v -2.4375 1.955 -3.2635
f 4078/7956/628 4077/7950/628 4081/1/628 4082/7953/628 

v -2.6625 1.955 -3.5365
f 4077/7950/629 4080/7951/629 4083/7952/629 4081/1/629 

v -2.4375 1.955 -3.5365
f 4080/7950/630 4079/7959/630 4084/7957/630 4083/1/630 

f 4079/7960/4 4078/7950/4 4082/1/4 4084/7961/4 

f 4082/7957/631 4081/1/631 4083/7955/631 4084/7958/631 

g Mesh74 Group39 Model

v -2.5625 2.3 -0.1365
v -2.3375 2.3 -0.1365
v -2.3375 1.955 -0.1365
v -2.5625 1.955 -0.1365
f 4085/7950/630 4086/7959/630 4087/7957/630 4088/1/630 

v -2.5625 2.3 0.1365
v -2.3375 2.3 0.1365
f 4089/1/627 4090/7953/627 4086/7954/627 4085/7955/627 

v -2.5625 1.955 0.1365
v -2.3375 1.955 0.1365
f 4090/7956/628 4089/7950/628 4091/1/628 4092/7953/628 

f 4089/7950/629 4085/7951/629 4088/7952/629 4091/1/629 

f 4092/7957/631 4091/1/631 4088/7955/631 4087/7958/631 

f 4086/7960/4 4090/7950/4 4092/1/4 4087/7961/4 

g Mesh75 Group40 Model

v -2.6625 2.3 3.0365
v -2.6625 2.3 2.7635
v -2.6625 1.955 2.7635
v -2.6625 1.955 3.0365
f 4093/7950/629 4094/7951/629 4095/7952/629 4096/1/629 

v -2.4375 2.3 3.0365
v -2.4375 2.3 2.7635
f 4093/1/627 4097/7953/627 4098/7954/627 4094/7955/627 

v -2.4375 1.955 3.0365
f 4097/7956/628 4093/7950/628 4096/1/628 4099/7953/628 

v -2.4375 1.955 2.7635
f 4099/7957/631 4096/1/631 4095/7955/631 4100/7958/631 

f 4094/7950/630 4098/7959/630 4100/7957/630 4095/1/630 

f 4098/7960/4 4097/7950/4 4099/1/4 4100/7961/4 

g Mesh76 Group41 Model

v 0.1125 1.955 -4.3635
v -0.1125 1.955 -4.3635
v -0.1125 1.955 -4.6365
v 0.1125 1.955 -4.6365
f 4101/7957/631 4102/1/631 4103/7955/631 4104/7958/631 

v 0.1125 2.3 -4.3635
v -0.1125 2.3 -4.3635
f 4105/7956/628 4106/7950/628 4102/1/628 4101/7953/628 

v 0.1125 2.3 -4.6365
v -0.1125 2.3 -4.6365
f 4106/1/627 4105/7953/627 4107/7954/627 4108/7955/627 

f 4107/7960/4 4105/7950/4 4101/1/4 4104/7961/4 

f 4108/7950/630 4107/7959/630 4104/7957/630 4103/1/630 

f 4106/7950/629 4108/7951/629 4103/7952/629 4102/1/629 

g Mesh77 Group42 Model

v 0.1125 2.3 4.2365
v -0.1125 2.3 4.2365
v -0.1125 1.955 4.2365
v 0.1125 1.955 4.2365
f 4109/7956/628 4110/7950/628 4111/1/628 4112/7953/628 

v 0.1125 2.3 3.9635
v -0.1125 2.3 3.9635
f 4110/1/627 4109/7953/627 4113/7954/627 4114/7955/627 

v 0.1125 1.955 3.9635
f 4113/7960/4 4109/7950/4 4112/1/4 4115/7961/4 

v -0.1125 1.955 3.9635
f 4112/7957/631 4111/1/631 4116/7955/631 4115/7958/631 

f 4110/7950/629 4114/7951/629 4116/7952/629 4111/1/629 

f 4114/7950/630 4113/7959/630 4115/7957/630 4116/1/630 

g Mesh78 Group43 Model

usemtl Mati_re8
v -2.165 0.0125 -3.32
vt -18.5039 0
v -2.635 0.0125 -3.32
v -2.635 0.0125 -3.88
vt 0 22.0472
v -2.165 0.0125 -3.88
vt -18.5039 22.0472
f 4117/7962/631 4118/1/631 4119/7963/631 4120/7964/631 

v -2.165 0.7475 -3.32
vt 18.5039 28.937
v -2.635 0.7475 -3.32
vt 0 28.937
vt 18.5039 0
f 4121/7965/628 4122/7966/628 4118/1/628 4117/7967/628 

v -2.165 0.7475 -3.88
vt 18.5039 22.0472
v -2.635 0.7475 -3.88
f 4122/1/627 4121/7967/627 4123/7968/627 4124/7963/627 

vt 22.0472 28.937
vt 22.0472 0
f 4123/7969/4 4121/7966/4 4117/1/4 4120/7970/4 

vt -18.5039 28.937
f 4124/7966/630 4123/7971/630 4120/7962/630 4119/1/630 

vt -22.0472 28.937
vt -22.0472 0
f 4122/7966/629 4124/7972/629 4119/7973/629 4118/1/629 

g Mesh79 Group44 Model

v 2.165 0.7475 -3.88
v 2.635 0.7475 -3.88
v 2.635 0.0125 -3.88
v 2.165 0.0125 -3.88
f 4125/7966/630 4126/7971/630 4127/7962/630 4128/1/630 

v 2.165 0.7475 -3.32
v 2.635 0.7475 -3.32
f 4129/1/627 4130/7967/627 4126/7968/627 4125/7963/627 

v 2.165 0.0125 -3.32
v 2.635 0.0125 -3.32
f 4130/7965/628 4129/7966/628 4131/1/628 4132/7967/628 

f 4129/7966/629 4125/7972/629 4128/7973/629 4131/1/629 

f 4132/7962/631 4131/1/631 4128/7963/631 4127/7964/631 

f 4126/7969/4 4130/7966/4 4132/1/4 4127/7970/4 

g Mesh80 Group45 Model

usemtl Mati_re9
v -2.1125 0.4 1.6365
v -1.8875 0.4 1.6365
v -1.8875 0.4 1.3635
v -2.1125 0.4 1.3635
f 4133/1/627 4134/7953/627 4135/7954/627 4136/7955/627 

v -2.1125 0.055 1.6365
v -1.8875 0.055 1.6365
f 4134/7956/628 4133/7950/628 4137/1/628 4138/7953/628 

v -2.1125 0.055 1.3635
f 4133/7950/629 4136/7951/629 4139/7952/629 4137/1/629 

v -1.8875 0.055 1.3635
f 4136/7950/630 4135/7959/630 4140/7957/630 4139/1/630 

f 4135/7960/4 4134/7950/4 4138/1/4 4140/7961/4 

f 4138/7957/631 4137/1/631 4139/7955/631 4140/7958/631 

g Mesh81 Group46 Model

v -1.8875 0.055 -1.3635
v -2.1125 0.055 -1.3635
v -2.1125 0.055 -1.6365
v -1.8875 0.055 -1.6365
f 4141/7957/631 4142/1/631 4143/7955/631 4144/7958/631 

v -1.8875 0.4 -1.3635
v -2.1125 0.4 -1.3635
f 4145/7956/628 4146/7950/628 4142/1/628 4141/7953/628 

v -1.8875 0.4 -1.6365
v -2.1125 0.4 -1.6365
f 4146/1/627 4145/7953/627 4147/7954/627 4148/7955/627 

f 4147/7960/4 4145/7950/4 4141/1/4 4144/7961/4 

f 4148/7950/630 4147/7959/630 4144/7957/630 4143/1/630 

f 4146/7950/629 4148/7951/629 4143/7952/629 4142/1/629 

g Mesh82 Group47 Model

v 2.1125 0.055 -1.3635
v 1.8875 0.055 -1.3635
v 1.8875 0.055 -1.6365
v 2.1125 0.055 -1.6365
f 4149/7957/631 4150/1/631 4151/7955/631 4152/7958/631 

v 2.1125 0.4 -1.3635
v 1.8875 0.4 -1.3635
f 4153/7956/628 4154/7950/628 4150/1/628 4149/7953/628 

v 2.1125 0.4 -1.6365
v 1.8875 0.4 -1.6365
f 4154/1/627 4153/7953/627 4155/7954/627 4156/7955/627 

f 4155/7960/4 4153/7950/4 4149/1/4 4152/7961/4 

f 4156/7950/630 4155/7959/630 4152/7957/630 4151/1/630 

f 4154/7950/629 4156/7951/629 4151/7952/629 4150/1/629 

g Mesh83 Group48 Model

v 2.1125 0.055 1.6365
v 1.8875 0.055 1.6365
v 1.8875 0.055 1.3635
v 2.1125 0.055 1.3635
f 4157/7957/631 4158/1/631 4159/7955/631 4160/7958/631 

v 2.1125 0.4 1.6365
v 1.8875 0.4 1.6365
f 4161/7956/628 4162/7950/628 4158/1/628 4157/7953/628 

v 2.1125 0.4 1.3635
v 1.8875 0.4 1.3635
f 4162/1/627 4161/7953/627 4163/7954/627 4164/7955/627 

f 4163/7960/4 4161/7950/4 4157/1/4 4160/7961/4 

f 4164/7950/630 4163/7959/630 4160/7957/630 4159/1/630 

f 4162/7950/629 4164/7951/629 4159/7952/629 4158/1/629 

g Mesh84 Group49 Model

usemtl Mati_re13
v 2.3575 1.24 2.7635
v 2.5825 1.24 2.7635
v 2.5825 0.895 2.7635
v 2.3575 0.895 2.7635
f 4165/7950/630 4166/7959/630 4167/7957/630 4168/1/630 

v 2.3575 1.24 3.0365
v 2.5825 1.24 3.0365
f 4169/1/627 4170/7953/627 4166/7954/627 4165/7955/627 

v 2.3575 0.895 3.0365
v 2.5825 0.895 3.0365
f 4170/7956/628 4169/7950/628 4171/1/628 4172/7953/628 

f 4169/7950/629 4165/7951/629 4168/7952/629 4171/1/629 

f 4172/7957/631 4171/1/631 4168/7955/631 4167/7958/631 

f 4166/7960/4 4170/7950/4 4172/1/4 4167/7961/4 

g Mesh85 Group50 Model

v 2.5625 1.24 -0.1365
v 2.5625 1.24 0.1365
v 2.5625 0.895 0.1365
v 2.5625 0.895 -0.1365
f 4173/7960/4 4174/7950/4 4175/1/4 4176/7961/4 

v 2.3375 1.24 0.1365
v 2.3375 1.24 -0.1365
f 4177/1/627 4174/7953/627 4173/7954/627 4178/7955/627 

v 2.3375 0.895 0.1365
f 4174/7956/628 4177/7950/628 4179/1/628 4175/7953/628 

v 2.3375 0.895 -0.1365
f 4177/7950/629 4178/7951/629 4180/7952/629 4179/1/629 

f 4178/7950/630 4173/7959/630 4176/7957/630 4180/1/630 

f 4175/7957/631 4179/1/631 4180/7955/631 4176/7958/631 

g Mesh86 Group51 Model

v 2.6625 1.24 -3.1535
v 2.4375 1.24 -3.1535
v 2.4375 0.895 -3.1535
v 2.6625 0.895 -3.1535
f 4181/7956/628 4182/7950/628 4183/1/628 4184/7953/628 

v 2.6625 1.24 -3.4265
v 2.4375 1.24 -3.4265
f 4182/1/627 4181/7953/627 4185/7954/627 4186/7955/627 

v 2.6625 0.895 -3.4265
f 4185/7960/4 4181/7950/4 4184/1/4 4187/7961/4 

v 2.4375 0.895 -3.4265
f 4184/7957/631 4183/1/631 4188/7955/631 4187/7958/631 

f 4182/7950/629 4186/7951/629 4188/7952/629 4183/1/629 

f 4186/7950/630 4185/7959/630 4187/7957/630 4188/1/630 

g Mesh87 Group52 Model

v -2.4375 0.895 -3.1535
v -2.6625 0.895 -3.1535
v -2.6625 0.895 -3.4265
v -2.4375 0.895 -3.4265
f 4189/7957/631 4190/1/631 4191/7955/631 4192/7958/631 

v -2.4375 1.24 -3.1535
v -2.6625 1.24 -3.1535
f 4193/7956/628 4194/7950/628 4190/1/628 4189/7953/628 

v -2.4375 1.24 -3.4265
v -2.6625 1.24 -3.4265
f 4194/1/627 4193/7953/627 4195/7954/627 4196/7955/627 

f 4195/7960/4 4193/7950/4 4189/1/4 4192/7961/4 

f 4196/7950/630 4195/7959/630 4192/7957/630 4191/1/630 

f 4194/7950/629 4196/7951/629 4191/7952/629 4190/1/629 

g Mesh88 Group53 Model

v -2.5125 1.24 0.1365
v -2.2875 1.24 0.1365
v -2.2875 1.24 -0.1365
v -2.5125 1.24 -0.1365
f 4197/1/627 4198/7953/627 4199/7954/627 4200/7955/627 

v -2.5125 0.895 0.1365
v -2.2875 0.895 0.1365
f 4198/7956/628 4197/7950/628 4201/1/628 4202/7953/628 

v -2.5125 0.895 -0.1365
f 4197/7950/629 4200/7951/629 4203/7952/629 4201/1/629 

v -2.2875 0.895 -0.1365
f 4200/7950/630 4199/7959/630 4204/7957/630 4203/1/630 

f 4199/7960/4 4198/7950/4 4202/1/4 4204/7961/4 

f 4202/7957/631 4201/1/631 4203/7955/631 4204/7958/631 

g Mesh89 Group54 Model

v -2.5825 1.24 2.7635
v -2.3575 1.24 2.7635
v -2.3575 0.895 2.7635
v -2.5825 0.895 2.7635
f 4205/7950/630 4206/7959/630 4207/7957/630 4208/1/630 

v -2.5825 1.24 3.0365
v -2.3575 1.24 3.0365
f 4209/1/627 4210/7953/627 4206/7954/627 4205/7955/627 

v -2.5825 0.895 3.0365
v -2.3575 0.895 3.0365
f 4210/7956/628 4209/7950/628 4211/1/628 4212/7953/628 

f 4209/7950/629 4205/7951/629 4208/7952/629 4211/1/629 

f 4212/7957/631 4211/1/631 4208/7955/631 4207/7958/631 

f 4206/7960/4 4210/7950/4 4212/1/4 4207/7961/4 

g Mesh90 Model

usemtl Fond_Gris16
v 2.7 0 5.2
vt -106.299 -204.724
v -2.7 0 5.2
vt 106.299 -204.724
v -2.7 0 -5.2
vt 106.299 204.724
v 2.7 0 -5.2
vt -106.299 204.724
f 4213/7974/631 4214/7975/631 4215/7976/631 4216/7977/631 

g Mesh91 Model

usemtl Mati_re7
v -1.35 2.3 -3.5135
vt -53.1496 90.5512
v -1.9125 2.3 -3.5135
vt -75.2953 90.5512
v -1.9125 1.955 -3.5135
vt -75.2953 76.9685
v -1.35 1.955 -3.5135
vt -53.1496 76.9685
f 4217/7978/628 4218/7979/628 4219/7980/628 4220/7981/628 

vt -75.2953 138.327
vt -53.1496 138.327
v -1.35 2.3 -3.7865
vt -53.1496 149.075
v -1.9125 2.3 -3.7865
vt -75.2953 149.075
f 4218/7982/627 4217/7983/627 4221/7984/627 4222/7985/627 

vt 149.075 90.5512
vt 138.327 90.5512
vt 138.327 76.9685
v -1.35 1.955 -3.7865
vt 149.075 76.9685
f 4221/7986/4 4217/7987/4 4220/7988/4 4223/7989/4 

vt 53.1496 138.327
vt 75.2953 138.327
v -1.9125 1.955 -3.7865
vt 75.2953 149.075
vt 53.1496 149.075
f 4220/7990/631 4219/7991/631 4224/7992/631 4223/7993/631 

vt -138.327 90.5512
vt -149.075 90.5512
vt -149.075 76.9685
vt -138.327 76.9685
f 4218/7994/629 4222/7995/629 4224/7996/629 4219/7997/629 

vt 75.2953 90.5512
vt 53.1496 90.5512
vt 53.1496 76.9685
vt 75.2953 76.9685
f 4222/7998/630 4221/7999/630 4223/8000/630 4224/8001/630 

g Mesh92 Model

v 1.35 2.3 -3.5135
v 1.9125 2.3 -3.5135
v 1.9125 2.3 -3.7865
v 1.35 2.3 -3.7865
f 4225/7990/627 4226/7991/627 4227/7992/627 4228/7993/627 

v 1.35 1.955 -3.5135
v 1.9125 1.955 -3.5135
f 4226/7998/628 4225/7999/628 4229/8000/628 4230/8001/628 

v 1.35 1.955 -3.7865
f 4225/7994/629 4228/7995/629 4231/7996/629 4229/7997/629 

v 1.9125 1.955 -3.7865
f 4228/7978/630 4227/7979/630 4232/7980/630 4231/7981/630 

f 4227/7986/4 4226/7987/4 4230/7988/4 4232/7989/4 

f 4230/7982/631 4229/7983/631 4231/7984/631 4232/7985/631 

